date,ticker,close,volume
2018-01-02,AAPL,40.23237228393555,102223600
2018-01-03,AAPL,40.22537612915039,118071600
2018-01-04,AAPL,40.41221618652344,89738400
2018-01-05,AAPL,40.872310638427734,94640000
2018-01-08,AAPL,40.72052001953125,82271200
2018-01-09,AAPL,40.71583557128906,86336000
2018-01-10,AAPL,40.70649719238281,95839600
2018-01-11,AAPL,40.937713623046875,74670800
2018-01-12,AAPL,41.360443115234375,101672400
2018-01-16,AAPL,41.15025329589844,118263600
2018-01-17,AAPL,41.82990646362305,137547200
2018-01-18,AAPL,41.86726379394531,124773600
2018-01-19,AAPL,41.6804313659668,129700400
2018-01-22,AAPL,41.33942794799805,108434400
2018-01-23,AAPL,41.34877395629883,130756400
2018-01-24,AAPL,40.69014358520508,204420400
2018-01-25,AAPL,39.96379852294922,166116000
2018-01-26,AAPL,40.05720901489258,156572000
2018-01-29,AAPL,39.22808837890625,202561600
2018-01-30,AAPL,38.99685287475586,184192800
2018-01-31,AAPL,39.104305267333984,129915600
2018-02-01,AAPL,39.18604278564453,188923200
2018-02-02,AAPL,37.48577117919922,346375200
2018-02-05,AAPL,36.54920959472656,290954000
2018-02-06,AAPL,38.07665252685547,272975200
2018-02-07,AAPL,37.261539459228516,206434400
2018-02-08,AAPL,36.23622512817383,217562000
2018-02-09,AAPL,36.679439544677734,282690400
2018-02-12,AAPL,38.156856536865234,243278000
2018-02-13,AAPL,38.53910446166992,130196800
2018-02-14,AAPL,39.249664306640625,162579600
2018-02-15,AAPL,40.567596435546875,204588800
2018-02-16,AAPL,40.43626403808594,160704400
2018-02-20,AAPL,40.30026626586914,135722000
2018-02-21,AAPL,40.11734390258789,149886400
2018-02-22,AAPL,40.45269775390625,123967600
2018-02-23,AAPL,41.156211853027344,135249600
2018-02-26,AAPL,41.9699592590332,152648800
2018-02-27,AAPL,41.833946228027344,155712400
2018-02-28,AAPL,41.7706298828125,151128400
2018-03-01,AAPL,41.038970947265625,195208000
2018-03-02,AAPL,41.32271957397461,153816000
2018-03-05,AAPL,41.46577835083008,113605600
2018-03-06,AAPL,41.43059158325195,95154000
2018-03-07,AAPL,41.04601287841797,126814000
2018-03-08,AAPL,41.49391555786133,95096400
2018-03-09,AAPL,42.206809997558594,128740800
2018-03-12,AAPL,42.61486053466797,128828400
2018-03-13,AAPL,42.204471588134766,126774000
2018-03-14,AAPL,41.84567642211914,117473600
2018-03-15,AAPL,41.894927978515625,90975200
2018-03-16,AAPL,41.7471809387207,157618800
2018-03-19,AAPL,41.109317779541016,133787200
2018-03-20,AAPL,41.09524917602539,78597600
2018-03-21,AAPL,40.16425704956055,148219600
2018-03-22,AAPL,39.596744537353516,165963200
2018-03-23,AAPL,38.679813385009766,164115200
2018-03-26,AAPL,40.51601028442383,150164800
2018-03-27,AAPL,39.47713851928711,163690400
2018-03-28,AAPL,39.04094696044922,166674000
2018-03-29,AAPL,39.3458137512207,153594000
2018-04-02,AAPL,39.087860107421875,150347200
2018-04-03,AAPL,39.488861083984375,121112000
2018-04-04,AAPL,40.243980407714844,138422000
2018-04-05,AAPL,40.52305603027344,107732800
2018-04-06,AAPL,39.48651123046875,140021200
2018-04-09,AAPL,39.87815475463867,116070800
2018-04-10,AAPL,40.628578186035156,113634400
2018-04-11,AAPL,40.43863296508789,89726400
2018-04-12,AAPL,40.8372917175293,91557200
2018-04-13,AAPL,40.975650787353516,100497200
2018-04-16,AAPL,41.231266021728516,86313600
2018-04-17,AAPL,41.79877471923828,106421600
2018-04-18,AAPL,41.70496368408203,83018000
2018-04-19,AAPL,40.52305603027344,139235200
2018-04-20,AAPL,38.86272430419922,261964400
2018-04-23,AAPL,38.750160217285156,146062000
2018-04-24,AAPL,38.21080017089844,134768000
2018-04-25,AAPL,38.377281188964844,113528400
2018-04-26,AAPL,38.510955810546875,111852000
2018-04-27,AAPL,38.065399169921875,142623200
2018-04-30,AAPL,38.754844665527344,169709600
2018-05-01,AAPL,39.65536117553711,214277600
2018-05-02,AAPL,41.40715026855469,266157600
2018-05-03,AAPL,41.482200622558594,136272800
2018-05-04,AAPL,43.10966110229492,224805200
2018-05-07,AAPL,43.42157745361328,169805600
2018-05-08,AAPL,43.63029098510742,113611200
2018-05-09,AAPL,43.9375,92844800
2018-05-10,AAPL,44.56596755981445,111957200
2018-05-11,AAPL,44.396461486816406,104848800
2018-05-14,AAPL,44.29288101196289,83115200
2018-05-15,AAPL,43.890342712402344,94780800
2018-05-16,AAPL,44.29994583129883,76732400
2018-05-17,AAPL,44.019805908203125,69176000
2018-05-18,AAPL,43.85972213745117,73190800
2018-05-21,AAPL,44.17048263549805,73603200
2018-05-22,AAPL,44.0598258972168,60962800
2018-05-23,AAPL,44.34233093261719,80233600
2018-05-24,AAPL,44.29288101196289,92936000
2018-05-25,AAPL,44.39411163330078,69844000
2018-05-29,AAPL,44.234046936035156,90056400
2018-05-30,AAPL,44.139869689941406,74762000
2018-05-31,AAPL,43.99156951904297,109931200
2018-06-01,AAPL,44.78490447998047,93770000
2018-06-04,AAPL,45.159210205078125,105064800
2018-06-05,AAPL,45.50761795043945,86264000
2018-06-06,AAPL,45.66534423828125,83734400
2018-06-07,AAPL,45.54291915893555,85388800
2018-06-08,AAPL,45.12860870361328,106627200
2018-06-11,AAPL,45.01796340942383,73234000
2018-06-12,AAPL,45.265140533447266,67644400
2018-06-13,AAPL,44.8931884765625,86553600
2018-06-14,AAPL,44.916725158691406,86440400
2018-06-15,AAPL,44.455322265625,246876800
2018-06-18,AAPL,44.43177795410156,73939600
2018-06-19,AAPL,43.71377944946289,134314000
2018-06-20,AAPL,43.904457092285156,82514800
2018-06-21,AAPL,43.65963363647461,102847600
2018-06-22,AAPL,43.532508850097656,108801600
2018-06-25,AAPL,42.8851203918457,126652400
2018-06-26,AAPL,43.41715621948242,98276800
2018-06-27,AAPL,43.35358810424805,101141200
2018-06-28,AAPL,43.669036865234375,69460800
2018-06-29,AAPL,43.57723617553711,90950800
2018-07-02,AAPL,44.06454849243164,70925200
2018-07-03,AAPL,43.29710388183594,55819200
2018-07-05,AAPL,43.6455078125,66416800
2018-07-06,AAPL,44.25051498413086,69940800
2018-07-09,AAPL,44.86494445800781,79026400
2018-07-10,AAPL,44.810787200927734,63756400
2018-07-11,AAPL,44.22932815551758,75326000
2018-07-12,AAPL,44.97087860107422,72164400
2018-07-13,AAPL,45.041507720947266,50055600
2018-07-16,AAPL,44.942630767822266,60172400
2018-07-17,AAPL,45.06974792480469,62138000
2018-07-18,AAPL,44.82257080078125,65573600
2018-07-19,AAPL,45.17098617553711,81147200
2018-07-20,AAPL,45.06740951538086,82704800
2018-07-23,AAPL,45.107425689697266,63957600
2018-07-24,AAPL,45.434654235839844,74791600
2018-07-25,AAPL,45.863094329833984,66839600
2018-07-26,AAPL,45.7194938659668,76304000
2018-07-27,AAPL,44.959102630615234,96096000
2018-07-30,AAPL,44.70722579956055,84118000
2018-07-31,AAPL,44.79665756225586,157492000
2018-08-01,AAPL,47.43564987182617,271742800
2018-08-02,AAPL,48.82223129272461,249616000
2018-08-03,AAPL,48.96348190307617,133789600
2018-08-06,AAPL,49.21772384643555,101701600
2018-08-07,AAPL,48.756317138671875,102349600
2018-08-08,AAPL,48.789276123046875,90102000
2018-08-09,AAPL,49.1729850769043,93970400
2018-08-10,AAPL,49.026527404785156,98444800
2018-08-13,AAPL,49.343082427978516,103563600
2018-08-14,AAPL,49.55096435546875,82992000
2018-08-15,AAPL,49.6667366027832,115230400
2018-08-16,AAPL,50.39435577392578,114001600
2018-08-17,AAPL,51.40072250366211,141708000
2018-08-20,AAPL,50.89990234375,121150800
2018-08-21,AAPL,50.80066680908203,104639200
2018-08-22,AAPL,50.80303955078125,76072400
2018-08-23,AAPL,50.90699005126953,75532800
2018-08-24,AAPL,51.06525421142578,73905600
2018-08-27,AAPL,51.48576736450195,82100400
2018-08-28,AAPL,51.90154266357422,91107200
2018-08-29,AAPL,52.6764030456543,109019200
2018-08-30,AAPL,53.160709381103516,195175200
2018-08-31,AAPL,53.77491760253906,173360400
2018-09-04,AAPL,53.94736862182617,109560400
2018-09-05,AAPL,53.59537887573242,133332000
2018-09-06,AAPL,52.70475387573242,137160000
2018-09-07,AAPL,52.27952575683594,150479200
2018-09-10,AAPL,51.577903747558594,158066000
2018-09-11,AAPL,52.881935119628906,142996000
2018-09-12,AAPL,52.22520446777344,197114800
2018-09-13,AAPL,53.48670196533203,166825600
2018-09-14,AAPL,52.87958908081055,127997200
2018-09-17,AAPL,51.471595764160156,148780400
2018-09-18,AAPL,51.556640625,126286800
2018-09-19,AAPL,51.58735275268555,108495200
2018-09-20,AAPL,51.97949981689453,106435200
2018-09-21,AAPL,51.41963195800781,384986800
2018-09-24,AAPL,52.1590576171875,110773600
2018-09-25,AAPL,52.48978042602539,98217600
2018-09-26,AAPL,52.0716438293457,95938800
2018-09-27,AAPL,53.14180374145508,120724800
2018-09-28,AAPL,53.32842254638672,91717600
2018-10-01,AAPL,53.687503814697266,94403200
2018-10-02,AAPL,54.16470718383789,99152800
2018-10-03,AAPL,54.823814392089844,114619200
2018-10-04,AAPL,53.85996627807617,128168000
2018-10-05,AAPL,52.98587417602539,134322000
2018-10-08,AAPL,52.86304473876953,118655600
2018-10-09,AAPL,53.59537887573242,107564000
2018-10-10,AAPL,51.11252212524414,167962400
2018-10-11,AAPL,50.66128158569336,212497600
2018-10-12,AAPL,52.47087478637695,161351600
2018-10-15,AAPL,51.34874725341797,123164000
2018-10-16,AAPL,52.48033142089844,116736000
2018-10-17,AAPL,52.2535400390625,91541600
2018-10-18,AAPL,51.03219223022461,130325200
2018-10-19,AAPL,51.80941390991211,132314800
2018-10-22,AAPL,52.125972747802734,115168400
2018-10-23,AAPL,52.61735153198242,155071200
2018-10-24,AAPL,50.8124885559082,163702000
2018-10-25,AAPL,51.925167083740234,119423200
2018-10-26,AAPL,51.09833908081055,189033600
2018-10-29,AAPL,50.13921356201172,183742000
2018-10-30,AAPL,50.38962173461914,146640000
2018-10-31,AAPL,51.70310592651367,153435600
2018-11-01,AAPL,52.496856689453125,233292800
2018-11-02,AAPL,49.014705657958984,365314800
2018-11-05,AAPL,47.623268127441406,264654800
2018-11-06,AAPL,48.138275146484375,127531600
2018-11-07,AAPL,49.598228454589844,133697600
2018-11-08,AAPL,49.425167083740234,101450400
2018-11-09,AAPL,48.47218322753906,137463200
2018-11-12,AAPL,46.03043746948242,204542000
2018-11-13,AAPL,45.570533752441406,187531600
2018-11-14,AAPL,44.28327560424805,243204000
2018-11-15,AAPL,45.37614822387695,185915200
2018-11-16,AAPL,45.87870788574219,147713200
2018-11-19,AAPL,44.06045150756836,167701200
2018-11-20,AAPL,41.95532989501953,271300800
2018-11-21,AAPL,41.90791702270508,124496800
2018-11-23,AAPL,40.843509674072266,94496000
2018-11-26,AAPL,41.39585876464844,179994000
2018-11-27,AAPL,41.30577850341797,165549600
2018-11-28,AAPL,42.894100189208984,184250000
2018-11-29,AAPL,42.5645751953125,167080000
2018-11-30,AAPL,42.33463668823242,158126000
2018-12-03,AAPL,43.81389617919922,163210000
2018-12-04,AAPL,41.88657760620117,165377200
2018-12-06,AAPL,41.41957092285156,172393600
2018-12-07,AAPL,39.94267272949219,169126400
2018-12-10,AAPL,40.20581817626953,248104000
2018-12-11,AAPL,39.975852966308594,189126800
2018-12-12,AAPL,40.08727264404297,142510800
2018-12-13,AAPL,40.52585220336914,127594400
2018-12-14,AAPL,39.22910690307617,162814800
2018-12-17,AAPL,38.86404037475586,177151600
2018-12-18,AAPL,39.36897659301758,135366000
2018-12-19,AAPL,38.14099884033203,196189200
2018-12-20,AAPL,37.17851257324219,259092000
2018-12-21,AAPL,35.7324333190918,382978400
2018-12-24,AAPL,34.80789566040039,148676800
2018-12-26,AAPL,37.25912094116211,234330000
2018-12-27,AAPL,37.0173225402832,212468400
2018-12-28,AAPL,37.03628158569336,169165600
2018-12-31,AAPL,37.39424133300781,140014000
2019-01-02,AAPL,37.43691635131836,148158800
2019-01-03,AAPL,33.70791244506836,365248800
2019-01-04,AAPL,35.14689254760742,234428400
2019-01-07,AAPL,35.068660736083984,219111200
2019-01-08,AAPL,35.7371826171875,164101200
2019-01-09,AAPL,36.34406661987305,180396400
2019-01-10,AAPL,36.46022033691406,143122800
2019-01-11,AAPL,36.10224914550781,108092800
2019-01-14,AAPL,35.55937957763672,129756800
2019-01-15,AAPL,36.28716278076172,114843600
2019-01-16,AAPL,36.73047637939453,122278800
2019-01-17,AAPL,36.94856262207031,119284800
2019-01-18,AAPL,37.17615509033203,135004000
2019-01-22,AAPL,36.34169006347656,121576000
2019-01-23,AAPL,36.48867416381836,92522400
2019-01-24,AAPL,36.19943618774414,101766000
2019-01-25,AAPL,37.398990631103516,134142000
2019-01-28,AAPL,37.05287551879883,104768400
2019-01-29,AAPL,36.6688346862793,166348800
2019-01-30,AAPL,39.17457580566406,244439200
2019-01-31,AAPL,39.456687927246094,162958400
2019-02-01,AAPL,39.475650787353516,130672400
2019-02-04,AAPL,40.596946716308594,125982000
2019-02-05,AAPL,41.291542053222656,144406400
2019-02-06,AAPL,41.30577850341797,112958400
2019-02-07,AAPL,40.52347183227539,126966800
2019-02-08,AAPL,40.57107925415039,95280000
2019-02-11,AAPL,40.337764739990234,83973600
2019-02-12,AAPL,40.68536376953125,89134000
2019-02-13,AAPL,40.51631546020508,89960800
2019-02-14,AAPL,40.6639404296875,87342800
2019-02-15,AAPL,40.57347106933594,98507200
2019-02-19,AAPL,40.69488525390625,75891200
2019-02-20,AAPL,40.95676803588867,104457600
2019-02-21,AAPL,40.72584533691406,68998800
2019-02-22,AAPL,41.180564880371094,75652800
2019-02-25,AAPL,41.48054885864258,87493600
2019-02-26,AAPL,41.50434494018555,68280800
2019-02-27,AAPL,41.63291549682617,111341600
2019-02-28,AAPL,41.223419189453125,112861600
2019-03-01,AAPL,41.65671920776367,103544800
2019-03-04,AAPL,41.86623764038086,109744800
2019-03-05,AAPL,41.790061950683594,78949600
2019-03-06,AAPL,41.54957962036133,83241600
2019-03-07,AAPL,41.06867218017578,99185600
2019-03-08,AAPL,41.16627883911133,95997600
2019-03-11,AAPL,42.592369079589844,128044000
2019-03-12,AAPL,43.07091522216797,129870400
2019-03-13,AAPL,43.26138687133789,124130000
2019-03-14,AAPL,43.74230194091797,94318000
2019-03-15,AAPL,44.311309814453125,156171600
2019-03-18,AAPL,44.76365661621094,104879200
2019-03-19,AAPL,44.40892028808594,126585600
2019-03-20,AAPL,44.7969970703125,124140800
2019-03-21,AAPL,46.4468879699707,204136800
2019-03-22,AAPL,45.48503112792969,169630800
2019-03-25,AAPL,44.93508529663086,175381200
2019-03-26,AAPL,44.47081756591797,199202000
2019-03-27,AAPL,44.87080383300781,119393600
2019-03-28,AAPL,44.930320739746094,83121600
2019-03-29,AAPL,45.2231559753418,94256000
2019-04-01,AAPL,45.530277252197266,111448000
2019-04-02,AAPL,46.1921501159668,91062800
2019-04-03,AAPL,46.50878143310547,93087200
2019-04-04,AAPL,46.5897331237793,76457200
2019-04-05,AAPL,46.90161895751953,74106400
2019-04-08,AAPL,47.6396598815918,103526800
2019-04-09,AAPL,47.4968147277832,143072800
2019-04-10,AAPL,47.76345443725586,86781200
2019-04-11,AAPL,47.36586380004883,83603200
2019-04-12,AAPL,47.34682846069336,111042800
2019-04-15,AAPL,47.432525634765625,70146400
2019-04-16,AAPL,47.43728256225586,102785600
2019-04-17,AAPL,48.36104202270508,115627200
2019-04-18,AAPL,48.53483581542969,96783200
2019-04-22,AAPL,48.69435119628906,77758000
2019-04-23,AAPL,49.396690368652344,93292000
2019-04-24,AAPL,49.32049560546875,70162400
2019-04-25,AAPL,48.8729133605957,74172800
2019-04-26,AAPL,48.63958740234375,74596400
2019-04-29,AAPL,48.71340560913086,88818800
2019-04-30,AAPL,47.77537155151367,186139600
2019-05-01,AAPL,50.12044906616211,259309200
2019-05-02,AAPL,49.79427719116211,127985200
2019-05-03,AAPL,50.41328430175781,83569600
2019-05-06,AAPL,49.634765625,129772400
2019-05-07,AAPL,48.2967529296875,155054800
2019-05-08,AAPL,48.3062858581543,105358000
2019-05-09,AAPL,47.787269592285156,139634400
2019-05-10,AAPL,47.12525177001953,164834800
2019-05-13,AAPL,44.3863525390625,229722400
2019-05-14,AAPL,45.089012145996094,146118800
2019-05-15,AAPL,45.629119873046875,106178800
2019-05-16,AAPL,45.428367614746094,132125600
2019-05-17,AAPL,45.17026138305664,131516400
2019-05-20,AAPL,43.75779342651367,154449200
2019-05-21,AAPL,44.59667205810547,113459200
2019-05-22,AAPL,43.683712005615234,118994400
2019-05-23,AAPL,42.938045501708984,146118800
2019-05-24,AAPL,42.77313232421875,94858800
2019-05-28,AAPL,42.59627914428711,111792800
2019-05-29,AAPL,42.393131256103516,113924800
2019-05-30,AAPL,42.612998962402344,84873600
2019-05-31,AAPL,41.84105682373047,108174400
2019-06-03,AAPL,41.41801834106445,161584400
2019-06-04,AAPL,42.93325424194336,123872000
2019-06-05,AAPL,43.62635040283203,119093600
2019-06-06,AAPL,44.2668571472168,90105200
2019-06-07,AAPL,45.445125579833984,122737600
2019-06-10,AAPL,46.025856018066406,104883600
2019-06-11,AAPL,46.55883026123047,107731600
2019-06-12,AAPL,46.41064453125,73012800
2019-06-13,AAPL,46.40109634399414,86698400
2019-06-14,AAPL,46.06411361694336,75046000
2019-06-17,AAPL,46.33895492553711,58676400
2019-06-18,AAPL,47.42879104614258,106204000
2019-06-19,AAPL,47.2901496887207,84496800
2019-06-20,AAPL,47.67017364501953,86056000
2019-06-21,AAPL,47.50764083862305,191202400
2019-06-24,AAPL,47.459842681884766,72881600
2019-06-25,AAPL,46.74047088623047,84281200
2019-06-26,AAPL,47.75142288208008,104270000
2019-06-27,AAPL,47.737091064453125,83598800
2019-06-28,AAPL,47.30210494995117,124442400
2019-07-01,AAPL,48.16966247558594,109012000
2019-07-02,AAPL,48.45167922973633,67740800
2019-07-03,AAPL,48.85319519042969,45448000
2019-07-05,AAPL,48.8101692199707,69062000
2019-07-08,AAPL,47.80400466918945,101354400
2019-07-09,AAPL,48.095577239990234,82312000
2019-07-10,AAPL,48.57118225097656,71588400
2019-07-11,AAPL,48.21745300292969,80767200
2019-07-12,AAPL,48.587921142578125,70380800
2019-07-15,AAPL,49.04438018798828,67789600
2019-07-16,AAPL,48.87470626831055,67467200
2019-07-17,AAPL,48.599857330322266,56430000
2019-07-18,AAPL,49.151939392089844,74162400
2019-07-19,AAPL,48.418216705322266,83717200
2019-07-22,AAPL,49.524776458740234,89111600
2019-07-23,AAPL,49.91193771362305,73420800
2019-07-24,AAPL,49.87131881713867,59966400
2019-07-25,AAPL,49.47698211669922,55638400
2019-07-26,AAPL,49.6490592956543,70475600
2019-07-29,AAPL,50.11269760131836,86693600
2019-07-30,AAPL,49.897613525390625,135742800
2019-07-31,AAPL,50.91573715209961,277125600
2019-08-01,AAPL,49.81394958496094,216071600
2019-08-02,AAPL,48.759979248046875,163448400
2019-08-05,AAPL,46.2075080871582,209572000
2019-08-06,AAPL,47.08222961425781,143299200
2019-08-07,AAPL,47.56977844238281,133457600
2019-08-08,AAPL,48.61897277832031,108038000
2019-08-09,AAPL,48.21833801269531,98478800
2019-08-12,AAPL,48.095985412597656,89927600
2019-08-13,AAPL,50.13276672363281,188874000
2019-08-14,AAPL,48.640567779541016,146189600
2019-08-15,AAPL,48.39826202392578,108909600
2019-08-16,AAPL,49.54021072387695,110481600
2019-08-19,AAPL,50.463836669921875,97654400
2019-08-20,AAPL,50.46623229980469,107537200
2019-08-21,AAPL,51.013221740722656,86141600
2019-08-22,AAPL,50.97004699707031,89014800
2019-08-23,AAPL,48.61417007446289,187272000
2019-08-26,AAPL,49.53781509399414,104174400
2019-08-27,AAPL,48.97883605957031,103493200
2019-08-28,AAPL,49.30750274658203,63755200
2019-08-29,AAPL,50.142364501953125,83962000
2019-08-30,AAPL,50.07758712768555,84573600
2019-09-03,AAPL,49.3482780456543,80092000
2019-09-04,AAPL,50.185546875,76752400
2019-09-05,AAPL,51.16676712036133,95654800
2019-09-06,AAPL,51.161956787109375,77449200
2019-09-09,AAPL,51.380271911621094,109237600
2019-09-10,AAPL,51.98722457885742,127111600
2019-09-11,AAPL,53.64017105102539,177158400
2019-09-12,AAPL,53.52022171020508,128906800
2019-09-13,AAPL,52.479034423828125,159053200
2019-09-16,AAPL,52.75492858886719,84632400
2019-09-17,AAPL,52.946842193603516,73274800
2019-09-18,AAPL,53.44345474243164,101360000
2019-09-19,AAPL,53.00922393798828,88242400
2019-09-20,AAPL,52.23433303833008,221652400
2019-09-23,AAPL,52.47184371948242,76662000
2019-09-24,AAPL,52.22233581542969,124763200
2019-09-25,AAPL,53.026023864746094,87613600
2019-09-26,AAPL,52.75252151489258,75334000
2019-09-27,AAPL,52.495826721191406,101408000
2019-09-30,AAPL,53.7313346862793,103909600
2019-10-01,AAPL,53.88006591796875,139223200
2019-10-02,AAPL,52.529415130615234,138449200
2019-10-03,AAPL,52.97563934326172,114426000
2019-10-04,AAPL,54.46063995361328,138478800
2019-10-07,AAPL,54.47264099121094,122306000
2019-10-08,AAPL,53.83449172973633,111820000
2019-10-09,AAPL,54.46543502807617,74770400
2019-10-10,AAPL,55.199546813964844,113013600
2019-10-11,AAPL,56.667747497558594,166795600
2019-10-14,AAPL,56.586204528808594,96427600
2019-10-15,AAPL,56.45425796508789,87360000
2019-10-16,AAPL,56.22633361816406,73903200
2019-10-17,AAPL,56.44465255737305,67585200
2019-10-18,AAPL,56.715728759765625,97433600
2019-10-21,AAPL,57.69934844970703,87247200
2019-10-22,AAPL,57.56739807128906,82293600
2019-10-23,AAPL,58.33988952636719,75828800
2019-10-24,AAPL,58.43586730957031,69275200
2019-10-25,AAPL,59.15556335449219,73477200
2019-10-28,AAPL,59.74812698364258,96572800
2019-10-29,AAPL,58.366275787353516,142839600
2019-10-30,AAPL,58.35908126831055,124522000
2019-10-31,AAPL,59.67855453491211,139162000
2019-11-01,AAPL,61.37229537963867,151125200
2019-11-04,AAPL,61.77531814575195,103272000
2019-11-05,AAPL,61.68655776977539,79897600
2019-11-06,AAPL,61.71294403076172,75864400
2019-11-07,AAPL,62.425193786621094,94940400
2019-11-08,AAPL,62.596031188964844,69986400
2019-11-11,AAPL,63.09172058105469,81821200
2019-11-12,AAPL,63.03397750854492,87388800
2019-11-13,AAPL,63.63792419433594,102734400
2019-11-14,AAPL,63.19759750366211,89182800
2019-11-15,AAPL,63.948333740234375,100206400
2019-11-18,AAPL,64.27079772949219,86703200
2019-11-19,AAPL,64.07587432861328,76167200
2019-11-20,AAPL,63.32996368408203,106234400
2019-11-21,AAPL,63.04600524902344,121395200
2019-11-22,AAPL,62.99066162109375,65325200
2019-11-25,AAPL,64.09513092041016,84020400
2019-11-26,AAPL,63.59463119506836,105207600
2019-11-27,AAPL,64.44883728027344,65235600
2019-11-29,AAPL,64.30689239501953,46617600
2019-12-02,AAPL,63.563331604003906,94487200
2019-12-03,AAPL,62.42999267578125,114430400
2019-12-04,AAPL,62.981014251708984,67181600
2019-12-05,AAPL,63.9050178527832,74424400
2019-12-06,AAPL,65.13944244384766,106075600
2019-12-09,AAPL,64.22745513916016,128042400
2019-12-10,AAPL,64.60285949707031,90420400
2019-12-11,AAPL,65.15386199951172,78756800
2019-12-12,AAPL,65.31991577148438,137310400
2019-12-13,AAPL,66.20780181884766,133587600
2019-12-16,AAPL,67.34115600585938,128186000
2019-12-17,AAPL,67.4734878540039,114158400
2019-12-18,AAPL,67.31227111816406,116028400
2019-12-19,AAPL,67.379638671875,98369200
2019-12-20,AAPL,67.24009704589844,275978000
2019-12-23,AAPL,68.33734130859375,98572000
2019-12-24,AAPL,68.40229797363281,48478800
2019-12-26,AAPL,69.7594223022461,93121200
2019-12-27,AAPL,69.73294067382812,146266000
2019-12-30,AAPL,70.14683532714844,144114400
2019-12-31,AAPL,70.65934753417969,100805600
2020-01-02,AAPL,72.27154541015625,135480400
2020-01-03,AAPL,71.56891632080078,146322800
2020-01-06,AAPL,72.13919830322266,118387200
2020-01-07,AAPL,71.7999267578125,108872000
2020-01-08,AAPL,72.95491027832031,132079200
2020-01-09,AAPL,74.5045394897461,170108400
2020-01-10,AAPL,74.67296600341797,140644800
2020-01-13,AAPL,76.26830291748047,121532000
2020-01-14,AAPL,75.23846435546875,161954400
2020-01-15,AAPL,74.91597747802734,121923600
2020-01-16,AAPL,75.85443878173828,108829200
2020-01-17,AAPL,76.69422912597656,137816400
2020-01-21,AAPL,76.17446899414062,110843200
2020-01-22,AAPL,76.44637298583984,101832400
2020-01-23,AAPL,76.81456756591797,104472000
2020-01-24,AAPL,76.59317016601562,146537600
2020-01-27,AAPL,74.34090423583984,161940000
2020-01-28,AAPL,76.44397735595703,162234000
2020-01-29,AAPL,78.04413604736328,216229200
2020-01-30,AAPL,77.9310302734375,126743200
2020-01-31,AAPL,74.47567749023438,199588400
2020-02-03,AAPL,74.27113342285156,173788400
2020-02-04,AAPL,76.72309112548828,136616400
2020-02-05,AAPL,77.3487319946289,118826800
2020-02-06,AAPL,78.2534408569336,105425600
2020-02-07,AAPL,77.18978118896484,117684000
2020-02-10,AAPL,77.55641174316406,109348800
2020-02-11,AAPL,77.08849334716797,94323200
2020-02-12,AAPL,78.91918182373047,113730400
2020-02-13,AAPL,78.35717010498047,94747600
2020-02-14,AAPL,78.37647247314453,80113600
2020-02-18,AAPL,76.94135284423828,152531200
2020-02-19,AAPL,78.0556869506836,93984000
2020-02-20,AAPL,77.25491333007812,100566000
2020-02-21,AAPL,75.5062484741211,129554000
2020-02-24,AAPL,71.919677734375,222195200
2020-02-25,AAPL,69.48361206054688,230673600
2020-02-26,AAPL,70.58586120605469,198054800
2020-02-27,AAPL,65.97179412841797,320605600
2020-02-28,AAPL,65.93319702148438,426510000
2020-03-02,AAPL,72.0716323852539,341397200
2020-03-03,AAPL,69.78268432617188,319475600
2020-03-04,AAPL,73.01953125,219178400
2020-03-05,AAPL,70.6510009765625,187572800
2020-03-06,AAPL,69.71273040771484,226176800
2020-03-09,AAPL,64.1989974975586,286744800
2020-03-10,AAPL,68.82270050048828,285290000
2020-03-11,AAPL,66.43247985839844,255598800
2020-03-12,AAPL,59.871952056884766,418474000
2020-03-13,AAPL,67.04513549804688,370732000
2020-03-16,AAPL,58.41996383666992,322423600
2020-03-17,AAPL,60.98869323730469,324056000
2020-03-18,AAPL,59.495689392089844,300233600
2020-03-19,AAPL,59.03983688354492,271857200
2020-03-20,AAPL,55.29165267944336,401693200
2020-03-23,AAPL,54.117027282714844,336752800
2020-03-24,AAPL,59.546348571777344,287531200
2020-03-25,AAPL,59.218318939208984,303602000
2020-03-26,AAPL,62.33455276489258,252087200
2020-03-27,AAPL,59.7537841796875,204216800
2020-03-30,AAPL,61.459014892578125,167976400
2020-03-31,AAPL,61.33359909057617,197002000
2020-04-01,AAPL,58.10640335083008,176218400
2020-04-02,AAPL,59.07600784301758,165934000
2020-04-03,AAPL,58.22700119018555,129880000
2020-04-06,AAPL,63.30658721923828,201820400
2020-04-07,AAPL,62.57334899902344,202887200
2020-04-08,AAPL,64.17488098144531,168895200
2020-04-09,AAPL,64.63798522949219,161834800
2020-04-13,AAPL,65.90666961669922,131022800
2020-04-14,AAPL,69.23516082763672,194994800
2020-04-15,AAPL,68.60321807861328,131154400
2020-04-16,AAPL,69.1483154296875,157125200
2020-04-17,AAPL,68.21007537841797,215250000
2020-04-20,AAPL,66.79425048828125,130015200
2020-04-21,AAPL,64.7296371459961,180991600
2020-04-22,AAPL,66.59406280517578,116862400
2020-04-23,AAPL,66.33600616455078,124814400
2020-04-24,AAPL,68.25108337402344,126161200
2020-04-27,AAPL,68.29930877685547,117087600
2020-04-28,AAPL,67.19222259521484,112004800
2020-04-29,AAPL,69.3991928100586,137280800
2020-04-30,AAPL,70.86322784423828,183064000
2020-05-01,AAPL,69.72237396240234,240616800
2020-05-04,AAPL,70.7088851928711,133568000
2020-05-05,AAPL,71.77015686035156,147751200
2020-05-06,AAPL,72.51058959960938,142333600
2020-05-07,AAPL,73.26070404052734,115215200
2020-05-08,AAPL,75.00444030761719,133838400
2020-05-11,AAPL,76.18464660644531,145946400
2020-05-12,AAPL,75.31400299072266,162301200
2020-05-13,AAPL,74.4046630859375,200622400
2020-05-14,AAPL,74.86175537109375,158929200
2020-05-15,AAPL,74.41915893554688,166348400
2020-05-18,AAPL,76.17256164550781,135178400
2020-05-19,AAPL,75.73241424560547,101729600
2020-05-20,AAPL,77.20526123046875,111504800
2020-05-21,AAPL,76.62968444824219,102688800
2020-05-22,AAPL,77.123046875,81803200
2020-05-26,AAPL,76.60062408447266,125522000
2020-05-27,AAPL,76.93438720703125,112945200
2020-05-28,AAPL,76.96825408935547,133560800
2020-05-29,AAPL,76.89324951171875,153532400
2020-06-01,AAPL,77.83892059326172,80791200
2020-06-02,AAPL,78.19926452636719,87642800
2020-06-03,AAPL,78.62976837158203,104491200
2020-06-04,AAPL,77.95257568359375,87560400
2020-06-05,AAPL,80.17274475097656,137250400
2020-06-08,AAPL,80.64676666259766,95654400
2020-06-09,AAPL,83.19342041015625,147712400
2020-06-10,AAPL,85.33380126953125,166651600
2020-06-11,AAPL,81.23689270019531,201662400
2020-06-12,AAPL,81.93824005126953,200146000
2020-06-15,AAPL,82.95159912109375,138808800
2020-06-16,AAPL,85.14996337890625,165428800
2020-06-17,AAPL,85.03146362304688,114406400
2020-06-18,AAPL,85.06533813476562,96820400
2020-06-19,AAPL,84.57923889160156,264476000
2020-06-22,AAPL,86.79212951660156,135445200
2020-06-23,AAPL,88.64469909667969,212155600
2020-06-24,AAPL,87.07992553710938,192623200
2020-06-25,AAPL,88.2359848022461,137522400
2020-06-26,AAPL,85.52483367919922,205256800
2020-06-29,AAPL,87.49591064453125,130646000
2020-06-30,AAPL,88.22628784179688,140223200
2020-07-01,AAPL,88.05943298339844,110737200
2020-07-02,AAPL,88.05943298339844,114041600
2020-07-06,AAPL,90.41500854492188,118655600
2020-07-07,AAPL,90.13446044921875,112424400
2020-07-08,AAPL,92.23372650146484,117092000
2020-07-09,AAPL,92.63035583496094,125642800
2020-07-10,AAPL,92.79238891601562,90257200
2020-07-13,AAPL,92.36432647705078,191649200
2020-07-14,AAPL,93.89279174804688,170989200
2020-07-15,AAPL,94.53852081298828,153198000
2020-07-16,AAPL,93.375244140625,110577600
2020-07-17,AAPL,93.18658447265625,92186800
2020-07-20,AAPL,95.15040588378906,90318000
2020-07-21,AAPL,93.8371810913086,103433200
2020-07-22,AAPL,94.10079956054688,89001600
2020-07-23,AAPL,89.81767272949219,197004400
2020-07-24,AAPL,89.59516143798828,185438800
2020-07-27,AAPL,91.71858215332031,121214000
2020-07-28,AAPL,90.21186065673828,103625600
2020-07-29,AAPL,91.94108581542969,90329200
2020-07-30,AAPL,93.0535888671875,158130000
2020-07-31,AAPL,102.79525756835938,374336800
2020-08-03,AAPL,105.38544464111328,308151200
2020-08-04,AAPL,106.08921813964844,173071600
2020-08-05,AAPL,106.47379302978516,121776800
2020-08-06,AAPL,110.18854522705078,202428800
2020-08-07,AAPL,107.68333435058594,198045600
2020-08-10,AAPL,109.24846649169922,212403600
2020-08-11,AAPL,105.99945831298828,187902400
2020-08-12,AAPL,109.52227020263672,165598000
2020-08-13,AAPL,111.46054077148438,210082000
2020-08-14,AAPL,111.36119079589844,165565200
2020-08-17,AAPL,111.07046508789062,119561600
2020-08-18,AAPL,111.99597930908203,105633600
2020-08-19,AAPL,112.13650512695312,145538000
2020-08-20,AAPL,114.6247787475586,126907200
2020-08-21,AAPL,120.53166198730469,338054800
2020-08-24,AAPL,121.97325897216797,345937600
2020-08-25,AAPL,120.97261810302734,211495600
2020-08-26,AAPL,122.61772918701172,163022400
2020-08-27,AAPL,121.15192413330078,155552400
2020-08-28,AAPL,120.95567321777344,187630000
2020-08-31,AAPL,125.05754089355469,225702700
2020-09-01,AAPL,130.03892517089844,151948100
2020-09-02,AAPL,127.34468078613281,200119000
2020-09-03,AAPL,117.14937591552734,257599600
2020-09-04,AAPL,117.2269058227539,332607200
2020-09-08,AAPL,109.33814239501953,231366600
2020-09-09,AAPL,113.69926452636719,176940500
2020-09-10,AAPL,109.98746490478516,182274400
2020-09-11,AAPL,108.54341125488281,180860300
2020-09-14,AAPL,111.79972839355469,140150100
2020-09-15,AAPL,111.97418212890625,184642000
2020-09-16,AAPL,108.66942596435547,154679000
2020-09-17,AAPL,106.93465423583984,178011000
2020-09-18,AAPL,103.54267120361328,287104900
2020-09-21,AAPL,106.68266296386719,195713800
2020-09-22,AAPL,108.35929870605469,183055400
2020-09-23,AAPL,103.81404876708984,150718700
2020-09-24,AAPL,104.88008880615234,167743300
2020-09-25,AAPL,108.8147964477539,149981400
2020-09-28,AAPL,111.41207885742188,137672400
2020-09-29,AAPL,110.56892395019531,99382200
2020-09-30,AAPL,112.23584747314453,142675200
2020-10-01,AAPL,113.18560791015625,116120400
2020-10-02,AAPL,109.53196716308594,144712000
2020-10-05,AAPL,112.90454864501953,106243800
2020-10-06,AAPL,109.66764068603516,161498200
2020-10-07,AAPL,111.52839660644531,96849000
2020-10-08,AAPL,111.42178344726562,83477200
2020-10-09,AAPL,113.36004638671875,100506900
2020-10-12,AAPL,120.56072998046875,240226800
2020-10-13,AAPL,117.36260223388672,262330500
2020-10-14,AAPL,117.44981384277344,150712000
2020-10-15,AAPL,116.98461151123047,112559200
2020-10-16,AAPL,115.34676361083984,115393800
2020-10-19,AAPL,112.40060424804688,120639300
2020-10-20,AAPL,113.8833999633789,124423700
2020-10-21,AAPL,113.26311492919922,89946000
2020-10-22,AAPL,112.17770385742188,101988000
2020-10-23,AAPL,111.48960876464844,82572600
2020-10-26,AAPL,111.49932098388672,111850700
2020-10-27,AAPL,113.00145721435547,92276800
2020-10-28,AAPL,107.76812744140625,143937800
2020-10-29,AAPL,111.7609634399414,146129200
2020-10-30,AAPL,105.50035095214844,190272600
2020-11-02,AAPL,105.41312408447266,122866900
2020-11-03,AAPL,107.03158569335938,107624400
2020-11-04,AAPL,111.40238189697266,138235500
2020-11-05,AAPL,115.35647583007812,126387100
2020-11-06,AAPL,115.22541046142578,114457900
2020-11-09,AAPL,112.92461395263672,154515300
2020-11-10,AAPL,112.5848159790039,138023400
2020-11-11,AAPL,116.0020523071289,112295000
2020-11-12,AAPL,115.73023986816406,103162300
2020-11-13,AAPL,115.77877044677734,81581900
2020-11-16,AAPL,116.78842163085938,91183000
2020-11-17,AAPL,115.90499114990234,74271000
2020-11-18,AAPL,114.58468627929688,76322100
2020-11-19,AAPL,115.1768798828125,74113000
2020-11-20,AAPL,113.91483306884766,73604300
2020-11-23,AAPL,110.52668762207031,127959300
2020-11-24,AAPL,111.80816650390625,113874200
2020-11-25,AAPL,112.64305877685547,76499200
2020-11-27,AAPL,113.18671417236328,46691300
2020-11-30,AAPL,115.57489776611328,169410200
2020-12-01,AAPL,119.13776397705078,127728200
2020-12-02,AAPL,119.48727416992188,89004200
2020-12-03,AAPL,119.35136413574219,78967600
2020-12-04,AAPL,118.6814956665039,78260400
2020-12-07,AAPL,120.13771057128906,86712000
2020-12-08,AAPL,120.74932861328125,82225500
2020-12-09,AAPL,118.22521209716797,115089200
2020-12-10,AAPL,119.6426010131836,81312200
2020-12-11,AAPL,118.83682250976562,86939800
2020-12-14,AAPL,118.22521209716797,79184500
2020-12-15,AAPL,124.14717102050781,157243700
2020-12-16,AAPL,124.07918548583984,98208600
2020-12-17,AAPL,124.9432373046875,94359800
2020-12-18,AAPL,122.9627685546875,192541500
2020-12-21,AAPL,124.48695373535156,121251600
2020-12-22,AAPL,128.03041076660156,168904800
2020-12-23,AAPL,127.13725280761719,88223700
2020-12-24,AAPL,128.11776733398438,54930100
2020-12-28,AAPL,132.69998168945312,124486200
2020-12-29,AAPL,130.93310546875,121047300
2020-12-30,AAPL,129.81671142578125,96452100
2020-12-31,AAPL,128.81675720214844,99116600
2021-01-04,AAPL,125.63248443603516,143301900
2021-01-05,AAPL,127.18578338623047,97664900
2021-01-06,AAPL,122.90451049804688,155088000
2021-01-07,AAPL,127.09839630126953,109578200
2021-01-08,AAPL,128.19541931152344,105158200
2021-01-11,AAPL,125.21502685546875,100384500
2021-01-12,AAPL,125.0403060913086,91951100
2021-01-13,AAPL,127.06929779052734,88636800
2021-01-14,AAPL,125.14710998535156,90221800
2021-01-15,AAPL,123.42877197265625,111598500
2021-01-19,AAPL,124.09864044189453,90757300
2021-01-20,AAPL,128.17601013183594,104319500
2021-01-21,AAPL,132.87474060058594,120150900
2021-01-22,AAPL,135.01046752929688,114459400
2021-01-25,AAPL,138.74810791015625,157611700
2021-01-26,AAPL,138.9811248779297,98390600
2021-01-27,AAPL,137.91323852539062,140843800
2021-01-28,AAPL,133.0883331298828,142621100
2021-01-29,AAPL,128.10806274414062,177523800
2021-02-01,AAPL,130.22442626953125,106239800
2021-02-02,AAPL,131.04966735839844,83305400
2021-02-03,AAPL,130.03025817871094,89880900
2021-02-04,AAPL,133.37954711914062,84183100
2021-02-05,AAPL,132.96633911132812,75693800
2021-02-08,AAPL,133.1121826171875,71297200
2021-02-09,AAPL,132.2371368408203,76774200
2021-02-10,AAPL,131.63436889648438,73046600
2021-02-11,AAPL,131.38157653808594,64280000
2021-02-12,AAPL,131.61489868164062,60145100
2021-02-16,AAPL,129.4954071044922,80576300
2021-02-17,AAPL,127.2105484008789,97918500
2021-02-18,AAPL,126.11192321777344,96856700
2021-02-19,AAPL,126.26744842529297,87668800
2021-02-22,AAPL,122.50480651855469,103916400
2021-02-23,AAPL,122.36870574951172,158273000
2021-02-24,AAPL,121.87285614013672,111039900
2021-02-25,AAPL,117.63379669189453,148199500
2021-02-26,AAPL,117.89630126953125,164560400
2021-03-01,AAPL,124.24517059326172,116307900
2021-03-02,AAPL,121.64923095703125,102260900
2021-03-03,AAPL,118.67411804199219,112966300
2021-03-04,AAPL,116.79765319824219,178155000
2021-03-05,AAPL,118.05186462402344,153766600
2021-03-08,AAPL,113.13221740722656,154376600
2021-03-09,AAPL,117.73104095458984,129525800
2021-03-10,AAPL,116.65182495117188,111943300
2021-03-11,AAPL,118.576904296875,103026500
2021-03-12,AAPL,117.67267608642578,88105100
2021-03-15,AAPL,120.55057525634766,92403800
2021-03-16,AAPL,122.08676147460938,115227900
2021-03-17,AAPL,121.29923248291016,111932600
2021-03-18,AAPL,117.18655395507812,121229700
2021-03-19,AAPL,116.66151428222656,185549500
2021-03-22,AAPL,119.96720886230469,111912300
2021-03-23,AAPL,119.14082336425781,95467100
2021-03-24,AAPL,116.75874328613281,88530500
2021-03-25,AAPL,117.2448959350586,98844700
2021-03-26,AAPL,117.84770965576172,94071200
2021-03-29,AAPL,118.022705078125,80819200
2021-03-30,AAPL,116.57404327392578,85671900
2021-03-31,AAPL,118.7616195678711,118323800
2021-04-01,AAPL,119.5880355834961,75089100
2021-04-05,AAPL,122.40758514404297,88651200
2021-04-06,AAPL,122.7090072631836,80171300
2021-04-07,AAPL,124.35211944580078,83466700
2021-04-08,AAPL,126.74386596679688,88844600
2021-04-09,AAPL,129.31063842773438,106686700
2021-04-12,AAPL,127.59949493408203,91420000
2021-04-13,AAPL,130.70098876953125,91266500
2021-04-14,AAPL,128.36753845214844,87222800
2021-04-15,AAPL,130.76907348632812,89347100
2021-04-16,AAPL,130.4384765625,84922400
2021-04-19,AAPL,131.099609375,94264200
2021-04-20,AAPL,129.4176025390625,94812300
2021-04-21,AAPL,129.7967987060547,68847100
2021-04-22,AAPL,128.28004455566406,84566500
2021-04-23,AAPL,130.5940399169922,78657500
2021-04-26,AAPL,130.98292541503906,66905100
2021-04-27,AAPL,130.66207885742188,66015800
2021-04-28,AAPL,129.87457275390625,107760100
2021-04-29,AAPL,129.77735900878906,151101000
2021-04-30,AAPL,127.81342315673828,109839500
2021-05-03,AAPL,128.86338806152344,75135100
2021-05-04,AAPL,124.30349731445312,137564700
2021-05-05,AAPL,124.54658508300781,84000900
2021-05-06,AAPL,126.14107513427734,78128300
2021-05-07,AAPL,126.8131103515625,78973300
2021-05-10,AAPL,123.54074096679688,88071200
2021-05-11,AAPL,122.6252670288086,126142800
2021-05-12,AAPL,119.56716918945312,112172300
2021-05-13,AAPL,121.70979309082031,105861300
2021-05-14,AAPL,124.12507629394531,81918000
2021-05-17,AAPL,122.97583770751953,74244600
2021-05-18,AAPL,121.59291076660156,63342900
2021-05-19,AAPL,121.43708801269531,92612000
2021-05-20,AAPL,123.98873138427734,76857100
2021-05-21,AAPL,122.15776824951172,79295400
2021-05-24,AAPL,123.78421020507812,63092900
2021-05-25,AAPL,123.58943939208984,72009500
2021-05-26,AAPL,123.54074096679688,56575900
2021-05-27,AAPL,122.01168060302734,94625600
2021-05-28,AAPL,121.35916900634766,71311100
2021-06-01,AAPL,121.03778076171875,67637100
2021-06-02,AAPL,121.79742431640625,59278900
2021-06-03,AAPL,120.31707000732422,76229200
2021-06-04,AAPL,122.60576629638672,75169300
2021-06-07,AAPL,122.61549377441406,71057600
2021-06-08,AAPL,123.43360137939453,74403800
2021-06-09,AAPL,123.81343841552734,56877900
2021-06-10,AAPL,122.8200454711914,71186400
2021-06-11,AAPL,124.0276870727539,53522400
2021-06-14,AAPL,127.07601928710938,96906500
2021-06-15,AAPL,126.25796508789062,62746300
2021-06-16,AAPL,126.75463104248047,91815000
2021-06-17,AAPL,128.3518524169922,96721700
2021-06-18,AAPL,127.05656433105469,108953300
2021-06-21,AAPL,128.8485565185547,79663300
2021-06-22,AAPL,130.4847412109375,74783600
2021-06-23,AAPL,130.21200561523438,60214200
2021-06-24,AAPL,129.9295654296875,68711000
2021-06-25,AAPL,129.63743591308594,70783700
2021-06-28,AAPL,131.26385498046875,62111300
2021-06-29,AAPL,132.77340698242188,64556100
2021-06-30,AAPL,133.38699340820312,63261400
2021-07-01,AAPL,133.6888885498047,52485800
2021-07-02,AAPL,136.30874633789062,78852600
2021-07-06,AAPL,138.3149871826172,108181800
2021-07-07,AAPL,140.7984619140625,104911600
2021-07-08,AAPL,139.5031280517578,105575500
2021-07-09,AAPL,141.32435607910156,99890800
2021-07-12,AAPL,140.7302703857422,76299700
2021-07-13,AAPL,141.84054565429688,100827100
2021-07-14,AAPL,145.2589569091797,127050800
2021-07-15,AAPL,144.60647583007812,106820300
2021-07-16,AAPL,142.57098388671875,93251400
2021-07-19,AAPL,138.73377990722656,121434600
2021-07-20,AAPL,142.33721923828125,96350000
2021-07-21,AAPL,141.6068115234375,74993500
2021-07-22,AAPL,142.9702606201172,77338200
2021-07-23,AAPL,144.6843719482422,71447400
2021-07-26,AAPL,145.10316467285156,72434100
2021-07-27,AAPL,142.94107055664062,104818600
2021-07-28,AAPL,141.1977081298828,118931200
2021-07-29,AAPL,141.84054565429688,56699500
2021-07-30,AAPL,142.0548095703125,70440600
2021-08-02,AAPL,141.7236785888672,62880000
2021-08-03,AAPL,143.51564025878906,64786600
2021-08-04,AAPL,143.11636352539062,56368300
2021-08-05,AAPL,143.22348022460938,46397700
2021-08-06,AAPL,142.5407257080078,54126800
2021-08-09,AAPL,142.49191284179688,48908700
2021-08-10,AAPL,142.0140380859375,69023100
2021-08-11,AAPL,142.2676239013672,48493500
2021-08-12,AAPL,145.22300720214844,72282600
2021-08-13,AAPL,145.4278564453125,59375000
2021-08-16,AAPL,147.3981170654297,103296000
2021-08-17,AAPL,146.49098205566406,92229700
2021-08-18,AAPL,142.7552947998047,86326000
2021-08-19,AAPL,143.08692932128906,86960300
2021-08-20,AAPL,144.5402069091797,60549600
2021-08-23,AAPL,146.02281188964844,60131800
2021-08-24,AAPL,145.9350128173828,48606400
2021-08-25,AAPL,144.70606994628906,58991300
2021-08-26,AAPL,143.90625,48597200
2021-08-27,AAPL,144.9401397705078,55802400
2021-08-30,AAPL,149.34881591796875,90956700
2021-08-31,AAPL,148.09060668945312,86453100
2021-09-01,AAPL,148.7538299560547,80313700
2021-09-02,AAPL,149.86573791503906,71115500
2021-09-03,AAPL,150.49974060058594,57808700
2021-09-07,AAPL,152.8309326171875,82278300
2021-09-08,AAPL,151.28981018066406,74420200
2021-09-09,AAPL,150.2754364013672,57305700
2021-09-10,AAPL,145.30105590820312,140893200
2021-09-13,AAPL,145.86672973632812,102404300
2021-09-14,AAPL,144.47195434570312,109296300
2021-09-15,AAPL,145.35955810546875,83281300
2021-09-16,AAPL,145.12547302246094,68034100
2021-09-17,AAPL,142.46270751953125,129868800
2021-09-20,AAPL,139.41954040527344,123478900
2021-09-21,AAPL,139.8974609375,75834000
2021-09-22,AAPL,142.2578582763672,76404300
2021-09-23,AAPL,143.21372985839844,64838200
2021-09-24,AAPL,143.30149841308594,53477900
2021-09-27,AAPL,141.78968811035156,74150700
2021-09-28,AAPL,138.41490173339844,108972300
2021-09-29,AAPL,139.31224060058594,74602000
2021-09-30,AAPL,138.0150146484375,89056700
2021-10-01,AAPL,139.13668823242188,94639600
2021-10-04,AAPL,135.71315002441406,98322000
2021-10-05,AAPL,137.63461303710938,80861100
2021-10-06,AAPL,138.5027313232422,83221100
2021-10-07,AAPL,139.7609405517578,61732700
2021-10-08,AAPL,139.38050842285156,58773200
2021-10-11,AAPL,139.2927703857422,64452200
2021-10-12,AAPL,138.02479553222656,73035900
2021-10-13,AAPL,137.43954467773438,78762700
2021-10-14,AAPL,140.2193603515625,69907100
2021-10-15,AAPL,141.27272033691406,67940300
2021-10-18,AAPL,142.94064331054688,85589200
2021-10-19,AAPL,145.0962371826172,76378900
2021-10-20,AAPL,145.58389282226562,58418800
2021-10-21,AAPL,145.7984619140625,61421000
2021-10-22,AAPL,145.02792358398438,58883400
2021-10-25,AAPL,144.9791717529297,50720600
2021-10-26,AAPL,145.64242553710938,60893400
2021-10-27,AAPL,145.18402099609375,56094900
2021-10-28,AAPL,148.8123779296875,100077900
2021-10-29,AAPL,146.11062622070312,124953200
2021-11-01,AAPL,145.2913360595703,74588300
2021-11-02,AAPL,146.3251953125,69122000
2021-11-03,AAPL,147.7589874267578,54511500
2021-11-04,AAPL,147.2420196533203,60394600
2021-11-05,AAPL,147.76951599121094,65463900
2021-11-08,AAPL,146.94898986816406,55020900
2021-11-09,AAPL,147.3103790283203,56787900
2021-11-10,AAPL,144.48744201660156,65187100
2021-11-11,AAPL,144.4385986328125,41000000
2021-11-12,AAPL,146.50942993164062,63804000
2021-11-15,AAPL,146.5192108154297,59222800
2021-11-16,AAPL,147.49603271484375,59256200
2021-11-17,AAPL,149.92822265625,88807000
2021-11-18,AAPL,154.20655822753906,137827700
2021-11-19,AAPL,156.8243865966797,117305600
2021-11-22,AAPL,157.28350830078125,117467900
2021-11-23,AAPL,157.6644287109375,96041900
2021-11-24,AAPL,158.18211364746094,69463600
2021-11-26,AAPL,153.171142578125,76959800
2021-11-29,AAPL,156.52157592773438,88748200
2021-11-30,AAPL,161.4641571044922,174048100
2021-12-01,AAPL,160.94647216796875,152052500
2021-12-02,AAPL,159.9598846435547,136739200
2021-12-03,AAPL,158.08444213867188,118023100
2021-12-06,AAPL,161.48370361328125,107497000
2021-12-07,AAPL,167.20767211914062,120405400
2021-12-08,AAPL,171.0172576904297,116998900
2021-12-09,AAPL,170.50924682617188,108923700
2021-12-10,AAPL,175.28585815429688,115402700
2021-12-13,AAPL,171.661865234375,153237000
2021-12-14,AAPL,170.2846221923828,139380400
2021-12-15,AAPL,175.13926696777344,131063300
2021-12-16,AAPL,168.26263427734375,150185800
2021-12-17,AAPL,167.16864013671875,195432700
2021-12-20,AAPL,165.81088256835938,107499100
2021-12-21,AAPL,168.9756622314453,91185900
2021-12-22,AAPL,171.564208984375,92135300
2021-12-23,AAPL,172.18939208984375,68356600
2021-12-27,AAPL,176.14540100097656,74919600
2021-12-28,AAPL,175.12950134277344,79144300
2021-12-29,AAPL,175.21742248535156,62348900
2021-12-30,AAPL,174.06480407714844,59773000
2021-12-31,AAPL,173.4494171142578,64062300
2022-01-03,AAPL,177.78639221191406,104487900
2022-01-04,AAPL,175.5299835205078,99310400
2022-01-05,AAPL,170.8609161376953,94537600
2022-01-06,AAPL,168.0087127685547,96904000
2022-01-07,AAPL,168.1747589111328,86709100
2022-01-10,AAPL,168.19427490234375,106765600
2022-01-11,AAPL,171.0172576904297,76138300
2022-01-12,AAPL,171.45677185058594,74805200
2022-01-13,AAPL,168.19427490234375,84505800
2022-01-14,AAPL,169.0538787841797,80440800
2022-01-18,AAPL,165.85975646972656,90956700
2022-01-19,AAPL,162.37255859375,94815000
2022-01-20,AAPL,160.69247436523438,91420500
2022-01-21,AAPL,158.64120483398438,122848900
2022-01-24,AAPL,157.86956787109375,162294600
2022-01-25,AAPL,156.07223510742188,115798400
2022-01-26,AAPL,155.98435974121094,108275300
2022-01-27,AAPL,155.5252685546875,121954600
2022-01-28,AAPL,166.37741088867188,179935700
2022-01-31,AAPL,170.7241668701172,115541600
2022-02-01,AAPL,170.55813598632812,86213900
2022-02-02,AAPL,171.7595672607422,84914300
2022-02-03,AAPL,168.88780212402344,89418100
2022-02-04,AAPL,168.60418701171875,82465400
2022-02-07,AAPL,167.8902130126953,77251200
2022-02-08,AAPL,170.99061584472656,74829200
2022-02-09,AAPL,172.4087677001953,71285000
2022-02-10,AAPL,168.340087890625,90865900
2022-02-11,AAPL,164.9365234375,98670700
2022-02-14,AAPL,165.17123413085938,86185500
2022-02-15,AAPL,168.995361328125,62527400
2022-02-16,AAPL,168.76065063476562,61177400
2022-02-17,AAPL,165.17123413085938,69589300
2022-02-18,AAPL,163.62594604492188,82772700
2022-02-22,AAPL,160.71141052246094,91162800
2022-02-23,AAPL,156.5547332763672,90009200
2022-02-24,AAPL,159.16607666015625,141147500
2022-02-25,AAPL,161.22975158691406,91974200
2022-02-28,AAPL,161.49380493164062,95056600
2022-03-01,AAPL,159.61598205566406,83474400
2022-03-02,AAPL,162.90219116210938,79724800
2022-03-03,AAPL,162.57945251464844,76678400
2022-03-04,AAPL,159.58663940429688,83737200
2022-03-07,AAPL,155.80165100097656,96418800
2022-03-08,AAPL,153.98248291015625,131148300
2022-03-09,AAPL,159.3714599609375,91454900
2022-03-10,AAPL,155.0387725830078,105342000
2022-03-11,AAPL,151.3319854736328,96970100
2022-03-14,AAPL,147.31224060058594,108732100
2022-03-15,AAPL,151.68411254882812,92964300
2022-03-16,AAPL,156.0852508544922,102300200
2022-03-17,AAPL,157.09266662597656,75615400
2022-03-18,AAPL,160.3788604736328,123511700
2022-03-21,AAPL,161.74810791015625,95811400
2022-03-22,AAPL,165.11257934570312,81532000
2022-03-23,AAPL,166.47206115722656,98062700
2022-03-24,AAPL,170.24725341796875,90131400
2022-03-25,AAPL,170.88296508789062,80546200
2022-03-28,AAPL,171.74368286132812,90371900
2022-03-29,AAPL,175.02987670898438,100589400
2022-03-30,AAPL,173.8660430908203,92633200
2022-03-31,AAPL,170.77540588378906,103049300
2022-04-01,AAPL,170.48199462890625,78751300
2022-04-04,AAPL,174.5213165283203,76468400
2022-04-05,AAPL,171.21554565429688,73401800
2022-04-06,AAPL,168.0564727783203,89058800
2022-04-07,AAPL,168.3596649169922,77594700
2022-04-08,AAPL,166.35470581054688,76575500
2022-04-11,AAPL,162.11001586914062,72246700
2022-04-12,AAPL,163.9780731201172,79265200
2022-04-13,AAPL,166.65786743164062,70618900
2022-04-14,AAPL,161.6600799560547,75329400
2022-04-18,AAPL,161.44493103027344,69023900
2022-04-19,AAPL,163.7237548828125,67723800
2022-04-20,AAPL,163.55751037597656,67929800
2022-04-21,AAPL,162.7652587890625,87227800
2022-04-22,AAPL,158.2369384765625,84882400
2022-04-25,AAPL,159.30300903320312,96046400
2022-04-26,AAPL,153.35653686523438,95623200
2022-04-27,AAPL,153.13162231445312,88063200
2022-04-28,AAPL,160.04632568359375,130216800
2022-04-29,AAPL,154.1878662109375,131747600
2022-05-02,AAPL,154.4910430908203,123055300
2022-05-03,AAPL,155.9776611328125,88966500
2022-05-04,AAPL,162.37405395507812,108256500
2022-05-05,AAPL,153.3271942138672,130525300
2022-05-06,AAPL,154.05198669433594,116124600
2022-05-09,AAPL,148.93911743164062,131577900
2022-05-10,AAPL,151.3388671875,115366700
2022-05-11,AAPL,143.49325561523438,142689800
2022-05-12,AAPL,139.6341094970703,182602000
2022-05-13,AAPL,144.0907440185547,113990900
2022-05-16,AAPL,142.55294799804688,86643800
2022-05-17,AAPL,146.17703247070312,78336300
2022-05-18,AAPL,137.9298095703125,109742900
2022-05-19,AAPL,134.5310516357422,136095600
2022-05-20,AAPL,134.76609802246094,137426100
2022-05-23,AAPL,140.17283630371094,117726300
2022-05-24,AAPL,137.47927856445312,104132700
2022-05-25,AAPL,137.635986328125,92482700
2022-05-26,AAPL,140.82908630371094,90601500
2022-05-27,AAPL,146.56883239746094,90978500
2022-05-31,AAPL,145.78521728515625,103718400
2022-06-01,AAPL,145.65786743164062,74286600
2022-06-02,AAPL,148.1065673828125,72348100
2022-06-03,AAPL,142.39627075195312,88570300
2022-06-06,AAPL,143.140625,71598400
2022-06-07,AAPL,145.65786743164062,67808200
2022-06-08,AAPL,144.92327880859375,53950200
2022-06-09,AAPL,139.71246337890625,69473000
2022-06-10,AAPL,134.31556701660156,91437900
2022-06-13,AAPL,129.17333984375,122207100
2022-06-14,AAPL,130.03524780273438,84784300
2022-06-15,AAPL,132.65042114257812,91533000
2022-06-16,AAPL,127.39069366455078,108123900
2022-06-17,AAPL,128.85992431640625,134520300
2022-06-21,AAPL,133.0814208984375,81000500
2022-06-22,AAPL,132.57212829589844,73409200
2022-06-23,AAPL,135.4321746826172,72433800
2022-06-24,AAPL,138.75259399414062,89116800
2022-06-27,AAPL,138.75259399414062,70207900
2022-06-28,AAPL,134.6191864013672,67083400
2022-06-29,AAPL,136.3724365234375,66242400
2022-06-30,AAPL,133.91397094726562,98964500
2022-07-01,AAPL,136.07861328125,71051600
2022-07-05,AAPL,138.65464782714844,73353800
2022-07-06,AAPL,139.98670959472656,74064300
2022-07-07,AAPL,143.34634399414062,66253700
2022-07-08,AAPL,144.0221710205078,64547800
2022-07-11,AAPL,141.89671325683594,63141600
2022-07-12,AAPL,142.86639404296875,77588800
2022-07-13,AAPL,142.50399780273438,71185600
2022-07-14,AAPL,145.4228057861328,78140700
2022-07-15,AAPL,147.08790588378906,76259900
2022-07-18,AAPL,144.05157470703125,81420900
2022-07-19,AAPL,147.90089416503906,82982400
2022-07-20,AAPL,149.8990478515625,64823400
2022-07-21,AAPL,152.16160583496094,65086600
2022-07-22,AAPL,150.9274444580078,66675400
2022-07-25,AAPL,149.81085205078125,53623900
2022-07-26,AAPL,148.48861694335938,55138700
2022-07-27,AAPL,153.57208251953125,78620700
2022-07-28,AAPL,154.12057495117188,81378700
2022-07-29,AAPL,159.17465209960938,101786900
2022-08-01,AAPL,158.1951904296875,67829400
2022-08-02,AAPL,156.72596740722656,59907000
2022-08-03,AAPL,162.7203826904297,82507500
2022-08-04,AAPL,162.40695190429688,55474100
2022-08-05,AAPL,162.18136596679688,56697000
2022-08-08,AAPL,161.71054077148438,60276900
2022-08-09,AAPL,161.7595672607422,63135500
2022-08-10,AAPL,165.996826171875,70170500
2022-08-11,AAPL,165.26119995117188,57149200
2022-08-12,AAPL,168.80198669433594,68039400
2022-08-15,AAPL,169.87109375,54091700
2022-08-16,AAPL,169.7141876220703,56377100
2022-08-17,AAPL,171.20506286621094,79542000
2022-08-18,AAPL,170.81268310546875,62290100
2022-08-19,AAPL,168.2331085205078,70346300
2022-08-22,AAPL,164.3588104248047,69026800
2022-08-23,AAPL,164.02532958984375,54147100
2022-08-24,AAPL,164.31956481933594,53841500
2022-08-25,AAPL,166.77166748046875,51218200
2022-08-26,AAPL,160.48448181152344,78961000
2022-08-29,AAPL,158.28741455078125,73314000
2022-08-30,AAPL,155.86474609375,77906200
2022-08-31,AAPL,154.20713806152344,87991100
2022-09-01,AAPL,154.93299865722656,74229900
2022-09-02,AAPL,152.82415771484375,76957800
2022-09-06,AAPL,151.56866455078125,73714800
2022-09-07,AAPL,152.97128295898438,87449600
2022-09-08,AAPL,151.50006103515625,84923800
2022-09-09,AAPL,154.3542938232422,68028800
2022-09-12,AAPL,160.29815673828125,104956000
2022-09-13,AAPL,150.8918914794922,122656600
2022-09-14,AAPL,152.333740234375,87965400
2022-09-15,AAPL,149.45010375976562,90481100
2022-09-16,AAPL,147.8120574951172,162278800
2022-09-19,AAPL,151.51963806152344,81474200
2022-09-20,AAPL,153.89329528808594,107689800
2022-09-21,AAPL,150.7742156982422,101696800
2022-09-22,AAPL,149.81301879882812,86652500
2022-09-23,AAPL,147.54722595214844,96029900
2022-09-26,AAPL,147.8807373046875,93339400
2022-09-27,AAPL,148.85179138183594,84442700
2022-09-28,AAPL,146.9685821533203,146691400
2022-09-29,AAPL,139.74960327148438,128138200
2022-09-30,AAPL,135.5515899658203,124925300
2022-10-03,AAPL,139.72018432617188,114311700
2022-10-04,AAPL,143.3002471923828,87830100
2022-10-05,AAPL,143.59451293945312,79471000
2022-10-06,AAPL,142.64305114746094,68402200
2022-10-07,AAPL,137.40541076660156,85925600
2022-10-10,AAPL,137.7290802001953,74899000
2022-10-11,AAPL,136.31668090820312,77033700
2022-10-12,AAPL,135.68894958496094,70433700
2022-10-13,AAPL,140.24981689453125,113224000
2022-10-14,AAPL,135.7281494140625,88598000
2022-10-17,AAPL,139.6809844970703,85250900
2022-10-18,AAPL,140.9952850341797,99136600
2022-10-19,AAPL,141.10317993164062,61758300
2022-10-20,AAPL,140.6421661376953,64522000
2022-10-21,AAPL,144.44786071777344,86548600
2022-10-24,AAPL,146.58604431152344,75981900
2022-10-25,AAPL,149.42066955566406,74732300
2022-10-26,AAPL,146.48794555664062,88194300
2022-10-27,AAPL,142.02516174316406,109180200
2022-10-28,AAPL,152.75552368164062,164762400
2022-10-31,AAPL,150.40145874023438,97943200
2022-11-01,AAPL,147.76303100585938,80379300
2022-11-02,AAPL,142.250732421875,93604600
2022-11-03,AAPL,136.2186279296875,97918500
2022-11-04,AAPL,135.95330810546875,140814800
2022-11-07,AAPL,136.48387145996094,83374600
2022-11-08,AAPL,137.05369567871094,89908500
2022-11-09,AAPL,132.50489807128906,74917800
2022-11-10,AAPL,144.29444885253906,118854000
2022-11-11,AAPL,147.0747833251953,93979700
2022-11-14,AAPL,145.6797637939453,73374100
2022-11-15,AAPL,147.40884399414062,89868300
2022-11-16,AAPL,146.18080139160156,64218300
2022-11-17,AAPL,148.07691955566406,80389400
2022-11-18,AAPL,148.63693237304688,74829600
2022-11-21,AAPL,145.41448974609375,58724100
2022-11-22,AAPL,147.54638671875,51804100
2022-11-23,AAPL,148.4208221435547,58301400
2022-11-25,AAPL,145.51271057128906,35195900
2022-11-28,AAPL,141.69093322753906,69246000
2022-11-29,AAPL,138.69442749023438,83763800
2022-11-30,AAPL,145.43411254882812,111380900
2022-12-01,AAPL,145.70916748046875,71250400
2022-12-02,AAPL,145.2179718017578,65447400
2022-12-05,AAPL,144.05868530273438,68826400
2022-12-06,AAPL,140.40390014648438,64727200
2022-12-07,AAPL,138.4684600830078,69721100
2022-12-08,AAPL,140.14845275878906,62128300
2022-12-09,AAPL,139.6670684814453,76097000
2022-12-12,AAPL,141.9561767578125,70462700
2022-12-13,AAPL,142.91900634765625,93886200
2022-12-14,AAPL,140.69866943359375,82291200
2022-12-15,AAPL,134.10630798339844,98931900
2022-12-16,AAPL,132.15122985839844,160156900
2022-12-19,AAPL,130.0487060546875,79592600
2022-12-20,AAPL,129.97998046875,77432800
2022-12-21,AAPL,133.07470703125,85928000
2022-12-22,AAPL,129.91119384765625,77852100
2022-12-23,AAPL,129.54763793945312,63814900
2022-12-27,AAPL,127.74976348876953,69007800
2022-12-28,AAPL,123.82972717285156,85438400
2022-12-29,AAPL,127.33715057373047,75703700
2022-12-30,AAPL,127.6515121459961,77034200
2023-01-03,AAPL,122.87673950195312,112117500
2023-01-04,AAPL,124.14412689208984,89113600
2023-01-05,AAPL,122.82762145996094,80962700
2023-01-06,AAPL,127.34693908691406,87754700
2023-01-09,AAPL,127.86763000488281,70790800
2023-01-10,AAPL,128.43746948242188,63896200
2023-01-11,AAPL,131.14910888671875,69458900
2023-01-12,AAPL,131.07046508789062,71379600
2023-01-13,AAPL,132.39682006835938,57809700
2023-01-17,AAPL,133.5561065673828,63646600
2023-01-18,AAPL,132.8389129638672,69672800
2023-01-19,AAPL,132.8978729248047,58280400
2023-01-20,AAPL,135.45223999023438,80223600
2023-01-23,AAPL,138.6354522705078,81760300
2023-01-24,AAPL,140.03053283691406,66435100
2023-01-25,AAPL,139.37229919433594,65799300
2023-01-26,AAPL,141.43548583984375,54105100
2023-01-27,AAPL,143.3709259033203,70555800
2023-01-30,AAPL,140.49229431152344,64015300
2023-01-31,AAPL,141.7597198486328,65874500
2023-02-01,AAPL,142.87966918945312,77663600
2023-02-02,AAPL,148.17520141601562,118339000
2023-02-03,AAPL,151.79066467285156,154357300
2023-02-06,AAPL,149.0692138671875,69858300
2023-02-07,AAPL,151.93798828125,83322600
2023-02-08,AAPL,149.2559356689453,64120100
2023-02-09,AAPL,148.22430419921875,56007100
2023-02-10,AAPL,148.58836364746094,57450700
2023-02-13,AAPL,151.38287353515625,62199000
2023-02-14,AAPL,150.74327087402344,61707600
2023-02-15,AAPL,152.839111328125,65573800
2023-02-16,AAPL,151.24510192871094,68167900
2023-02-17,AAPL,150.10366821289062,59144100
2023-02-21,AAPL,146.09893798828125,58867200
2023-02-22,AAPL,146.5220489501953,51011300
2023-02-23,AAPL,147.0041961669922,48394200
2023-02-24,AAPL,144.3573455810547,55469600
2023-02-27,AAPL,145.5479278564453,44998500
2023-02-28,AAPL,145.046142578125,50547000
2023-03-01,AAPL,142.9797821044922,55479000
2023-03-02,AAPL,143.5701446533203,52238100
2023-03-03,AAPL,148.60804748535156,70732300
2023-03-06,AAPL,151.3631591796875,87558000
2023-03-07,AAPL,149.1688995361328,56182000
2023-03-08,AAPL,150.41856384277344,47204800
2023-03-09,AAPL,148.1751251220703,53833600
2023-03-10,AAPL,146.1186065673828,68572400
2023-03-13,AAPL,148.05702209472656,84457100
2023-03-14,AAPL,150.14303588867188,73695900
2023-03-15,AAPL,150.53663635253906,77167900
2023-03-16,AAPL,153.35079956054688,76161100
2023-03-17,AAPL,152.51441955566406,98944600
2023-03-20,AAPL,154.87591552734375,73641400
2023-03-21,AAPL,156.7257537841797,73938300
2023-03-22,AAPL,155.29901123046875,75701800
2023-03-23,AAPL,156.38137817382812,67622100
2023-03-24,AAPL,157.68020629882812,59196500
2023-03-27,AAPL,155.74180603027344,52390300
2023-03-28,AAPL,155.12185668945312,45992200
2023-03-29,AAPL,158.19186401367188,51305700
2023-03-30,AAPL,159.75636291503906,49501700
2023-03-31,AAPL,162.25563049316406,68749800
2023-04-03,AAPL,163.5052490234375,56976200
2023-04-04,AAPL,162.97393798828125,46278300
2023-04-05,AAPL,161.13389587402344,51511700
2023-04-06,AAPL,162.01947021484375,45390100
2023-04-10,AAPL,159.43167114257812,47716900
2023-04-11,AAPL,158.22137451171875,47644200
2023-04-12,AAPL,157.53262329101562,50133100
2023-04-13,AAPL,162.90504455566406,68445600
2023-04-14,AAPL,162.56063842773438,49386500
2023-04-17,AAPL,162.58035278320312,41516200
2023-04-18,AAPL,163.80044555664062,49923000
2023-04-19,AAPL,164.94186401367188,47720200
2023-04-20,AAPL,163.97756958007812,52456400
2023-04-21,AAPL,162.37371826171875,58337300
2023-04-24,AAPL,162.67874145507812,41949600
2023-04-25,AAPL,161.14376831054688,48714100
2023-04-26,AAPL,161.13389587402344,45498800
2023-04-27,AAPL,165.70933532714844,64902300
2023-04-28,AAPL,166.95896911621094,55275900
2023-05-01,AAPL,166.87042236328125,52472900
2023-05-02,AAPL,165.8372344970703,48425700
2023-05-03,AAPL,164.76475524902344,65136000
2023-05-04,AAPL,163.1313934326172,81235400
2023-05-05,AAPL,170.78662109375,113453200
2023-05-08,AAPL,170.71771240234375,55962800
2023-05-09,AAPL,169.01547241210938,45326900
2023-05-10,AAPL,170.77676391601562,53724500
2023-05-11,AAPL,170.96368408203125,49514700
2023-05-12,AAPL,170.03750610351562,45533100
2023-05-15,AAPL,169.5448455810547,37266700
2023-05-16,AAPL,169.5448455810547,42110300
2023-05-17,AAPL,170.15576171875,57951600
2023-05-18,AAPL,172.48110961914062,65496700
2023-05-19,AAPL,172.58949279785156,55809500
2023-05-22,AAPL,171.64356994628906,43570900
2023-05-23,AAPL,169.04229736328125,50747300
2023-05-24,AAPL,169.3181915283203,45143500
2023-05-25,AAPL,170.45135498046875,56058300
2023-05-26,AAPL,172.85556030273438,54835000
2023-05-30,AAPL,174.6980743408203,55964400
2023-05-31,AAPL,174.6488494873047,99625300
2023-06-01,AAPL,177.44715881347656,68901800
2023-06-02,AAPL,178.29452514648438,61996900
2023-06-05,AAPL,176.94461059570312,121946500
2023-06-06,AAPL,176.58004760742188,64848400
2023-06-07,AAPL,175.21044921875,61944600
2023-06-08,AAPL,177.92010498046875,50214900
2023-06-09,AAPL,178.30441284179688,48900000
2023-06-12,AAPL,181.0928192138672,54274900
2023-06-13,AAPL,180.619873046875,54929100
2023-06-14,AAPL,181.25048828125,57462900
2023-06-15,AAPL,183.2802734375,65433200
2023-06-16,AAPL,182.20628356933594,101256200
2023-06-20,AAPL,182.29495239257812,49799100
2023-06-21,AAPL,181.26036071777344,49515700
2023-06-22,AAPL,184.25575256347656,51245300
2023-06-23,AAPL,183.94041442871094,53117000
2023-06-26,AAPL,182.55113220214844,48088700
2023-06-27,AAPL,185.3002166748047,50730800
2023-06-28,AAPL,186.47271728515625,51216800
2023-06-29,AAPL,186.80772399902344,46347300
2023-06-30,AAPL,191.12347412109375,85213200
2023-07-03,AAPL,189.63560485839844,31458200
2023-07-05,AAPL,188.52220153808594,46920300
2023-07-06,AAPL,188.99517822265625,45094300
2023-07-07,AAPL,187.88172912597656,46815000
2023-07-10,AAPL,185.8421173095703,59922200
2023-07-11,AAPL,185.31988525390625,46638100
2023-07-12,AAPL,186.98509216308594,60750200
2023-07-13,AAPL,187.7437744140625,41342300
2023-07-14,AAPL,187.8916015625,41616200
2023-07-17,AAPL,191.14315795898438,50520200
2023-07-18,AAPL,190.88699340820312,48288200
2023-07-19,AAPL,192.23687744140625,80507300
2023-07-20,AAPL,190.29579162597656,59581200
2023-07-21,AAPL,189.1232452392578,71951700
2023-07-24,AAPL,189.92135620117188,45377800
2023-07-25,AAPL,190.77859497070312,37283200
2023-07-26,AAPL,191.64569091796875,47471900
2023-07-27,AAPL,190.3844451904297,47460200
2023-07-28,AAPL,192.95614624023438,48291400
2023-07-31,AAPL,193.56704711914062,38824100
2023-08-01,AAPL,192.73939514160156,35175100
2023-08-02,AAPL,189.75384521484375,50389300
2023-08-03,AAPL,188.36456298828125,61235200
2023-08-04,AAPL,179.3192596435547,115956800
2023-08-07,AAPL,176.22537231445312,97576100
2023-08-08,AAPL,177.16143798828125,67823000
2023-08-09,AAPL,175.57504272460938,60378500
2023-08-10,AAPL,175.3582763671875,54686900
2023-08-11,AAPL,175.41746520996094,52036700
2023-08-14,AAPL,177.065185546875,43675600
2023-08-15,AAPL,175.0819854736328,43622600
2023-08-16,AAPL,174.21371459960938,46964900
2023-08-17,AAPL,171.6780548095703,66062900
2023-08-18,AAPL,172.1614990234375,61172200
2023-08-21,AAPL,173.49349975585938,46311900
2023-08-22,AAPL,174.86489868164062,42038900
2023-08-23,AAPL,178.70301818847656,52722800
2023-08-24,AAPL,174.02630615234375,54945800
2023-08-25,AAPL,176.22650146484375,51449600
2023-08-28,AAPL,177.78543090820312,43820700
2023-08-29,AAPL,181.66299438476562,53003900
2023-08-30,AAPL,185.14588928222656,60813900
2023-08-31,AAPL,185.36294555664062,60794500
2023-09-01,AAPL,186.93174743652344,45766500
2023-09-05,AAPL,187.16854858398438,45280000
2023-09-06,AAPL,180.46914672851562,81755800
2023-09-07,AAPL,175.19053649902344,112488800
2023-09-08,AAPL,175.80224609375,65551300
2023-09-11,AAPL,176.96652221679688,58953100
2023-09-12,AAPL,173.94732666015625,90370200
2023-09-13,AAPL,171.88523864746094,84267900
2023-09-14,AAPL,173.3948211669922,60895800
2023-09-15,AAPL,172.67453002929688,109259500
2023-09-18,AAPL,175.59506225585938,67257600
2023-09-19,AAPL,176.6803741455078,51826900
2023-09-20,AAPL,173.14816284179688,58436200
2023-09-21,AAPL,171.60894775390625,63149100
2023-09-22,AAPL,172.4574737548828,56725400
2023-09-25,AAPL,173.73031616210938,46172700
2023-09-26,AAPL,169.66525268554688,64588900
2023-09-27,AAPL,168.15570068359375,66921800
2023-09-28,AAPL,168.41220092773438,56294400
2023-09-29,AAPL,168.92527770996094,51861100
2023-10-02,AAPL,171.431396484375,52164500
2023-10-03,AAPL,170.09938049316406,49594600
2023-10-04,AAPL,171.34255981445312,53020300
2023-10-05,AAPL,172.5758819580078,48527900
2023-10-06,AAPL,175.12149047851562,57266700
2023-10-09,AAPL,176.60145568847656,42390800
2023-10-10,AAPL,176.0094451904297,43698000
2023-10-11,AAPL,177.40065002441406,47551100
2023-10-12,AAPL,178.29847717285156,56743100
2023-10-13,AAPL,176.4633331298828,51427100
2023-10-16,AAPL,176.3350372314453,52517000
2023-10-17,AAPL,174.78599548339844,57549400
2023-10-18,AAPL,173.49349975585938,54764400
2023-10-19,AAPL,173.1185760498047,59302900
2023-10-20,AAPL,170.572998046875,64244000
2023-10-23,AAPL,170.6913604736328,55980100
2023-10-24,AAPL,171.12551879882812,43816600
2023-10-25,AAPL,168.8167266845703,57157000
2023-10-26,AAPL,164.6629180908203,70625300
2023-10-27,AAPL,165.97515869140625,58499100
2023-10-30,AAPL,168.0175323486328,51131000
2023-10-31,AAPL,168.4911651611328,44846000
2023-11-01,AAPL,171.6484375,56934900
2023-11-02,AAPL,175.20040893554688,77334800
2023-11-03,AAPL,174.29266357421875,79829200
2023-11-06,AAPL,176.83824157714844,63841300
2023-11-07,AAPL,179.39370727539062,70530000
2023-11-08,AAPL,180.4494171142578,49340300
2023-11-09,AAPL,179.975830078125,53763500
2023-11-10,AAPL,184.1548614501953,66133400
2023-11-13,AAPL,182.5741424560547,43627500
2023-11-14,AAPL,185.18234252929688,60108400
2023-11-15,AAPL,185.74545288085938,53790500
2023-11-16,AAPL,187.42498779296875,54412900
2023-11-17,AAPL,187.40525817871094,50922700
2023-11-20,AAPL,189.14402770996094,46505100
2023-11-21,AAPL,188.3437957763672,38134500
2023-11-22,AAPL,189.0056915283203,39617700
2023-11-24,AAPL,187.681884765625,24048300
2023-11-27,AAPL,187.50401306152344,40552600
2023-11-28,AAPL,188.106689453125,38415400
2023-11-29,AAPL,187.08908081054688,43014200
2023-11-30,AAPL,187.66209411621094,48794400
2023-12-01,AAPL,188.9365692138672,45704800
2023-12-04,AAPL,187.1483612060547,43389500
2023-12-05,AAPL,191.09030151367188,66628400
2023-12-06,AAPL,190.0035400390625,41089700
2023-12-07,AAPL,191.9300537109375,47477700
2023-12-08,AAPL,193.35272216796875,53406400
2023-12-11,AAPL,190.85321044921875,60943700
2023-12-12,AAPL,192.36476135253906,52696900
2023-12-13,AAPL,195.57566833496094,70404200
2023-12-14,AAPL,195.7238006591797,66831600
2023-12-15,AAPL,195.1903076171875,128538400
2023-12-18,AAPL,193.5305633544922,55751900
2023-12-19,AAPL,194.5679168701172,40714100
2023-12-20,AAPL,192.48333740234375,52242800
2023-12-21,AAPL,192.33509826660156,46482500
2023-12-22,AAPL,191.26815795898438,37149600
2023-12-26,AAPL,190.72476196289062,28919300
2023-12-27,AAPL,190.8235321044922,48087700
2023-12-28,AAPL,191.24838256835938,34049900
2023-12-29,AAPL,190.21102905273438,42672100
2024-01-02,AAPL,183.4040069580078,82488700
2024-01-03,AAPL,182.03073120117188,58414500
2024-01-04,AAPL,179.71893310546875,71983600
2024-01-05,AAPL,178.9977264404297,62379700
2024-01-08,AAPL,183.32498168945312,59144500
2024-01-09,AAPL,182.91001892089844,42841800
2024-01-10,AAPL,183.94737243652344,46792900
2024-01-11,AAPL,183.3546142578125,49128400
2024-01-12,AAPL,183.68063354492188,40477800
2024-01-16,AAPL,181.41824340820312,65603000
2024-01-17,AAPL,180.4796600341797,47317400
2024-01-18,AAPL,186.3579864501953,78005800
2024-01-19,AAPL,189.25271606445312,68903000
2024-01-22,AAPL,191.55462646484375,60133900
2024-01-23,AAPL,192.8291015625,42355600
2024-01-24,AAPL,192.15731811523438,53631300
2024-01-25,AAPL,191.83128356933594,54822100
2024-01-26,AAPL,190.10232543945312,44594000
2024-01-29,AAPL,189.42063903808594,47145600
2024-01-30,AAPL,185.77508544921875,55859400
2024-01-31,AAPL,182.17893981933594,55467800
2024-02-01,AAPL,184.60931396484375,64885400
2024-02-02,AAPL,183.6114959716797,102551700
2024-02-05,AAPL,185.41941833496094,69668800
2024-02-06,AAPL,187.0199432373047,43490800
2024-02-07,AAPL,187.12860107421875,53439000
2024-02-08,AAPL,186.05172729492188,40962000
2024-02-09,AAPL,186.8134002685547,45155200
2024-02-12,AAPL,185.1317596435547,41781900
2024-02-13,AAPL,183.0445098876953,56529500
2024-02-14,AAPL,182.16412353515625,54630500
2024-02-15,AAPL,181.87721252441406,65434500
2024-02-16,AAPL,180.34393310546875,49752500
2024-02-20,AAPL,179.60202026367188,53665600
2024-02-21,AAPL,180.35385131835938,41371400
2024-02-22,AAPL,182.3817138671875,52292200
2024-02-23,AAPL,180.55169677734375,45119700
2024-02-26,AAPL,179.20635986328125,40867400
2024-02-27,AAPL,180.66050720214844,54318900
2024-02-28,AAPL,179.46353149414062,48953900
2024-02-29,AAPL,178.80078125,136682600
2024-03-01,AAPL,177.7225341796875,73563100
2024-03-04,AAPL,173.2117156982422,81510100
2024-03-05,AAPL,168.285400390625,95132400
2024-03-06,AAPL,167.2961883544922,68587700
2024-03-07,AAPL,167.177490234375,71765100
2024-03-08,AAPL,168.88885498046875,76267000
2024-03-11,AAPL,170.88705444335938,60139500
2024-03-12,AAPL,171.3618621826172,59825400
2024-03-13,AAPL,169.2845458984375,52488700
2024-03-14,AAPL,171.13433837890625,72913500
2024-03-15,AAPL,170.75843811035156,121752700
2024-03-18,AAPL,171.8466033935547,75604200
2024-03-19,AAPL,174.18113708496094,55215200
2024-03-20,AAPL,176.7432098388672,53423100
2024-03-21,AAPL,169.52191162109375,106181300
2024-03-22,AAPL,170.42213439941406,71160100
2024-03-25,AAPL,169.00755310058594,54288300
2024-03-26,AAPL,167.87982177734375,57388400
2024-03-27,AAPL,171.4409942626953,60273300
2024-03-28,AAPL,169.6307373046875,65672700
2024-04-01,AAPL,168.19638061523438,46240500
2024-04-02,AAPL,167.01922607421875,49329500
2024-04-03,AAPL,167.82049560546875,47691700
2024-04-04,AAPL,166.9994354248047,53704400
2024-04-05,AAPL,167.751220703125,42104800
2024-04-08,AAPL,166.63343811035156,37425500
2024-04-09,AAPL,167.8402557373047,42373800
2024-04-10,AAPL,165.9706573486328,49709300
2024-04-11,AAPL,173.15235900878906,91070300
2024-04-12,AAPL,174.64605712890625,101670900
2024-04-15,AAPL,170.8276824951172,73531800
2024-04-16,AAPL,167.55340576171875,73711200
2024-04-17,AAPL,166.18829345703125,50901200
2024-04-18,AAPL,165.23858642578125,43122900
2024-04-19,AAPL,163.22061157226562,68149400
2024-04-22,AAPL,164.05154418945312,48116400
2024-04-23,AAPL,165.10011291503906,49537800
2024-04-24,AAPL,167.1973114013672,48251800
2024-04-25,AAPL,168.0579071044922,50558300
2024-04-26,AAPL,167.47425842285156,44838400
2024-04-29,AAPL,171.6289520263672,68169400
2024-04-30,AAPL,168.4931640625,65934800
2024-05-01,AAPL,167.47425842285156,50383100
2024-05-02,AAPL,171.16404724121094,94214900
2024-05-03,AAPL,181.4024200439453,163224100
2024-05-06,AAPL,179.75042724609375,78569700
2024-05-07,AAPL,180.43301391601562,77305800
2024-05-08,AAPL,180.76931762695312,45057100
2024-05-09,AAPL,182.57958984375,48983000
2024-05-10,AAPL,181.32154846191406,50759500
2024-05-13,AAPL,184.52110290527344,72044800
2024-05-14,AAPL,185.66021728515625,52393600
2024-05-15,AAPL,187.9285888671875,70400000
2024-05-16,AAPL,188.04745483398438,52845200
2024-05-17,AAPL,188.07717895507812,41282900
2024-05-20,AAPL,189.2361297607422,44361300
2024-05-21,AAPL,190.5337677001953,42309400
2024-05-22,AAPL,189.0974578857422,34648500
2024-05-23,AAPL,185.11541748046875,51005900
2024-05-24,AAPL,188.1861114501953,36327000
2024-05-28,AAPL,188.196044921875,52280100
2024-05-29,AAPL,188.49317932128906,53068000
2024-05-30,AAPL,189.4837646484375,49889100
2024-05-31,AAPL,190.43470764160156,75158300
2024-06-03,AAPL,192.19789123535156,50080500
2024-06-04,AAPL,192.51487731933594,47471400
2024-06-05,AAPL,194.02052307128906,54156800
2024-06-06,AAPL,192.6436309814453,41181800
2024-06-07,AAPL,195.03089904785156,53103900
2024-06-10,AAPL,191.2964630126953,97010200
2024-06-11,AAPL,205.19400024414062,172373300
2024-06-12,AAPL,211.05813598632812,198134300
2024-06-13,AAPL,212.217041015625,97862700
2024-06-14,AAPL,210.4835968017578,70122700
2024-06-17,AAPL,214.62413024902344,93728300
2024-06-18,AAPL,212.26657104492188,79943300
2024-06-20,AAPL,207.7001190185547,86172500
2024-06-21,AAPL,205.53082275390625,241805100
2024-06-24,AAPL,206.17465209960938,80727000
2024-06-25,AAPL,207.09593200683594,55549700
2024-06-26,AAPL,211.23641967773438,66213200
2024-06-27,AAPL,212.07838439941406,49772700
2024-06-28,AAPL,208.63125610351562,82542700
2024-07-01,AAPL,214.70338439941406,60402900
2024-07-02,AAPL,218.19015502929688,58046200
2024-07-03,AAPL,219.45803833007812,37369800
2024-07-05,AAPL,224.20281982421875,60412400
2024-07-08,AAPL,225.66883850097656,59085900
2024-07-09,AAPL,226.52072143554688,48076100
2024-07-10,AAPL,230.7801055908203,62627700
2024-07-11,AAPL,225.4212188720703,64710600
2024-07-12,AAPL,228.36314392089844,53046500
2024-07-15,AAPL,232.1866912841797,62631300
2024-07-16,AAPL,232.60276794433594,43234300
2024-07-17,AAPL,226.71885681152344,57345900
2024-07-18,AAPL,222.06320190429688,66034600
2024-07-19,AAPL,222.19198608398438,49151500
2024-07-22,AAPL,221.84530639648438,48201800
2024-07-23,AAPL,222.8853759765625,39960300
2024-07-24,AAPL,216.47645568847656,61777600
2024-07-25,AAPL,215.43638610839844,51391200
2024-07-26,AAPL,215.90194702148438,41601300
2024-07-29,AAPL,216.17930603027344,36311800
2024-07-30,AAPL,216.73402404785156,41643800
2024-07-31,AAPL,219.9830322265625,50036300
2024-08-01,AAPL,216.2981719970703,62501000
2024-08-02,AAPL,217.7840118408203,105568600
2024-08-05,AAPL,207.2939910888672,119548600
2024-08-06,AAPL,205.27325439453125,69660500
2024-08-07,AAPL,207.8388214111328,63516400
2024-08-08,AAPL,211.2958526611328,47161100
2024-08-09,AAPL,214.1981658935547,42201600
2024-08-12,AAPL,215.72540283203125,38028100
2024-08-13,AAPL,219.4344024658203,44155300
2024-08-14,AAPL,219.88067626953125,41960600
2024-08-15,AAPL,222.85577392578125,46414000
2024-08-16,AAPL,224.17474365234375,44340200
2024-08-19,AAPL,224.01602172851562,40687800
2024-08-20,AAPL,224.6309051513672,30299000
2024-08-21,AAPL,224.52183532714844,34765500
2024-08-22,AAPL,222.6673583984375,43695300
2024-08-23,AAPL,224.95816040039062,38677300
2024-08-26,AAPL,225.29534912109375,30602200
2024-08-27,AAPL,226.13829040527344,35934600
2024-08-28,AAPL,224.611083984375,38052200
2024-08-29,AAPL,227.8837127685547,51906300
2024-08-30,AAPL,227.1002655029297,52990800
2024-09-03,AAPL,220.92196655273438,50190600
2024-09-04,AAPL,219.01788330078125,43840200
2024-09-05,AAPL,220.53517150878906,36615400
2024-09-06,AAPL,218.98814392089844,48423000
2024-09-09,AAPL,219.07736206054688,67180000
2024-09-10,AAPL,218.28399658203125,51591000
2024-09-11,AAPL,220.81285095214844,44587100
2024-09-12,AAPL,220.92196655273438,37455600
2024-09-13,AAPL,220.65419006347656,36766600
2024-09-16,AAPL,214.5254669189453,59357400
2024-09-17,AAPL,214.9915313720703,45519300
2024-09-18,AAPL,218.85919189453125,59894900
2024-09-19,AAPL,226.97134399414062,66781300
2024-09-20,AAPL,226.30690002441406,318679900
2024-09-23,AAPL,224.59127807617188,54146000
2024-09-24,AAPL,225.48379516601562,43556100
2024-09-25,AAPL,224.4920654296875,42308700
2024-09-26,AAPL,225.63255310058594,36636700
2024-09-27,AAPL,225.90029907226562,34026000
2024-09-30,AAPL,231.06707763671875,54541900
2024-10-01,AAPL,224.33340454101562,63285000
2024-10-02,AAPL,224.89866638183594,32880600
2024-10-03,AAPL,223.79788208007812,34044200
2024-10-04,AAPL,224.9185028076172,37245100
2024-10-07,AAPL,219.85089111328125,39505400
2024-10-08,AAPL,223.89707946777344,31855700
2024-10-09,AAPL,227.63577270507812,33591100
2024-10-10,AAPL,227.13992309570312,28183500
2024-10-11,AAPL,225.66229248046875,31759200
2024-10-14,AAPL,229.3811798095703,39882100
2024-10-15,AAPL,231.9100341796875,64751400
2024-10-16,AAPL,229.85719299316406,34082200
2024-10-17,AAPL,230.22410583496094,32993800
2024-10-18,AAPL,233.0504913330078,46431500
2024-10-21,AAPL,234.51820373535156,36254500
2024-10-22,AAPL,233.9033203125,38846600
2024-10-23,AAPL,228.8456268310547,52287000
2024-10-24,AAPL,228.65725708007812,31109500
2024-10-25,AAPL,229.4902801513672,38802300
2024-10-28,AAPL,231.4637451171875,36087100
2024-10-29,AAPL,231.73150634765625,35417200
2024-10-30,AAPL,228.19113159179688,47070900
2024-10-31,AAPL,224.035888671875,64370100
2024-11-01,AAPL,221.060791015625,65276700
2024-11-04,AAPL,220.16824340820312,44944500
2024-11-05,AAPL,221.59629821777344,28111300
2024-11-06,AAPL,220.8723602294922,54561100
2024-11-07,AAPL,225.59286499023438,42137700
2024-11-08,AAPL,225.32481384277344,38328800
2024-11-11,AAPL,222.61448669433594,42005600
2024-11-12,AAPL,222.61448669433594,40398300
2024-11-13,AAPL,223.49807739257812,48566200
2024-11-14,AAPL,226.5757598876953,44923900
2024-11-15,AAPL,223.37893676757812,47923700
2024-11-18,AAPL,226.377197265625,44633700
2024-11-19,AAPL,226.6352996826172,36211800
2024-11-20,AAPL,227.35012817382812,35169600
2024-11-21,AAPL,226.8735809326172,42108300
2024-11-22,AAPL,228.21383666992188,38168300
2024-11-25,AAPL,231.19223022460938,90152800
2024-11-26,AAPL,233.366455078125,45986200
2024-11-27,AAPL,233.2373809814453,33498400
2024-11-29,AAPL,235.62010192871094,28481400
2024-12-02,AAPL,237.86383056640625,48137100
2024-12-03,AAPL,240.9017791748047,38861000
2024-12-04,AAPL,241.25918579101562,44383900
2024-12-05,AAPL,241.28895568847656,40033900
2024-12-06,AAPL,241.09039306640625,36870600
2024-12-09,AAPL,244.9722442626953,44649200
2024-12-10,AAPL,245.98486328125,36914800
2024-12-11,AAPL,244.714111328125,45205800
2024-12-12,AAPL,246.1735076904297,32777500
2024-12-13,AAPL,246.34228515625,33155300
2024-12-16,AAPL,249.23130798339844,51694800
2024-12-17,AAPL,251.65371704101562,51356400
2024-12-18,AAPL,246.26287841796875,56774100
2024-12-19,AAPL,247.9903106689453,60882300
2024-12-20,AAPL,252.65647888183594,147495300
2024-12-23,AAPL,253.43084716796875,40858800
2024-12-24,AAPL,256.33978271484375,23234700
2024-12-26,AAPL,257.1537780761719,27237100
2024-12-27,AAPL,253.74855041503906,42355300
2024-12-30,AAPL,250.38294982910156,35557500
2024-12-31,AAPL,248.61578369140625,39480700
2025-01-02,AAPL,242.0931396484375,55740700
2025-01-03,AAPL,241.6066436767578,40244100
2025-01-06,AAPL,243.23484802246094,45045600
2025-01-07,AAPL,240.46495056152344,40856000
2025-01-08,AAPL,240.951416015625,37628900
2025-01-10,AAPL,235.14356994628906,61710900
2025-01-13,AAPL,232.71119689941406,49630700
2025-01-14,AAPL,231.5992889404297,39435300
2025-01-15,AAPL,236.1562042236328,39832000
2025-01-16,AAPL,226.6154327392578,71759100
2025-01-17,AAPL,228.32305908203125,68488300
2025-01-21,AAPL,221.0359344482422,98070400
2025-01-22,AAPL,222.2173614501953,64126500
2025-01-23,AAPL,222.048583984375,60234800
2025-01-24,AAPL,221.1749267578125,54697900
2025-01-27,AAPL,228.2039031982422,94863400
2025-01-28,AAPL,236.54339599609375,75707600
2025-01-29,AAPL,237.63546752929688,45486100
2025-01-30,AAPL,235.8782196044922,55658300
2025-01-31,AAPL,234.2996826171875,100959800
2025-02-03,AAPL,226.3672332763672,73063300
2025-02-04,AAPL,231.1227569580078,45067300
2025-02-05,AAPL,230.7951202392578,39620300
2025-02-06,AAPL,231.5397186279297,29925300
2025-02-07,AAPL,225.989990234375,39707200
2025-02-10,AAPL,226.2583465576172,33115600
2025-02-11,AAPL,231.1979522705078,53718400
2025-02-12,AAPL,235.42196655273438,45243300
2025-02-13,AAPL,240.05348205566406,53614100
2025-02-14,AAPL,243.10472106933594,40896200
2025-02-18,AAPL,242.97552490234375,48822500
2025-02-19,AAPL,243.37307739257812,32204200
2025-02-20,AAPL,244.3271942138672,32316900
2025-02-21,AAPL,244.0489044189453,53197400
2025-02-24,AAPL,245.58944702148438,51326400
2025-02-25,AAPL,245.52980041503906,48013300
2025-02-26,AAPL,238.89064025878906,44433600
2025-02-27,AAPL,235.84933471679688,41153600
2025-02-28,AAPL,240.361572265625,56833400
2025-03-03,AAPL,236.5748748779297,47184000
2025-03-04,AAPL,234.48768615722656,53798100
2025-03-05,AAPL,234.29888916015625,47227600
2025-03-06,AAPL,233.8914031982422,45170400
2025-03-07,AAPL,237.60853576660156,46273600
2025-03-10,AAPL,226.08937072753906,72071200
2025-03-11,AAPL,219.48995971679688,76137400
2025-03-12,AAPL,215.65357971191406,62547500
2025-03-13,AAPL,208.39817810058594,61368300
2025-03-14,AAPL,212.1848907470703,60107600
2025-03-17,AAPL,212.69178771972656,48073400
2025-03-18,AAPL,211.38978576660156,42432400
2025-03-19,AAPL,213.92420959472656,54385400
2025-03-20,AAPL,212.7911834716797,48862900
2025-03-21,AAPL,216.93568420410156,94127800
2025-03-24,AAPL,219.380615234375,44299500
2025-03-25,AAPL,222.38218688964844,34493600
2025-03-26,AAPL,220.1757354736328,34466100
2025-03-27,AAPL,222.4815673828125,37094800
2025-03-28,AAPL,216.56793212890625,39818600
2025-03-31,AAPL,220.77206420898438,65299300
2025-04-01,AAPL,221.82562255859375,36412700
2025-04-02,AAPL,222.52134704589844,35905900
2025-04-03,AAPL,201.9478759765625,103419000
2025-04-04,AAPL,187.22840881347656,125910900
2025-04-07,AAPL,180.3507080078125,160466300
2025-04-08,AAPL,171.365966796875,120859500
2025-04-09,AAPL,197.6343994140625,184395900
2025-04-10,AAPL,189.25592041015625,121880000
2025-04-11,AAPL,196.9386749267578,87435900
2025-04-14,AAPL,201.28196716308594,101352900
2025-04-15,AAPL,200.904296875,51343900
2025-04-16,AAPL,193.08241271972656,59732400
2025-04-17,AAPL,195.7758331298828,52164700
2025-04-21,AAPL,191.97918701171875,46742500
2025-04-22,AAPL,198.5189666748047,52976400
2025-04-23,AAPL,203.3492431640625,52929200
2025-04-24,AAPL,207.09622192382812,47311000
2025-04-25,AAPL,208.00064086914062,38222300
2025-04-28,AAPL,208.85536193847656,38743100
2025-04-29,AAPL,209.91885375976562,36827600
2025-04-30,AAPL,211.20095825195312,52286500
2025-05-01,AAPL,212.01596069335938,57365700
2025-05-02,AAPL,204.09466552734375,101010600
2025-05-05,AAPL,197.6741485595703,69018500
2025-05-06,AAPL,197.2964630126953,51216500
2025-05-07,AAPL,195.05027770996094,68536700
2025-05-08,AAPL,196.28271484375,50478900
2025-05-09,AAPL,197.3163604736328,36453900
2025-05-12,AAPL,209.776123046875,63775800
2025-05-13,AAPL,211.9058380126953,51909300
2025-05-14,AAPL,211.30873107910156,49325800
2025-05-15,AAPL,210.43295288085938,45029500
2025-05-16,AAPL,210.24388122558594,54737900
2025-05-19,AAPL,207.77578735351562,46140500
2025-05-20,AAPL,205.8650360107422,42496600
2025-05-21,AAPL,201.11798095703125,59211800
2025-05-22,AAPL,200.39149475097656,46742400
2025-05-23,AAPL,194.33078002929688,78432900
2025-05-27,AAPL,199.2470245361328,56288500
2025-05-28,AAPL,199.4560089111328,45339700
2025-05-29,AAPL,198.98828125,51396800
2025-05-30,AAPL,199.8839569091797,70819900
2025-06-02,AAPL,200.7298583984375,35423300
2025-06-03,AAPL,202.29229736328125,46381600
2025-06-04,AAPL,201.84446716308594,43604000
2025-06-05,AAPL,199.66502380371094,55126100
2025-06-06,AAPL,202.93917846679688,46607700
2025-06-09,AAPL,200.4810791015625,72862600
2025-06-10,AAPL,201.69517517089844,54672600
2025-06-11,AAPL,197.8238983154297,60989900
2025-06-12,AAPL,198.24188232421875,43904600
2025-06-13,AAPL,195.50509643554688,51447300
2025-06-16,AAPL,197.46563720703125,43020700
2025-06-17,AAPL,194.69900512695312,38856200
2025-06-18,AAPL,195.63446044921875,45394700
2025-06-20,AAPL,200.03323364257812,96813500
2025-06-23,AAPL,200.53082275390625,55814300
2025-06-24,AAPL,199.33657836914062,54064000
2025-06-25,AAPL,200.5905303955078,39525700
2025-06-26,AAPL,200.03323364257812,50799100
2025-06-27,AAPL,200.1128387451172,73188600
2025-06-30,AAPL,204.1831512451172,91912800
2025-07-01,AAPL,206.82040405273438,78788900
2025-07-02,AAPL,211.41819763183594,67941800
2025-07-03,AAPL,212.5228729248047,34955800
2025-07-07,AAPL,208.94015502929688,50229000
2025-07-08,AAPL,208.9998779296875,42848900
2025-07-09,AAPL,210.12445068359375,48749400
2025-07-10,AAPL,211.38832092285156,44443600
2025-07-11,AAPL,210.1443634033203,39765800
2025-07-14,AAPL,207.61656188964844,38840100
2025-07-15,AAPL,208.10421752929688,42296300
2025-07-16,AAPL,209.14918518066406,47490500
2025-07-17,AAPL,209.0098419189453,48068100
2025-07-18,AAPL,210.16424560546875,48974600
2025-07-21,AAPL,211.45799255371094,51377400
2025-07-22,AAPL,213.3687744140625,46404100
2025-07-23,AAPL,213.11996459960938,46989300
2025-07-24,AAPL,212.73184204101562,46022600
2025-07-25,AAPL,212.85125732421875,40268800
2025-07-28,AAPL,213.02047729492188,37858000
2025-07-29,AAPL,210.2538299560547,51411700
2025-07-30,AAPL,208.04449462890625,45512500
2025-07-31,AAPL,206.57162475585938,80698400
2025-08-01,AAPL,201.40660095214844,104434500
2025-08-04,AAPL,202.37193298339844,75109300
2025-08-05,AAPL,201.94398498535156,44155100
2025-08-06,AAPL,212.22430419921875,108483100
2025-08-07,AAPL,218.9716796875,90224800
2025-08-08,AAPL,228.24688720703125,113854000
2025-08-11,AAPL,226.34390258789062,61806100
2025-08-12,AAPL,228.80479431152344,55626200
2025-08-13,AAPL,232.47125244140625,69878500
2025-08-14,AAPL,231.92327880859375,51916300
2025-08-15,AAPL,230.73764038085938,56038700
2025-08-18,AAPL,230.04022216796875,37476200
2025-08-19,AAPL,229.71144104003906,39402600
2025-08-20,AAPL,225.17819213867188,42263900
2025-08-21,AAPL,224.072265625,30621200
2025-08-22,AAPL,226.9217529296875,42477800
2025-08-25,AAPL,226.323974609375,30983100
2025-08-26,AAPL,228.46604919433594,54575100
2025-08-27,AAPL,229.64170837402344,31259500
2025-08-28,AAPL,231.7041015625,38074700
2025-08-29,AAPL,231.28562927246094,39418400
2025-09-02,AAPL,228.8745574951172,44075600
2025-09-03,AAPL,237.59234619140625,66427800
2025-09-04,AAPL,238.89752197265625,47549400
2025-09-05,AAPL,238.80783081054688,54870400
2025-09-08,AAPL,237.00450134277344,48999500
2025-09-09,AAPL,233.4875030517578,66313900
2025-09-10,AAPL,225.955322265625,83440800
2025-09-11,AAPL,229.1833953857422,50208600
2025-09-12,AAPL,233.20855712890625,55824200
2025-09-15,AAPL,235.82884216308594,42699500
2025-09-16,AAPL,237.2735137939453,63421100
2025-09-17,AAPL,238.11044311523438,46508000
2025-09-18,AAPL,237.00450134277344,44249600
2025-09-19,AAPL,244.59646606445312,163741300
2025-09-22,AAPL,255.13751220703125,105517400
2025-09-23,AAPL,253.49359130859375,60275200
2025-09-24,AAPL,251.38140869140625,42303700
2025-09-25,AAPL,255.9246063232422,55202100
2025-09-26,AAPL,254.51980590820312,46076300
2025-09-29,AAPL,253.49359130859375,40127700
2025-09-30,AAPL,253.69287109375,37704300
2025-10-01,AAPL,254.5098419189453,48713900
2025-10-02,AAPL,256.18365478515625,42630200
2025-10-03,AAPL,257.07037353515625,49155600
2025-10-06,AAPL,255.74530029296875,44664100
2025-10-07,AAPL,255.5360565185547,31955800
2025-10-08,AAPL,257.1102294921875,36496900
2025-10-09,AAPL,253.10501098632812,38322000
2025-10-10,AAPL,244.3673095703125,61999100
2025-10-13,AAPL,246.74851989746094,38142900
2025-10-14,AAPL,246.8581085205078,35478000
2025-10-15,AAPL,248.4223175048828,33893600
2025-10-16,AAPL,246.53927612304688,39777000
2025-10-17,AAPL,251.36146545410156,49147000
2025-10-20,AAPL,261.27484130859375,90483000
2025-10-21,AAPL,261.8028869628906,46695900
2025-10-22,AAPL,257.4988098144531,45015300
2025-10-23,AAPL,258.6246032714844,32754900
2025-10-24,AAPL,261.85272216796875,38253700
2025-10-27,AAPL,267.8206787109375,44888200
2025-10-28,AAPL,268.0099792480469,41534800
2025-10-29,AAPL,268.7073974609375,51086700
2025-10-30,AAPL,270.401123046875,69886500
2025-10-31,AAPL,269.37493896484375,86167100
2025-11-03,AAPL,268.05975341796875,50194600
2025-11-04,AAPL,269.0461730957031,49274800
2025-11-05,AAPL,269.14581298828125,43683100
2025-11-06,AAPL,268.7771301269531,51204000
2025-11-07,AAPL,267.48193359375,48227400
2025-11-10,AAPL,268.6986083984375,41312400
2025-11-11,AAPL,274.5028076171875,46208300
2025-11-12,AAPL,272.7276611328125,48398000
2025-11-13,AAPL,272.2090759277344,49602800
2025-11-14,AAPL,271.6705017089844,47431300
2025-11-17,AAPL,266.73394775390625,45018300
2025-11-18,AAPL,266.7140197753906,45677300
2025-11-19,AAPL,267.8309631347656,40424500
2025-11-20,AAPL,265.5272521972656,45823600
2025-11-21,AAPL,270.75299072265625,59030800
2025-11-24,AAPL,275.1709899902344,65585800
2025-11-25,AAPL,276.2181701660156,46914200
2025-11-26,AAPL,276.79656982421875,33431400
2025-11-28,AAPL,278.0930480957031,20135600
2025-12-01,AAPL,282.3315124511719,46587700
2025-12-02,AAPL,285.4131164550781,53669500
2025-12-03,AAPL,283.378662109375,43538700
2025-12-04,AAPL,279.9380187988281,43989100
2025-12-05,AAPL,278.0232238769531,47265800
2025-12-08,AAPL,277.1356506347656,38211800
2025-12-09,AAPL,276.42755126953125,32193300
2025-12-10,AAPL,278.0232238769531,33038300
2025-12-11,AAPL,277.2752685546875,33248000
2025-12-12,AAPL,277.52459716796875,39532900
2025-12-15,AAPL,273.3658752441406,50409100
2025-12-16,AAPL,273.8645324707031,37648600
2025-12-17,AAPL,271.10205078125,50138700
2025-12-18,AAPL,271.4511413574219,51630700
2025-12-19,AAPL,272.9271240234375,144632000
2025-12-22,AAPL,270.23443603515625,36571800
2025-12-23,AAPL,271.62066650390625,29642000
2025-12-24,AAPL,273.06671142578125,17910600
2025-12-26,AAPL,272.6578369140625,21521800
2025-12-29,AAPL,273.0168762207031,23715200
2025-12-30,AAPL,272.3387145996094,22139600
2025-12-31,AAPL,271.12200927734375,27293600
2026-01-02,AAPL,270.2743225097656,37838100
2026-01-05,AAPL,266.5345153808594,45647200
2026-01-06,AAPL,261.6477966308594,52352100
2026-01-07,AAPL,259.623291015625,48309800
2026-01-08,AAPL,258.3368225097656,50419300
2026-01-09,AAPL,258.6659240722656,39997000
2026-01-12,AAPL,259.5435485839844,45263800
2026-01-13,AAPL,260.34136962890625,45730800
2026-01-14,AAPL,259.2543029785156,40019400
2026-01-15,AAPL,257.5090637207031,39388600
2026-01-16,AAPL,254.8363494873047,72142800
2026-01-20,AAPL,246.0303192138672,80267500
2026-01-21,AAPL,246.9777374267578,54641700
2026-01-22,AAPL,247.67584228515625,39708300
2026-01-23,AAPL,247.36666870117188,41689000
2026-01-26,AAPL,254.7166748046875,55969200
2026-01-27,AAPL,257.5688781738281,49648300
2026-01-28,AAPL,255.743896484375,41288000
2026-01-29,AAPL,257.5788879394531,67253000
2026-01-30,AAPL,258.775634765625,92443400
2026-02-02,AAPL,269.2770690917969,73913400
2026-02-03,AAPL,268.7485046386719,64394700
2026-02-04,AAPL,275.7394104003906,90545700
2026-02-05,AAPL,275.1610412597656,52977400
2026-02-06,AAPL,277.364990234375,50453400
2026-02-09,AAPL,274.13079833984375,44623400
2026-02-10,AAPL,273.19244384765625,34376900
2026-02-11,AAPL,275.00921630859375,51931300
2026-02-12,AAPL,261.2637939453125,81077200
2026-02-13,AAPL,255.32435607910156,56290700
2026-02-17,AAPL,263.4099426269531,58469100
2026-02-18,AAPL,263.8791198730469,34203300
2026-02-19,AAPL,260.11578369140625,30845300
2026-02-20,AAPL,264.1086730957031,42070500
2026-02-23,AAPL,265.705810546875,37308200
2026-02-24,AAPL,271.6552429199219,47014600
2026-02-25,AAPL,273.74151611328125,33714300
2026-02-26,AAPL,272.4637756347656,32345100
2026-02-27,AAPL,263.7093811035156,72366500
2026-03-02,AAPL,264.2484130859375,41827900
2026-03-03,AAPL,263.2801818847656,38568900
2026-03-04,AAPL,262.0523376464844,39803100
2026-03-05,AAPL,259.8263244628906,49658600
2026-03-06,AAPL,257.0013427734375,41120000
2026-03-09,AAPL,259.41705322265625,38218500
2026-03-10,AAPL,260.3653564453125,30590800
2026-03-11,AAPL,260.3453674316406,26218900
2026-03-12,AAPL,255.30438232421875,40794000
2026-03-13,AAPL,249.6744384765625,36930000
2026-03-16,AAPL,252.36964416503906,32074200
2026-03-17,AAPL,253.77711486816406,32361600
2026-03-18,AAPL,249.49476623535156,35757900
2026-03-19,AAPL,248.5165252685547,34864100
2026-03-20,AAPL,247.54823303222656,88331100
2026-03-23,AAPL,251.04200744628906,40546100
2026-03-24,AAPL,251.1917266845703,45152300
2026-03-25,AAPL,252.16998291015625,28476700
2026-03-26,AAPL,252.43951416015625,41796700
2026-03-27,AAPL,248.35679626464844,47900000
2026-03-30,AAPL,246.19065856933594,39446200
2026-03-31,AAPL,253.337890625,49598100
2026-04-01,AAPL,255.17462158203125,40059400
2026-04-02,AAPL,255.464111328125,31289400
2026-04-06,AAPL,258.3988342285156,29329900
2026-04-07,AAPL,253.0484161376953,62148000
2026-04-08,AAPL,258.43878173828125,41032800
2026-04-09,AAPL,260.02593994140625,28121600
2026-04-10,AAPL,260.0159912109375,31291500
2026-04-13,AAPL,258.73828125,36234700
2026-04-14,AAPL,258.368896484375,48370700
2026-04-15,AAPL,265.95538330078125,49913500
2026-04-16,AAPL,262.9307556152344,43323100
2026-04-17,AAPL,269.7486267089844,61436200
2026-04-20,AAPL,272.5635681152344,36590200
2026-04-21,AAPL,265.69586181640625,50209800
2026-04-22,AAPL,272.68341064453125,43249200
2026-04-23,AAPL,272.9429016113281,33399600
2026-04-24,AAPL,270.5771179199219,38157100
2026-04-27,AAPL,267.1332702636719,41466800
2026-04-28,AAPL,270.2277526855469,40018900
2026-04-29,AAPL,269.688720703125,30047900
2026-04-30,AAPL,270.86663818359375,91848200
2026-05-01,AAPL,279.6409606933594,79915400
2026-05-04,AAPL,276.33685302734375,46668400
2026-05-05,AAPL,283.67376708984375,49311700
2026-05-06,AAPL,286.9978332519531,58336100
2026-05-07,AAPL,286.9279479980469,45224300
2026-05-08,AAPL,292.7974853515625,52692800
2026-05-11,AAPL,292.42779541015625,42247300
2026-05-12,AAPL,294.54595947265625,45748100
2026-05-13,AAPL,298.6124572753906,52684300
2026-05-14,AAPL,297.9530334472656,35324900
2026-05-15,AAPL,299.9713134765625,54862800
2026-05-18,AAPL,297.5833435058594,34483000
2026-05-19,AAPL,298.7123718261719,42243600
2026-05-20,AAPL,301.98956298828125,38229800
2026-05-21,AAPL,304.7271728515625,42965100
2026-05-22,AAPL,308.55389404296875,43670200
2026-05-26,AAPL,308.0643005371094,48000500
2026-05-27,AAPL,310.5821533203125,50430900
2026-05-28,AAPL,312.24072265625,48220400
2026-05-29,AAPL,311.7911071777344,70026800
2026-06-01,AAPL,306.0460510253906,48849900
2026-06-02,AAPL,314.92840576171875,44534700
2026-06-03,AAPL,309.9926452636719,50836700
2026-06-04,AAPL,310.9618225097656,44869100
2026-06-05,AAPL,307.0751647949219,65310500
2026-06-08,AAPL,301.2801818847656,77949100
2026-06-09,AAPL,290.29962158203125,70108800
2026-06-10,AAPL,291.3287353515625,52793300
2026-06-11,AAPL,295.375244140625,42572500
2026-06-12,AAPL,290.879150390625,38742100
2026-06-15,AAPL,296.1645812988281,45732600
2026-06-16,AAPL,298.9821472167969,39874400
2026-06-17,AAPL,295.6949768066406,42745100
2026-06-18,AAPL,297.7532043457031,85962200
2026-06-22,AAPL,296.75408935546875,44879900
2026-06-23,AAPL,294.04638671875,52010900
2026-06-24,AAPL,292.8274230957031,53081900
2026-06-25,AAPL,274.91290283203125,107013700
2026-06-26,AAPL,283.53546142578125,261775500
2026-06-29,AAPL,281.4972229003906,66427000
2026-06-30,AAPL,289.11065673828125,65100200
2026-07-01,AAPL,294.1263427734375,50164200
2026-07-02,AAPL,308.3640441894531,75352800
2026-07-06,AAPL,312.3905944824219,53590000
2026-07-07,AAPL,310.3923034667969,42490000
2026-07-08,AAPL,313.1199645996094,41323500
2026-07-09,AAPL,315.947509765625,48124500
2026-07-10,AAPL,315.0483093261719,34132300
2026-07-13,AAPL,317.03656005859375,43257800
2026-07-14,AAPL,314.58868408203125,36336800
2026-07-15,AAPL,327.2178039550781,60957600
2026-07-16,AAPL,332.97283935546875,62970600
2026-07-17,AAPL,333.452392578125,63407100
2026-07-20,AAPL,326.3085632324219,53468000
2026-07-21,AAPL,327.45758056640625,41338900
2026-07-22,AAPL,325.60919189453125,38755900
2026-07-23,AAPL,321.3828430175781,40840800
2026-07-24,AAPL,332.7330322265625,47489400
2026-07-27,AAPL,336.61968994140625,49604300
2026-07-28,AAPL,339.78692626953125,51859000
2026-07-29,AAPL,337.8985900878906,56090800
2026-07-30,AAPL,333.1426696777344,74817800
2026-07-31,AAPL,308.6438293457031,132489100
2026-08-03,AAPL,303.1585693359375,75052000
2026-08-04,AAPL,309.1134033203125,68001000
2026-08-05,AAPL,310.7320251464844,49438800
2026-08-06,AAPL,312.14080810546875,46139900
2026-08-07,AAPL,313.05999755859375,34437200
2026-08-10,AAPL,308.260009765625,44812500
2026-08-11,AAPL,304.9100036621094,37476700
2026-08-12,AAPL,302.25,41657800
2026-08-13,AAPL,305.260009765625,40349300
2026-08-14,AAPL,305.92999267578125,28229400
2026-08-17,AAPL,305.5899963378906,38169300
2026-08-18,AAPL,310.0299987792969,53424500
2026-08-19,AAPL,316.8299865722656,50505600
2026-08-20,AAPL,311.29998779296875,40959200
2026-08-21,AAPL,309.3500061035156,46876800
2026-08-24,AAPL,310.3399963378906,34673600
2026-08-25,AAPL,309.8999938964844,25869800
2026-08-26,AAPL,313.45001220703125,34024500
2026-08-27,AAPL,314.5799865722656,32419200
2026-08-28,AAPL,319.70001220703125,38649400
2026-08-31,AAPL,316.8500061035156,41242700
2026-09-01,AAPL,325.1300048828125,53167400
2026-09-02,AAPL,324.9599914550781,33776400
2026-09-03,AAPL,328.2099914550781,37225800
2026-09-04,AAPL,319.9700012207031,39606900
2026-09-08,AAPL,316.2200012207031,35477100
2026-09-09,AAPL,315.3399963378906,65640000
2026-09-10,AAPL,326.57000732421875,70011900
2026-09-11,AAPL,332.2699890136719,50716900
2026-09-14,AAPL,333.0799865722656,39269100
2026-09-15,AAPL,331.3399963378906,31748200
2018-01-02,AMZN,59.45050048828125,53890000
2018-01-03,AMZN,60.209999084472656,62176000
2018-01-04,AMZN,60.47949981689453,60442000
2018-01-05,AMZN,61.457000732421875,70894000
2018-01-08,AMZN,62.34349822998047,85590000
2018-01-09,AMZN,62.6349983215332,73226000
2018-01-10,AMZN,62.71649932861328,53720000
2018-01-11,AMZN,63.83399963378906,62500000
2018-01-12,AMZN,65.26000213623047,108874000
2018-01-16,AMZN,65.24299621582031,144414000
2018-01-17,AMZN,64.75,105076000
2018-01-18,AMZN,64.66600036621094,80538000
2018-01-19,AMZN,64.72899627685547,91570000
2018-01-22,AMZN,66.3655014038086,82802000
2018-01-23,AMZN,68.12699890136719,103386000
2018-01-24,AMZN,67.87550354003906,136150000
2018-01-25,AMZN,68.89749908447266,95060000
2018-01-26,AMZN,70.10250091552734,97146000
2018-01-29,AMZN,70.88400268554688,114038000
2018-01-30,AMZN,71.89099884033203,117438000
2018-01-31,AMZN,72.54450225830078,128494000
2018-02-01,AMZN,69.5,182276000
2018-02-02,AMZN,71.49749755859375,222514000
2018-02-05,AMZN,69.5,229900000
2018-02-06,AMZN,72.14199829101562,221336000
2018-02-07,AMZN,70.83899688720703,143254000
2018-02-08,AMZN,67.5250015258789,171572000
2018-02-09,AMZN,66.9800033569336,282830000
2018-02-12,AMZN,69.3115005493164,134778000
2018-02-13,AMZN,70.72550201416016,118358000
2018-02-14,AMZN,72.55249786376953,119184000
2018-02-15,AMZN,73.08799743652344,113054000
2018-02-16,AMZN,72.43450164794922,89452000
2018-02-20,AMZN,73.4175033569336,129984000
2018-02-21,AMZN,74.14600372314453,126088000
2018-02-22,AMZN,74.26699829101562,97162000
2018-02-23,AMZN,75.0,88362000
2018-02-26,AMZN,76.09750366210938,99100000
2018-02-27,AMZN,75.5989990234375,96176000
2018-02-28,AMZN,75.62249755859375,90300000
2018-03-01,AMZN,74.67250061035156,136704000
2018-03-02,AMZN,75.01249694824219,131752000
2018-03-05,AMZN,76.18049621582031,104678000
2018-03-06,AMZN,76.88200378417969,91234000
2018-03-07,AMZN,77.25,83482000
2018-03-08,AMZN,77.59300231933594,77252000
2018-03-09,AMZN,78.94450378417969,90686000
2018-03-12,AMZN,79.91950225830078,103484000
2018-03-13,AMZN,79.40899658203125,130638000
2018-03-14,AMZN,79.55000305175781,85188000
2018-03-15,AMZN,79.11599731445312,81394000
2018-03-16,AMZN,78.58399963378906,108500000
2018-03-19,AMZN,77.24649810791016,131616000
2018-03-20,AMZN,79.32550048828125,91632000
2018-03-21,AMZN,79.09300231933594,95016000
2018-03-22,AMZN,77.24600219726562,126412000
2018-03-23,AMZN,74.77799987792969,160120000
2018-03-26,AMZN,77.79299926757812,112494000
2018-03-27,AMZN,74.85250091552734,139992000
2018-03-28,AMZN,71.57099914550781,274106000
2018-03-29,AMZN,72.36699676513672,251622000
2018-04-02,AMZN,68.59950256347656,209272000
2018-04-03,AMZN,69.60250091552734,204624000
2018-04-04,AMZN,70.52850341796875,139646000
2018-04-05,AMZN,72.5875015258789,128270000
2018-04-06,AMZN,70.2614974975586,117646000
2018-04-09,AMZN,70.30400085449219,84164000
2018-04-10,AMZN,71.81099700927734,85082000
2018-04-11,AMZN,71.35250091552734,71650000
2018-04-12,AMZN,72.42500305175781,62700000
2018-04-13,AMZN,71.53949737548828,73706000
2018-04-16,AMZN,72.07499694824219,56172000
2018-04-17,AMZN,75.19149780273438,102288000
2018-04-18,AMZN,76.39199829101562,104550000
2018-04-19,AMZN,77.84549713134766,130474000
2018-04-20,AMZN,76.37449645996094,110832000
2018-04-23,AMZN,75.89299774169922,89308000
2018-04-24,AMZN,73.00450134277344,149894000
2018-04-25,AMZN,73.00849914550781,131746000
2018-04-26,AMZN,75.89800262451172,176022000
2018-04-27,AMZN,78.63099670410156,261064000
2018-04-30,AMZN,78.30650329589844,109282000
2018-05-01,AMZN,79.11299896240234,91442000
2018-05-02,AMZN,78.48400115966797,87206000
2018-05-03,AMZN,78.60399627685547,85038000
2018-05-04,AMZN,79.04750061035156,68872000
2018-05-07,AMZN,80.00700378417969,76038000
2018-05-08,AMZN,79.61949920654297,61358000
2018-05-09,AMZN,80.4000015258789,72746000
2018-05-10,AMZN,80.4540023803711,56350000
2018-05-11,AMZN,80.14550018310547,45278000
2018-05-14,AMZN,80.0770034790039,50190000
2018-05-15,AMZN,78.80599975585938,101550000
2018-05-16,AMZN,79.36399841308594,51412000
2018-05-17,AMZN,79.08799743652344,42952000
2018-05-18,AMZN,78.71849822998047,52852000
2018-05-21,AMZN,79.27300262451172,58504000
2018-05-22,AMZN,79.06999969482422,42312000
2018-05-23,AMZN,80.09300231933594,67238000
2018-05-24,AMZN,80.15350341796875,68600000
2018-05-25,AMZN,80.50749969482422,53968000
2018-05-29,AMZN,80.64350128173828,76930000
2018-05-30,AMZN,81.24449920654297,58148000
2018-05-31,AMZN,81.48100280761719,63326000
2018-06-01,AMZN,82.0770034790039,66268000
2018-06-04,AMZN,83.26349639892578,63754000
2018-06-05,AMZN,84.81749725341797,95644000
2018-06-06,AMZN,84.7874984741211,109464000
2018-06-07,AMZN,84.46499633789062,75314000
2018-06-08,AMZN,84.19950103759766,59102000
2018-06-11,AMZN,84.45600128173828,46710000
2018-06-12,AMZN,84.9375,45184000
2018-06-13,AMZN,85.24299621582031,66550000
2018-06-14,AMZN,86.19300079345703,63488000
2018-06-15,AMZN,85.79850006103516,95552000
2018-06-18,AMZN,86.18949890136719,62154000
2018-06-19,AMZN,86.73899841308594,85802000
2018-06-20,AMZN,87.50399780273438,86652000
2018-06-21,AMZN,86.51100158691406,98822000
2018-06-22,AMZN,85.78350067138672,81502000
2018-06-25,AMZN,83.15750122070312,150224000
2018-06-26,AMZN,84.55449676513672,87732000
2018-06-27,AMZN,83.02549743652344,97444000
2018-06-28,AMZN,85.07250213623047,90594000
2018-06-29,AMZN,84.98999786376953,90870000
2018-07-02,AMZN,85.68900299072266,63714000
2018-07-03,AMZN,84.697998046875,43546000
2018-07-05,AMZN,84.98650360107422,59662000
2018-07-06,AMZN,85.53150177001953,53006000
2018-07-09,AMZN,86.95099639892578,60240000
2018-07-10,AMZN,87.15350341796875,60058000
2018-07-11,AMZN,87.75,64196000
2018-07-12,AMZN,89.83100128173828,90654000
2018-07-13,AMZN,90.65149688720703,87664000
2018-07-16,AMZN,91.12449645996094,109324000
2018-07-17,AMZN,92.19650268554688,113658000
2018-07-18,AMZN,92.14600372314453,97238000
2018-07-19,AMZN,90.64849853515625,93538000
2018-07-20,AMZN,90.68499755859375,77688000
2018-07-23,AMZN,90.0999984741211,77770000
2018-07-24,AMZN,91.46199798583984,85574000
2018-07-25,AMZN,93.18049621582031,74764000
2018-07-26,AMZN,90.4000015258789,198488000
2018-07-27,AMZN,90.8635025024414,193620000
2018-07-30,AMZN,88.96099853515625,131246000
2018-07-31,AMZN,88.87200164794922,114774000
2018-08-01,AMZN,89.8584976196289,83062000
2018-08-02,AMZN,91.71649932861328,87094000
2018-08-03,AMZN,91.16449737548828,69210000
2018-08-06,AMZN,92.38749694824219,67836000
2018-08-07,AMZN,93.1240005493164,67550000
2018-08-08,AMZN,94.32599639892578,79260000
2018-08-09,AMZN,94.9260025024414,97208000
2018-08-10,AMZN,94.31500244140625,72798000
2018-08-13,AMZN,94.80999755859375,110630000
2018-08-14,AMZN,95.98249816894531,79722000
2018-08-15,AMZN,94.13099670410156,154014000
2018-08-16,AMZN,94.32599639892578,79142000
2018-08-17,AMZN,94.11100006103516,82086000
2018-08-20,AMZN,93.83550262451172,57240000
2018-08-21,AMZN,94.1709976196289,62112000
2018-08-22,AMZN,95.24500274658203,61610000
2018-08-23,AMZN,95.1449966430664,71260000
2018-08-24,AMZN,95.26950073242188,56018000
2018-08-27,AMZN,96.38400268554688,71380000
2018-08-28,AMZN,96.64099884033203,62014000
2018-08-29,AMZN,99.90499877929688,130636000
2018-08-30,AMZN,100.11900329589844,145546000
2018-08-31,AMZN,100.635498046875,84088000
2018-09-04,AMZN,101.97550201416016,114422000
2018-09-05,AMZN,99.74099731445312,164412000
2018-09-06,AMZN,97.91549682617188,149774000
2018-09-07,AMZN,97.60350036621094,97852000
2018-09-10,AMZN,96.95050048828125,90896000
2018-09-11,AMZN,99.35749816894531,100672000
2018-09-12,AMZN,99.5,88280000
2018-09-13,AMZN,99.49349975585938,72430000
2018-09-14,AMZN,98.5094985961914,72840000
2018-09-17,AMZN,95.40149688720703,141004000
2018-09-18,AMZN,97.05249786376953,85374000
2018-09-19,AMZN,96.32099914550781,81136000
2018-09-20,AMZN,97.21499633789062,63098000
2018-09-21,AMZN,95.75050354003906,137118000
2018-09-24,AMZN,96.71800231933594,84274000
2018-09-25,AMZN,98.72750091552734,90768000
2018-09-26,AMZN,98.74250030517578,86270000
2018-09-27,AMZN,100.64900207519531,86588000
2018-09-28,AMZN,100.1500015258789,81702000
2018-10-01,AMZN,100.21800231933594,69210000
2018-10-02,AMZN,98.56549835205078,108014000
2018-10-03,AMZN,97.63800048828125,105062000
2018-10-04,AMZN,95.47100067138672,145140000
2018-10-05,AMZN,94.48249816894531,136446000
2018-10-08,AMZN,93.22100067138672,147864000
2018-10-09,AMZN,93.51599884033203,95458000
2018-10-10,AMZN,87.76249694824219,219778000
2018-10-11,AMZN,85.96800231933594,278718000
2018-10-12,AMZN,89.43049621582031,188892000
2018-10-15,AMZN,88.04750061035156,128744000
2018-10-16,AMZN,90.99800109863281,117198000
2018-10-17,AMZN,91.58650207519531,105904000
2018-10-18,AMZN,88.53600311279297,117480000
2018-10-19,AMZN,88.20149993896484,118144000
2018-10-22,AMZN,89.46499633789062,90000000
2018-10-23,AMZN,88.43499755859375,134478000
2018-10-24,AMZN,83.20999908447266,138568000
2018-10-25,AMZN,89.1084976196289,205714000
2018-10-26,AMZN,82.1405029296875,299276000
2018-10-29,AMZN,76.94400024414062,277322000
2018-10-30,AMZN,76.52100372314453,249202000
2018-10-31,AMZN,79.90049743652344,187804000
2018-11-01,AMZN,83.27649688720703,162710000
2018-11-02,AMZN,83.27649688720703,139110000
2018-11-05,AMZN,81.38999938964844,112494000
2018-11-06,AMZN,82.1405029296875,85148000
2018-11-07,AMZN,87.77449798583984,163844000
2018-11-08,AMZN,87.74549865722656,130698000
2018-11-09,AMZN,85.62149810791016,118044000
2018-11-12,AMZN,81.84249877929688,136124000
2018-11-13,AMZN,81.55850219726562,118666000
2018-11-14,AMZN,79.95050048828125,129738000
2018-11-15,AMZN,80.97200012207031,168546000
2018-11-16,AMZN,79.67050170898438,121322000
2018-11-19,AMZN,75.614501953125,155800000
2018-11-20,AMZN,74.77300262451172,217576000
2018-11-21,AMZN,75.83650207519531,114336000
2018-11-23,AMZN,75.10299682617188,54152000
2018-11-26,AMZN,79.06649780273438,125154000
2018-11-27,AMZN,79.07099914550781,115664000
2018-11-28,AMZN,83.88749694824219,169174000
2018-11-29,AMZN,83.67849731445312,132264000
2018-11-30,AMZN,84.50849914550781,115236000
2018-12-03,AMZN,88.61799621582031,137246000
2018-12-04,AMZN,83.41999816894531,173890000
2018-12-06,AMZN,84.95950317382812,175788000
2018-12-07,AMZN,81.45649719238281,151522000
2018-12-10,AMZN,82.05149841308594,149896000
2018-12-11,AMZN,82.16200256347656,124894000
2018-12-12,AMZN,83.177001953125,131960000
2018-12-13,AMZN,82.91899871826172,105426000
2018-12-14,AMZN,79.59549713134766,127344000
2018-12-17,AMZN,76.04550170898438,176596000
2018-12-18,AMZN,77.5739974975586,130460000
2018-12-19,AMZN,74.75399780273438,175844000
2018-12-20,AMZN,73.04149627685547,199836000
2018-12-21,AMZN,68.87249755859375,272806000
2018-12-24,AMZN,67.197998046875,144400000
2018-12-26,AMZN,73.54499816894531,208236000
2018-12-27,AMZN,73.08200073242188,194440000
2018-12-28,AMZN,73.9010009765625,176580000
2018-12-31,AMZN,75.09850311279297,139090000
2019-01-02,AMZN,76.95649719238281,159662000
2019-01-03,AMZN,75.01399993896484,139512000
2019-01-04,AMZN,78.76950073242188,183652000
2019-01-07,AMZN,81.47550201416016,159864000
2019-01-08,AMZN,82.8290023803711,177628000
2019-01-09,AMZN,82.97100067138672,126976000
2019-01-10,AMZN,82.81099700927734,130154000
2019-01-11,AMZN,82.02799987792969,93724000
2019-01-14,AMZN,80.8604965209961,120118000
2019-01-15,AMZN,83.72799682617188,119970000
2019-01-16,AMZN,84.18900299072266,127338000
2019-01-17,AMZN,84.66100311279297,84178000
2019-01-18,AMZN,84.80999755859375,120410000
2019-01-22,AMZN,81.6084976196289,128336000
2019-01-23,AMZN,82.0009994506836,104504000
2019-01-24,AMZN,82.74649810791016,81798000
2019-01-25,AMZN,83.52850341796875,98918000
2019-01-28,AMZN,81.89450073242188,96754000
2019-01-29,AMZN,79.69400024414062,92656000
2019-01-30,AMZN,83.52149963378906,115676000
2019-01-31,AMZN,85.9365005493164,218206000
2019-02-01,AMZN,81.3115005493164,230124000
2019-02-04,AMZN,81.66549682617188,98582000
2019-02-05,AMZN,82.94049835205078,89062000
2019-02-06,AMZN,82.01300048828125,78798000
2019-02-07,AMZN,80.71849822998047,92532000
2019-02-08,AMZN,79.41100311279297,113150000
2019-02-11,AMZN,79.55000305175781,66346000
2019-02-12,AMZN,81.90049743652344,97172000
2019-02-13,AMZN,82.0,71206000
2019-02-14,AMZN,81.13249969482422,82410000
2019-02-15,AMZN,80.39749908447266,86878000
2019-02-19,AMZN,81.37899780273438,73634000
2019-02-20,AMZN,81.1050033569336,66752000
2019-02-21,AMZN,80.97200012207031,69668000
2019-02-22,AMZN,81.5780029296875,61924000
2019-02-25,AMZN,81.6500015258789,63690000
2019-02-26,AMZN,81.81999969482422,53316000
2019-02-27,AMZN,82.05449676513672,62976000
2019-02-28,AMZN,81.99150085449219,60518000
2019-03-01,AMZN,83.58650207519531,99498000
2019-03-04,AMZN,84.80850219726562,123348000
2019-03-05,AMZN,84.62149810791016,73630000
2019-03-06,AMZN,83.44750213623047,79920000
2019-03-07,AMZN,81.29750061035156,99140000
2019-03-08,AMZN,81.04000091552734,93340000
2019-03-11,AMZN,83.53099822998047,77528000
2019-03-12,AMZN,83.65499877929688,72290000
2019-03-13,AMZN,84.54049682617188,71040000
2019-03-14,AMZN,84.31099700927734,58932000
2019-03-15,AMZN,85.61799621582031,151018000
2019-03-18,AMZN,87.10749816894531,108582000
2019-03-19,AMZN,88.09249877929688,127284000
2019-03-20,AMZN,89.8635025024414,125312000
2019-03-21,AMZN,90.96299743652344,115356000
2019-03-22,AMZN,88.2385025024414,127260000
2019-03-25,AMZN,88.71299743652344,102076000
2019-03-26,AMZN,89.18800354003906,97318000
2019-03-27,AMZN,88.28500366210938,86496000
2019-03-28,AMZN,88.6709976196289,60860000
2019-03-29,AMZN,89.0374984741211,66416000
2019-04-01,AMZN,90.70950317382812,84776000
2019-04-02,AMZN,90.6989974975586,68962000
2019-04-03,AMZN,91.03500366210938,78522000
2019-04-04,AMZN,90.94300079345703,72478000
2019-04-05,AMZN,91.86399841308594,72810000
2019-04-08,AMZN,92.49299621582031,75056000
2019-04-09,AMZN,91.79199981689453,74288000
2019-04-10,AMZN,92.36650085449219,59280000
2019-04-11,AMZN,92.20349884033203,53096000
2019-04-12,AMZN,92.15299987792969,62288000
2019-04-15,AMZN,92.24349975585938,74488000
2019-04-16,AMZN,93.1520004272461,60892000
2019-04-17,AMZN,93.24099731445312,57870000
2019-04-18,AMZN,93.08450317382812,54998000
2019-04-22,AMZN,94.3655014038086,67476000
2019-04-23,AMZN,96.1884994506836,92808000
2019-04-24,AMZN,95.0875015258789,73516000
2019-04-25,AMZN,95.11250305175781,121982000
2019-04-26,AMZN,97.53150177001953,168652000
2019-04-29,AMZN,96.92150115966797,80426000
2019-04-30,AMZN,96.32599639892578,70120000
2019-05-01,AMZN,95.57599639892578,62340000
2019-05-02,AMZN,95.04100036621094,79258000
2019-05-03,AMZN,98.12300109863281,127632000
2019-05-06,AMZN,97.52749633789062,108356000
2019-05-07,AMZN,96.05000305175781,118042000
2019-05-08,AMZN,95.88849639892578,81572000
2019-05-09,AMZN,94.99349975585938,106166000
2019-05-10,AMZN,94.4990005493164,114360000
2019-05-13,AMZN,91.13400268554688,115668000
2019-05-14,AMZN,92.00599670410156,92582000
2019-05-15,AMZN,93.55750274658203,93852000
2019-05-16,AMZN,95.37850189208984,94156000
2019-05-17,AMZN,93.44999694824219,94732000
2019-05-20,AMZN,92.94850158691406,75964000
2019-05-21,AMZN,92.8759994506836,80102000
2019-05-22,AMZN,92.98400115966797,58732000
2019-05-23,AMZN,90.77400207519531,88486000
2019-05-24,AMZN,91.16400146484375,67394000
2019-05-28,AMZN,91.82150268554688,64000000
2019-05-29,AMZN,90.95950317382812,85580000
2019-05-30,AMZN,90.81600189208984,62938000
2019-05-31,AMZN,88.75350189208984,92376000
2019-06-03,AMZN,84.6344985961914,181974000
2019-06-04,AMZN,86.47799682617188,113582000
2019-06-05,AMZN,86.92500305175781,84796000
2019-06-06,AMZN,87.71800231933594,73786000
2019-06-07,AMZN,90.20149993896484,96164000
2019-06-10,AMZN,93.03150177001953,107420000
2019-06-11,AMZN,93.18499755859375,80854000
2019-06-12,AMZN,92.76599884033203,53566000
2019-06-13,AMZN,93.51499938964844,55916000
2019-06-14,AMZN,93.4834976196289,57024000
2019-06-17,AMZN,94.30149841308594,52686000
2019-06-18,AMZN,95.06849670410156,77914000
2019-06-19,AMZN,95.43949890136719,57906000
2019-06-20,AMZN,95.90950012207031,64344000
2019-06-21,AMZN,95.56500244140625,78672000
2019-06-24,AMZN,95.69499969482422,45660000
2019-06-25,AMZN,93.91349792480469,60246000
2019-06-26,AMZN,94.8915023803711,48838000
2019-06-27,AMZN,95.21399688720703,42834000
2019-06-28,AMZN,94.68150329589844,60748000
2019-07-01,AMZN,96.1094970703125,63842000
2019-07-02,AMZN,96.71549987792969,52918000
2019-07-03,AMZN,96.94999694824219,33806000
2019-07-05,AMZN,97.14550018310547,52568000
2019-07-08,AMZN,97.61599731445312,57668000
2019-07-09,AMZN,99.41500091552734,86914000
2019-07-10,AMZN,100.87049865722656,98638000
2019-07-11,AMZN,100.05349731445312,86356000
2019-07-12,AMZN,100.55000305175781,50186000
2019-07-15,AMZN,101.04949951171875,59626000
2019-07-16,AMZN,100.49500274658203,52364000
2019-07-17,AMZN,99.60150146484375,51176000
2019-07-18,AMZN,98.8949966430664,69738000
2019-07-19,AMZN,98.22599792480469,63712000
2019-07-22,AMZN,99.28150177001953,58000000
2019-07-23,AMZN,99.72450256347656,54070000
2019-07-24,AMZN,100.04049682617188,52626000
2019-07-25,AMZN,98.69100189208984,82730000
2019-07-26,AMZN,97.15249633789062,98542000
2019-07-29,AMZN,95.62249755859375,89864000
2019-07-30,AMZN,94.92649841308594,58218000
2019-07-31,AMZN,93.33899688720703,89414000
2019-08-01,AMZN,92.76599884033203,94266000
2019-08-02,AMZN,91.16200256347656,99124000
2019-08-05,AMZN,88.25650024414062,121164000
2019-08-06,AMZN,89.3915023803711,101406000
2019-08-07,AMZN,89.66999816894531,90538000
2019-08-08,AMZN,91.64450073242188,74024000
2019-08-09,AMZN,90.37899780273438,57596000
2019-08-12,AMZN,89.24600219726562,58110000
2019-08-13,AMZN,91.21700286865234,79880000
2019-08-14,AMZN,88.14800262451172,97872000
2019-08-15,AMZN,88.80599975585938,75182000
2019-08-16,AMZN,89.62850189208984,60360000
2019-08-19,AMZN,90.80599975585938,56326000
2019-08-20,AMZN,90.06900024414062,38590000
2019-08-21,AMZN,91.177001953125,40636000
2019-08-22,AMZN,90.23300170898438,53070000
2019-08-23,AMZN,87.48100280761719,105416000
2019-08-26,AMZN,88.44349670410156,61600000
2019-08-27,AMZN,88.09149932861328,60394000
2019-08-28,AMZN,88.2125015258789,48394000
2019-08-29,AMZN,89.31999969482422,60302000
2019-08-30,AMZN,88.81449890136719,61174000
2019-09-03,AMZN,89.49199676513672,70860000
2019-09-04,AMZN,90.03099822998047,46482000
2019-09-05,AMZN,92.03600311279297,66216000
2019-09-06,AMZN,91.67549896240234,49938000
2019-09-09,AMZN,91.56749725341797,59990000
2019-09-10,AMZN,91.02749633789062,52278000
2019-09-11,AMZN,91.14949798583984,48656000
2019-09-12,AMZN,92.17749786376953,56470000
2019-09-13,AMZN,91.96700286865234,39426000
2019-09-16,AMZN,90.39199829101562,73510000
2019-09-17,AMZN,91.12750244140625,39648000
2019-09-18,AMZN,90.87300109863281,50112000
2019-09-19,AMZN,91.07499694824219,40630000
2019-09-20,AMZN,89.70800018310547,106838000
2019-09-23,AMZN,89.26499938964844,58446000
2019-09-24,AMZN,87.08049774169922,92320000
2019-09-25,AMZN,88.41649627685547,69864000
2019-09-26,AMZN,86.99199676513672,70736000
2019-09-27,AMZN,86.27249908447266,78144000
2019-09-30,AMZN,86.79550170898438,52894000
2019-10-01,AMZN,86.78250122070312,61690000
2019-10-02,AMZN,85.6614990234375,66022000
2019-10-03,AMZN,86.22100067138672,69364000
2019-10-04,AMZN,86.98249816894531,49438000
2019-10-07,AMZN,86.63300323486328,43094000
2019-10-08,AMZN,85.27549743652344,50840000
2019-10-09,AMZN,86.09950256347656,40870000
2019-10-10,AMZN,86.01300048828125,51504000
2019-10-11,AMZN,86.59600067138672,65100000
2019-10-14,AMZN,86.82150268554688,38204000
2019-10-15,AMZN,88.36900329589844,62234000
2019-10-16,AMZN,88.87149810791016,55268000
2019-10-17,AMZN,89.3740005493164,52948000
2019-10-18,AMZN,87.87550354003906,67250000
2019-10-21,AMZN,89.28299713134766,42608000
2019-10-22,AMZN,88.2864990234375,42234000
2019-10-23,AMZN,88.1084976196289,42764000
2019-10-24,AMZN,89.03900146484375,88922000
2019-10-25,AMZN,88.06649780273438,192528000
2019-10-28,AMZN,88.85399627685547,74178000
2019-10-29,AMZN,88.135498046875,45538000
2019-10-30,AMZN,88.99949645996094,48988000
2019-10-31,AMZN,88.83300018310547,55624000
2019-11-01,AMZN,89.5719985961914,55808000
2019-11-04,AMZN,90.23300170898438,55438000
2019-11-05,AMZN,90.08550262451172,37710000
2019-11-06,AMZN,89.78849792480469,40596000
2019-11-07,AMZN,89.41000366210938,53022000
2019-11-08,AMZN,89.29399871826172,42466000
2019-11-11,AMZN,88.5824966430664,38920000
2019-11-12,AMZN,88.9000015258789,40752000
2019-11-13,AMZN,87.65550231933594,59790000
2019-11-14,AMZN,87.7300033569336,45296000
2019-11-15,AMZN,86.97450256347656,78552000
2019-11-18,AMZN,87.62650299072266,56790000
2019-11-19,AMZN,87.6395034790039,45416000
2019-11-20,AMZN,87.27649688720703,55800000
2019-11-21,AMZN,86.7354965209961,53258000
2019-11-22,AMZN,87.28600311279297,49582000
2019-11-25,AMZN,88.69200134277344,69724000
2019-11-26,AMZN,89.84700012207031,63624000
2019-11-27,AMZN,90.92549896240234,60512000
2019-11-29,AMZN,90.04000091552734,38468000
2019-12-02,AMZN,89.08000183105469,78512000
2019-12-03,AMZN,88.49800109863281,67618000
2019-12-04,AMZN,88.03450012207031,53402000
2019-12-05,AMZN,87.02400207519531,56476000
2019-12-06,AMZN,87.58000183105469,62348000
2019-12-09,AMZN,87.47550201416016,48856000
2019-12-10,AMZN,86.96050262451172,50286000
2019-12-11,AMZN,87.43599700927734,41952000
2019-12-12,AMZN,88.0165023803711,61918000
2019-12-13,AMZN,88.0469970703125,54914000
2019-12-16,AMZN,88.46050262451172,62904000
2019-12-17,AMZN,89.53299713134766,72888000
2019-12-18,AMZN,89.20149993896484,67028000
2019-12-19,AMZN,89.61399841308594,53056000
2019-12-20,AMZN,89.32499694824219,103016000
2019-12-23,AMZN,89.6500015258789,42728000
2019-12-24,AMZN,89.46050262451172,17626000
2019-12-26,AMZN,93.4384994506836,120108000
2019-12-27,AMZN,93.48999786376953,123732000
2019-12-30,AMZN,92.34449768066406,73494000
2019-12-31,AMZN,92.39199829101562,50130000
2020-01-02,AMZN,94.90049743652344,80580000
2020-01-03,AMZN,93.74849700927734,75288000
2020-01-06,AMZN,95.14399719238281,81236000
2020-01-07,AMZN,95.34300231933594,80898000
2020-01-08,AMZN,94.59850311279297,70160000
2020-01-09,AMZN,95.05249786376953,63346000
2020-01-10,AMZN,94.15799713134766,57074000
2020-01-13,AMZN,94.56500244140625,55616000
2020-01-14,AMZN,93.47200012207031,68818000
2020-01-15,AMZN,93.10099792480469,57932000
2020-01-16,AMZN,93.89700317382812,53190000
2020-01-17,AMZN,93.23600006103516,79946000
2020-01-21,AMZN,94.5999984741211,74156000
2020-01-22,AMZN,94.37300109863281,64326000
2020-01-23,AMZN,94.22899627685547,49692000
2020-01-24,AMZN,93.08200073242188,75324000
2020-01-27,AMZN,91.41699981689453,70570000
2020-01-28,AMZN,92.6624984741211,56160000
2020-01-29,AMZN,92.9000015258789,41760000
2020-01-30,AMZN,93.53399658203125,126548000
2020-01-31,AMZN,100.43599700927734,311346000
2020-02-03,AMZN,100.20999908447266,117834000
2020-02-04,AMZN,102.4834976196289,105786000
2020-02-05,AMZN,101.99349975585938,87524000
2020-02-06,AMZN,102.5114974975586,63660000
2020-02-07,AMZN,103.96399688720703,101906000
2020-02-10,AMZN,106.69550323486328,101124000
2020-02-11,AMZN,107.54000091552734,114920000
2020-02-12,AMZN,108.0,66686000
2020-02-13,AMZN,107.49349975585938,60636000
2020-02-14,AMZN,106.74349975585938,52124000
2020-02-18,AMZN,107.78350067138672,58912000
2020-02-19,AMZN,108.51100158691406,51224000
2020-02-20,AMZN,107.65499877929688,62626000
2020-02-21,AMZN,104.79850006103516,92926000
2020-02-24,AMZN,100.4645004272461,130940000
2020-02-25,AMZN,98.63700103759766,124382000
2020-02-26,AMZN,98.97949981689453,104492000
2020-02-27,AMZN,94.21499633789062,162880000
2020-02-28,AMZN,94.1875,189620000
2020-03-02,AMZN,97.69750213623047,135234000
2020-03-03,AMZN,95.44950103759766,150690000
2020-03-04,AMZN,98.79149627685547,95458000
2020-03-05,AMZN,96.20149993896484,94964000
2020-03-06,AMZN,95.05449676513672,105472000
2020-03-09,AMZN,90.03050231933594,156264000
2020-03-10,AMZN,94.59100341796875,142666000
2020-03-11,AMZN,91.04299926757812,112496000
2020-03-12,AMZN,83.83049774169922,226924000
2020-03-13,AMZN,89.25,176194000
2020-03-16,AMZN,84.4574966430664,178346000
2020-03-17,AMZN,90.39199829101562,218342000
2020-03-18,AMZN,91.5,192904000
2020-03-19,AMZN,94.04650115966797,207998000
2020-03-20,AMZN,92.30449676513672,196358000
2020-03-23,AMZN,95.1415023803711,156170000
2020-03-24,AMZN,97.00499725341797,142942000
2020-03-25,AMZN,94.29199981689453,129582000
2020-03-26,AMZN,97.77449798583984,124426000
2020-03-27,AMZN,95.00499725341797,107758000
2020-03-30,AMZN,98.19750213623047,122522000
2020-03-31,AMZN,97.48600006103516,102472000
2020-04-01,AMZN,95.38500213623047,82438000
2020-04-02,AMZN,95.94149780273438,86720000
2020-04-03,AMZN,95.32949829101562,72198000
2020-04-06,AMZN,99.87950134277344,115464000
2020-04-07,AMZN,100.58000183105469,102280000
2020-04-08,AMZN,102.1500015258789,79546000
2020-04-09,AMZN,102.13800048828125,92930000
2020-04-13,AMZN,108.44349670410156,134334000
2020-04-14,AMZN,114.16600036621094,161744000
2020-04-15,AMZN,115.38400268554688,137332000
2020-04-16,AMZN,120.40950012207031,240764000
2020-04-17,AMZN,118.75,158600000
2020-04-20,AMZN,119.68049621582031,115414000
2020-04-21,AMZN,116.40599822998047,149534000
2020-04-22,AMZN,118.17449951171875,84244000
2020-04-23,AMZN,119.97250366210938,101332000
2020-04-24,AMZN,120.51100158691406,76498000
2020-04-27,AMZN,118.80000305175781,112912000
2020-04-28,AMZN,115.7040023803711,105388000
2020-04-29,AMZN,118.635498046875,91832000
2020-04-30,AMZN,123.69999694824219,190692000
2020-05-01,AMZN,114.302001953125,195452000
2020-05-04,AMZN,115.79949951171875,97318000
2020-05-05,AMZN,115.88999938964844,64850000
2020-05-06,AMZN,117.56300354003906,62356000
2020-05-07,AMZN,118.38050079345703,67928000
2020-05-08,AMZN,118.98049926757812,64132000
2020-05-11,AMZN,120.44999694824219,65184000
2020-05-12,AMZN,117.84750366210938,61498000
2020-05-13,AMZN,118.39600372314453,95658000
2020-05-14,AMZN,119.44249725341797,72962000
2020-05-15,AMZN,120.48899841308594,84700000
2020-05-18,AMZN,121.31300354003906,87144000
2020-05-19,AMZN,122.46649932861328,86410000
2020-05-20,AMZN,124.89700317382812,79962000
2020-05-21,AMZN,122.33699798583984,102288000
2020-05-22,AMZN,121.84400177001953,57342000
2020-05-26,AMZN,121.09300231933594,71364000
2020-05-27,AMZN,120.51950073242188,101138000
2020-05-28,AMZN,120.05500030517578,63804000
2020-05-29,AMZN,122.11849975585938,70198000
2020-06-01,AMZN,123.552001953125,58578000
2020-06-02,AMZN,123.62049865722656,50598000
2020-06-03,AMZN,123.91999816894531,53420000
2020-06-04,AMZN,123.02999877929688,58974000
2020-06-05,AMZN,124.1500015258789,66128000
2020-06-08,AMZN,126.2030029296875,79414000
2020-06-09,AMZN,130.04299926757812,103520000
2020-06-10,AMZN,132.37249755859375,98920000
2020-06-11,AMZN,127.89800262451172,116002000
2020-06-12,AMZN,127.2509994506836,108722000
2020-06-15,AMZN,128.63400268554688,77302000
2020-06-16,AMZN,130.7635040283203,71712000
2020-06-17,AMZN,132.0489959716797,59186000
2020-06-18,AMZN,132.69900512695312,49756000
2020-06-19,AMZN,133.75050354003906,115540000
2020-06-22,AMZN,135.6909942626953,64176000
2020-06-23,AMZN,138.2205047607422,84634000
2020-06-24,AMZN,136.72000122070312,90532000
2020-06-25,AMZN,137.72900390625,59374000
2020-06-26,AMZN,134.64349365234375,130016000
2020-06-29,AMZN,134.0189971923828,84468000
2020-06-30,AMZN,137.9409942626953,75394000
2020-07-01,AMZN,143.93499755859375,127268000
2020-07-02,AMZN,144.51499938964844,131868000
2020-07-06,AMZN,152.8520050048828,137612000
2020-07-07,AMZN,150.00599670410156,105150000
2020-07-08,AMZN,154.0554962158203,100752000
2020-07-09,AMZN,159.13150024414062,127774000
2020-07-10,AMZN,160.0,109720000
2020-07-13,AMZN,155.1999969482422,154408000
2020-07-14,AMZN,154.1999969482422,144638000
2020-07-15,AMZN,150.44349670410156,115778000
2020-07-16,AMZN,149.9949951171875,127884000
2020-07-17,AMZN,148.09849548339844,95226000
2020-07-20,AMZN,159.8419952392578,151964000
2020-07-21,AMZN,156.9145050048828,122426000
2020-07-22,AMZN,154.99549865722656,82084000
2020-07-23,AMZN,149.32749938964844,113138000
2020-07-24,AMZN,150.44549560546875,112648000
2020-07-27,AMZN,152.760498046875,83410000
2020-07-28,AMZN,150.01649475097656,62534000
2020-07-29,AMZN,151.67649841308594,59482000
2020-07-30,AMZN,152.593994140625,122566000
2020-07-31,AMZN,158.23399353027344,161710000
2020-08-03,AMZN,155.59449768066406,101494000
2020-08-04,AMZN,156.94149780273438,93886000
2020-08-05,AMZN,160.25149536132812,78330000
2020-08-06,AMZN,161.25,78812000
2020-08-07,AMZN,158.3730010986328,78722000
2020-08-10,AMZN,157.4080047607422,63346000
2020-08-11,AMZN,154.0334930419922,74362000
2020-08-12,AMZN,158.11199951171875,70442000
2020-08-13,AMZN,158.05099487304688,62980000
2020-08-14,AMZN,157.4010009765625,55034000
2020-08-17,AMZN,159.12049865722656,53824000
2020-08-18,AMZN,165.62449645996094,106920000
2020-08-19,AMZN,163.0240020751953,83702000
2020-08-20,AMZN,164.86849975585938,66650000
2020-08-21,AMZN,164.23599243164062,71518000
2020-08-24,AMZN,165.3730010986328,93326000
2020-08-25,AMZN,167.32449340820312,79856000
2020-08-26,AMZN,172.09249877929688,130174000
2020-08-27,AMZN,170.0,85296000
2020-08-28,AMZN,170.08999633789062,57940000
2020-08-31,AMZN,172.54800415039062,83718000
2020-09-01,AMZN,174.95599365234375,68644000
2020-09-02,AMZN,176.57249450683594,78630000
2020-09-03,AMZN,168.39999389648438,163222000
2020-09-04,AMZN,164.7310028076172,175636000
2020-09-08,AMZN,157.49200439453125,121884000
2020-09-09,AMZN,163.4304962158203,103774000
2020-09-10,AMZN,158.7554931640625,106614000
2020-09-11,AMZN,155.81100463867188,101880000
2020-09-14,AMZN,155.14849853515625,90592000
2020-09-15,AMZN,157.80650329589844,80430000
2020-09-16,AMZN,153.90499877929688,90244000
2020-09-17,AMZN,150.43649291992188,128982000
2020-09-18,AMZN,147.74549865722656,177852000
2020-09-21,AMZN,148.02349853515625,122358000
2020-09-22,AMZN,156.44949340820312,138976000
2020-09-23,AMZN,149.9929962158203,113054000
2020-09-24,AMZN,150.989501953125,110588000
2020-09-25,AMZN,154.75650024414062,92304000
2020-09-28,AMZN,158.70249938964844,84484000
2020-09-29,AMZN,157.24400329589844,69916000
2020-09-30,AMZN,157.43649291992188,97922000
2020-10-01,AMZN,161.06300354003906,99438000
2020-10-02,AMZN,156.25,112262000
2020-10-05,AMZN,159.9600067138672,75506000
2020-10-06,AMZN,154.9980010986328,101738000
2020-10-07,AMZN,159.7845001220703,86188000
2020-10-08,AMZN,159.52749633789062,63482000
2020-10-09,AMZN,164.33250427246094,98158000
2020-10-12,AMZN,172.14649963378906,167284000
2020-10-13,AMZN,172.18150329589844,114894000
2020-10-14,AMZN,168.1855010986328,116254000
2020-10-15,AMZN,166.9324951171875,104468000
2020-10-16,AMZN,163.635498046875,129488000
2020-10-19,AMZN,160.36050415039062,104472000
2020-10-20,AMZN,160.85049438476562,90194000
2020-10-21,AMZN,159.2469940185547,91854000
2020-10-22,AMZN,158.82000732421875,84240000
2020-10-23,AMZN,160.22000122070312,69334000
2020-10-26,AMZN,160.3520050048828,118024000
2020-10-27,AMZN,164.31649780273438,85820000
2020-10-28,AMZN,158.13900756835938,111766000
2020-10-29,AMZN,160.55050659179688,131930000
2020-10-30,AMZN,151.8074951171875,167728000
2020-11-02,AMZN,150.2239990234375,145148000
2020-11-03,AMZN,152.42050170898438,97958000
2020-11-04,AMZN,162.05799865722656,136780000
2020-11-05,AMZN,166.10000610351562,115786000
2020-11-06,AMZN,165.56849670410156,92946000
2020-11-09,AMZN,157.18699645996094,143808000
2020-11-10,AMZN,151.75100708007812,131820000
2020-11-11,AMZN,156.8695068359375,87338000
2020-11-12,AMZN,155.51400756835938,87240000
2020-11-13,AMZN,156.4405059814453,75124000
2020-11-16,AMZN,156.55299377441406,76174000
2020-11-17,AMZN,156.7830047607422,68894000
2020-11-18,AMZN,155.2729949951172,58336000
2020-11-19,AMZN,155.8509979248047,60206000
2020-11-20,AMZN,154.97000122070312,67488000
2020-11-23,AMZN,154.91949462890625,94178000
2020-11-24,AMZN,155.9029998779297,72042000
2020-11-25,AMZN,159.2534942626953,75808000
2020-11-27,AMZN,159.76699829101562,47858000
2020-11-30,AMZN,158.40199279785156,81278000
2020-12-01,AMZN,161.00399780273438,90740000
2020-12-02,AMZN,160.17649841308594,62586000
2020-12-03,AMZN,159.3365020751953,57840000
2020-12-04,AMZN,158.12899780273438,58272000
2020-12-07,AMZN,157.89999389648438,55026000
2020-12-08,AMZN,158.864501953125,65726000
2020-12-09,AMZN,155.2100067138672,82016000
2020-12-10,AMZN,155.07449340820312,60604000
2020-12-11,AMZN,155.8209991455078,61294000
2020-12-14,AMZN,157.84849548339844,83116000
2020-12-15,AMZN,158.25599670410156,66390000
2020-12-16,AMZN,162.04800415039062,88552000
2020-12-17,AMZN,161.8040008544922,69486000
2020-12-18,AMZN,160.08250427246094,119914000
2020-12-21,AMZN,160.3090057373047,76736000
2020-12-22,AMZN,160.3260040283203,47388000
2020-12-23,AMZN,159.2635040283203,41876000
2020-12-24,AMZN,158.63450622558594,29038000
2020-12-28,AMZN,164.197998046875,113736000
2020-12-29,AMZN,166.10000610351562,97458000
2020-12-30,AMZN,164.29249572753906,64186000
2020-12-31,AMZN,162.84649658203125,59144000
2021-01-04,AMZN,159.3314971923828,88228000
2021-01-05,AMZN,160.92550659179688,53110000
2021-01-06,AMZN,156.91900634765625,87896000
2021-01-07,AMZN,158.10800170898438,70290000
2021-01-08,AMZN,159.13499450683594,70754000
2021-01-11,AMZN,155.7104949951172,73668000
2021-01-12,AMZN,156.04150390625,70292000
2021-01-13,AMZN,158.29449462890625,66424000
2021-01-14,AMZN,156.37350463867188,61418000
2021-01-15,AMZN,155.21249389648438,84880000
2021-01-19,AMZN,156.03799438476562,66102000
2021-01-20,AMZN,163.16900634765625,106196000
2021-01-21,AMZN,165.34950256347656,98722000
2021-01-22,AMZN,164.6114959716797,56438000
2021-01-25,AMZN,164.6999969482422,74996000
2021-01-26,AMZN,166.30650329589844,59104000
2021-01-27,AMZN,161.62899780273438,93204000
2021-01-28,AMZN,161.88099670410156,62984000
2021-01-29,AMZN,160.30999755859375,85872000
2021-02-01,AMZN,167.1439971923828,83204000
2021-02-02,AMZN,169.0,141972000
2021-02-03,AMZN,165.62649536132812,141776000
2021-02-04,AMZN,166.5500030517578,73414000
2021-02-05,AMZN,167.6074981689453,72416000
2021-02-08,AMZN,166.14700317382812,65148000
2021-02-09,AMZN,165.25,44070000
2021-02-10,AMZN,164.32899475097656,63032000
2021-02-11,AMZN,163.10650634765625,46028000
2021-02-12,AMZN,163.885498046875,46706000
2021-02-16,AMZN,163.44749450683594,51494000
2021-02-17,AMZN,165.4320068359375,65950000
2021-02-18,AMZN,166.4114990234375,60548000
2021-02-19,AMZN,162.4949951171875,86104000
2021-02-22,AMZN,159.03700256347656,70314000
2021-02-23,AMZN,159.72500610351562,93544000
2021-02-24,AMZN,157.97650146484375,60226000
2021-02-25,AMZN,152.85800170898438,90676000
2021-02-26,AMZN,154.64649963378906,85518000
2021-03-01,AMZN,157.3070068359375,54582000
2021-03-02,AMZN,154.72650146484375,51916000
2021-03-03,AMZN,150.25,79774000
2021-03-04,AMZN,148.8784942626953,109632000
2021-03-05,AMZN,150.0229949951172,107772000
2021-03-08,AMZN,147.59750366210938,83700000
2021-03-09,AMZN,153.1425018310547,80600000
2021-03-10,AMZN,152.8820037841797,60250000
2021-03-11,AMZN,155.67950439453125,55528000
2021-03-12,AMZN,154.47450256347656,48438000
2021-03-15,AMZN,154.08399963378906,58272000
2021-03-16,AMZN,154.59300231933594,50776000
2021-03-17,AMZN,156.7864990234375,62372000
2021-03-18,AMZN,151.39950561523438,72992000
2021-03-19,AMZN,153.7480010986328,92508000
2021-03-22,AMZN,155.5435028076172,58044000
2021-03-23,AMZN,156.875,76346000
2021-03-24,AMZN,154.35350036621094,59180000
2021-03-25,AMZN,152.31300354003906,71270000
2021-03-26,AMZN,152.60150146484375,66258000
2021-03-29,AMZN,153.7864990234375,54920000
2021-03-30,AMZN,152.76449584960938,46752000
2021-03-31,AMZN,154.70399475097656,61878000
2021-04-01,AMZN,158.0500030517578,58806000
2021-04-05,AMZN,161.3365020751953,66698000
2021-04-06,AMZN,161.1909942626953,50756000
2021-04-07,AMZN,163.96949768066406,66924000
2021-04-08,AMZN,164.96499633789062,56242000
2021-04-09,AMZN,168.61000061035156,86830000
2021-04-12,AMZN,168.96949768066406,65636000
2021-04-13,AMZN,170.0,66316000
2021-04-14,AMZN,166.64999389648438,62904000
2021-04-15,AMZN,168.95449829101562,64672000
2021-04-16,AMZN,169.9720001220703,63720000
2021-04-19,AMZN,168.60049438476562,54508000
2021-04-20,AMZN,166.7344970703125,52460000
2021-04-21,AMZN,168.1009979248047,44224000
2021-04-22,AMZN,165.45199584960938,51612000
2021-04-23,AMZN,167.04400634765625,63856000
2021-04-26,AMZN,170.4499969482422,97614000
2021-04-27,AMZN,170.8715057373047,76542000
2021-04-28,AMZN,172.9250030517578,92638000
2021-04-29,AMZN,173.5655059814453,153648000
2021-04-30,AMZN,173.37100219726562,140186000
2021-05-03,AMZN,169.32449340820312,117510000
2021-05-04,AMZN,165.593505859375,108788000
2021-05-05,AMZN,163.52699279785156,74226000
2021-05-06,AMZN,165.31849670410156,88954000
2021-05-07,AMZN,164.58050537109375,94206000
2021-05-10,AMZN,159.52450561523438,116772000
2021-05-11,AMZN,161.19549560546875,92396000
2021-05-12,AMZN,157.5970001220703,98728000
2021-05-13,AMZN,158.07350158691406,67018000
2021-05-14,AMZN,161.14500427246094,66500000
2021-05-17,AMZN,163.51950073242188,74478000
2021-05-18,AMZN,161.61399841308594,56568000
2021-05-19,AMZN,161.58999633789062,53594000
2021-05-20,AMZN,162.38400268554688,52664000
2021-05-21,AMZN,160.1540069580078,82098000
2021-05-24,AMZN,162.24949645996094,48456000
2021-05-25,AMZN,162.95249938964844,65222000
2021-05-26,AMZN,163.25799560546875,47680000
2021-05-27,AMZN,161.5054931640625,51224000
2021-05-28,AMZN,161.15350341796875,46596000
2021-06-01,AMZN,160.9324951171875,48600000
2021-06-02,AMZN,161.69949340820312,40290000
2021-06-03,AMZN,159.35049438476562,47966000
2021-06-04,AMZN,160.31100463867188,44994000
2021-06-07,AMZN,159.90049743652344,44316000
2021-06-08,AMZN,163.20550537109375,68334000
2021-06-09,AMZN,164.0574951171875,49110000
2021-06-10,AMZN,167.4824981689453,69530000
2021-06-11,AMZN,167.3415069580078,56348000
2021-06-14,AMZN,169.19349670410156,51394000
2021-06-15,AMZN,169.156494140625,48524000
2021-06-16,AMZN,170.7624969482422,84056000
2021-06-17,AMZN,174.46200561523438,102730000
2021-06-18,AMZN,174.34500122070312,104954000
2021-06-21,AMZN,172.697998046875,65542000
2021-06-22,AMZN,175.27200317382812,66902000
2021-06-23,AMZN,175.1909942626953,56266000
2021-06-24,AMZN,172.45399475097656,76640000
2021-06-25,AMZN,170.072998046875,78820000
2021-06-28,AMZN,172.1945037841797,44856000
2021-06-29,AMZN,172.40699768066406,41968000
2021-06-30,AMZN,172.00799560546875,48080000
2021-07-01,AMZN,171.64849853515625,40742000
2021-07-02,AMZN,175.5489959716797,63388000
2021-07-06,AMZN,183.78700256347656,134896000
2021-07-07,AMZN,184.82899475097656,106562000
2021-07-08,AMZN,186.57049560546875,103612000
2021-07-09,AMZN,185.9669952392578,74964000
2021-07-12,AMZN,185.92750549316406,51432000
2021-07-13,AMZN,183.8679962158203,76918000
2021-07-14,AMZN,184.08399963378906,65932000
2021-07-15,AMZN,181.55999755859375,63706000
2021-07-16,AMZN,178.68150329589844,80874000
2021-07-19,AMZN,177.47950744628906,75692000
2021-07-20,AMZN,178.6595001220703,65114000
2021-07-21,AMZN,179.25999450683594,46380000
2021-07-22,AMZN,181.90150451660156,65308000
2021-07-23,AMZN,182.83200073242188,48726000
2021-07-26,AMZN,184.99099731445312,58002000
2021-07-27,AMZN,181.3195037841797,82638000
2021-07-28,AMZN,181.51600646972656,59988000
2021-07-29,AMZN,179.99600219726562,110400000
2021-07-30,AMZN,166.37950134277344,199312000
2021-08-02,AMZN,166.57400512695312,67078000
2021-08-03,AMZN,168.31199645996094,83146000
2021-08-04,AMZN,167.73599243164062,43678000
2021-08-05,AMZN,168.79949951171875,48670000
2021-08-06,AMZN,167.2469940185547,52752000
2021-08-09,AMZN,167.093505859375,42964000
2021-08-10,AMZN,166.03399658203125,48252000
2021-08-11,AMZN,164.60549926757812,58944000
2021-08-12,AMZN,165.1750030517578,46282000
2021-08-13,AMZN,164.69850158691406,41134000
2021-08-16,AMZN,164.94949340820312,66394000
2021-08-17,AMZN,162.09800720214844,67758000
2021-08-18,AMZN,160.06100463867188,56086000
2021-08-19,AMZN,159.3874969482422,75658000
2021-08-20,AMZN,159.99749755859375,67168000
2021-08-23,AMZN,163.2935028076172,65362000
2021-08-24,AMZN,165.28900146484375,51036000
2021-08-25,AMZN,164.95899963378906,33606000
2021-08-26,AMZN,165.8000030517578,41976000
2021-08-27,AMZN,167.48150634765625,48048000
2021-08-30,AMZN,171.07850646972656,63844000
2021-08-31,AMZN,173.5395050048828,87128000
2021-09-01,AMZN,173.9499969482422,72598000
2021-09-02,AMZN,173.156005859375,58474000
2021-09-03,AMZN,173.90249633789062,51514000
2021-09-07,AMZN,175.46449279785156,54758000
2021-09-08,AMZN,176.27499389648438,61068000
2021-09-09,AMZN,174.20799255371094,54384000
2021-09-10,AMZN,173.45750427246094,47946000
2021-09-13,AMZN,172.85850524902344,51380000
2021-09-14,AMZN,172.5,38738000
2021-09-15,AMZN,173.7895050048828,59150000
2021-09-16,AMZN,174.41200256347656,51672000
2021-09-17,AMZN,173.12600708007812,92332000
2021-09-20,AMZN,167.7864990234375,93382000
2021-09-21,AMZN,167.18150329589844,55618000
2021-09-22,AMZN,169.00250244140625,48228000
2021-09-23,AMZN,170.8000030517578,47588000
2021-09-24,AMZN,171.2760009765625,42324000
2021-09-27,AMZN,170.2899932861328,72690000
2021-09-28,AMZN,165.79800415039062,88616000
2021-09-29,AMZN,165.05599975585938,51246000
2021-09-30,AMZN,164.2519989013672,56848000
2021-10-01,AMZN,164.16299438476562,56712000
2021-10-04,AMZN,159.48899841308594,90462000
2021-10-05,AMZN,161.0500030517578,65384000
2021-10-06,AMZN,163.10049438476562,50660000
2021-10-07,AMZN,165.1215057373047,48182000
2021-10-08,AMZN,164.43099975585938,39964000
2021-10-11,AMZN,162.31500244140625,40684000
2021-10-12,AMZN,162.3665008544922,36392000
2021-10-13,AMZN,164.21400451660156,48402000
2021-10-14,AMZN,164.9929962158203,42190000
2021-10-15,AMZN,170.4510040283203,103598000
2021-10-18,AMZN,172.33700561523438,63482000
2021-10-19,AMZN,172.20750427246094,47722000
2021-10-20,AMZN,170.7530059814453,42796000
2021-10-21,AMZN,171.75050354003906,37628000
2021-10-22,AMZN,166.77749633789062,62782000
2021-10-25,AMZN,166.01849365234375,44520000
2021-10-26,AMZN,168.80349731445312,53966000
2021-10-27,AMZN,169.62449645996094,54044000
2021-10-28,AMZN,172.32850646972656,114174000
2021-10-29,AMZN,168.6215057373047,129722000
2021-11-01,AMZN,165.90550231933594,72178000
2021-11-02,AMZN,165.6374969482422,52552000
2021-11-03,AMZN,169.1999969482422,67944000
2021-11-04,AMZN,173.85000610351562,107060000
2021-11-05,AMZN,175.94949340820312,99940000
2021-11-08,AMZN,174.44900512695312,61480000
2021-11-09,AMZN,178.81149291992188,85898000
2021-11-10,AMZN,174.1024932861328,80548000
2021-11-11,AMZN,173.625,45288000
2021-11-12,AMZN,176.25750732421875,53788000
2021-11-15,AMZN,177.28399658203125,58594000
2021-11-16,AMZN,177.03500366210938,44342000
2021-11-17,AMZN,177.4499969482422,51206000
2021-11-18,AMZN,184.80299377441406,114070000
2021-11-19,AMZN,183.82850646972656,98734000
2021-11-22,AMZN,178.6284942626953,96844000
2021-11-23,AMZN,179.0019989013672,73804000
2021-11-24,AMZN,179.02049255371094,46560000
2021-11-26,AMZN,175.22799682617188,59826000
2021-11-29,AMZN,178.07850646972656,65312000
2021-11-30,AMZN,175.35350036621094,80022000
2021-12-01,AMZN,172.18600463867188,74916000
2021-12-02,AMZN,171.8679962158203,64726000
2021-12-03,AMZN,169.489501953125,80712000
2021-12-06,AMZN,171.36849975585938,68860000
2021-12-07,AMZN,176.1645050048828,66410000
2021-12-08,AMZN,176.1580047607422,45254000
2021-12-09,AMZN,174.17100524902344,46062000
2021-12-10,AMZN,172.21200561523438,60690000
2021-12-13,AMZN,169.5675048828125,62170000
2021-12-14,AMZN,169.0915069580078,55976000
2021-12-15,AMZN,173.31500244140625,75794000
2021-12-16,AMZN,168.87100219726562,60876000
2021-12-17,AMZN,170.0175018310547,85542000
2021-12-20,AMZN,167.07899475097656,57372000
2021-12-21,AMZN,170.41700744628906,55956000
2021-12-22,AMZN,171.03700256347656,55036000
2021-12-23,AMZN,171.06849670410156,36788000
2021-12-27,AMZN,169.66949462890625,58688000
2021-12-28,AMZN,170.66099548339844,54638000
2021-12-29,AMZN,169.2010040283203,35754000
2021-12-30,AMZN,168.64450073242188,37584000
2021-12-31,AMZN,166.7169952392578,47830000
2022-01-03,AMZN,170.4044952392578,63520000
2022-01-04,AMZN,167.52200317382812,70726000
2022-01-05,AMZN,164.35699462890625,64302000
2022-01-06,AMZN,163.25399780273438,51958000
2022-01-07,AMZN,162.5540008544922,46606000
2022-01-10,AMZN,161.48599243164062,87798000
2022-01-11,AMZN,165.36199951171875,62806000
2022-01-12,AMZN,165.20700073242188,50030000
2022-01-13,AMZN,161.21400451660156,52188000
2022-01-14,AMZN,162.13800048828125,45974000
2022-01-18,AMZN,158.91749572753906,67292000
2022-01-19,AMZN,156.2989959716797,53242000
2022-01-20,AMZN,151.66749572753906,71974000
2022-01-21,AMZN,142.64300537109375,163972000
2022-01-24,AMZN,144.54400634765625,155624000
2022-01-25,AMZN,139.98599243164062,90824000
2022-01-26,AMZN,138.87249755859375,95602000
2022-01-27,AMZN,139.6374969482422,77516000
2022-01-28,AMZN,143.97799682617188,74392000
2022-01-31,AMZN,149.57350158691406,78308000
2022-02-01,AMZN,151.19349670410156,59220000
2022-02-02,AMZN,150.6125030517578,87330000
2022-02-03,AMZN,138.8455047607422,225532000
2022-02-04,AMZN,157.63949584960938,253456000
2022-02-07,AMZN,157.9355010986328,102624000
2022-02-08,AMZN,161.4134979248047,76040000
2022-02-09,AMZN,161.1894989013672,68786000
2022-02-10,AMZN,159.0034942626953,68268000
2022-02-11,AMZN,153.2935028076172,77100000
2022-02-14,AMZN,155.16700744628906,83230000
2022-02-15,AMZN,156.510498046875,56440000
2022-02-16,AMZN,158.10049438476562,52704000
2022-02-17,AMZN,154.65249633789062,64032000
2022-02-18,AMZN,152.60150146484375,63604000
2022-02-22,AMZN,150.19749450683594,66128000
2022-02-23,AMZN,144.82699584960938,64244000
2022-02-24,AMZN,151.35800170898438,100786000
2022-02-25,AMZN,153.7884979248047,62396000
2022-02-28,AMZN,153.56300354003906,57684000
2022-03-01,AMZN,151.14199829101562,44874000
2022-03-02,AMZN,152.05250549316406,47334000
2022-03-03,AMZN,147.89849853515625,65198000
2022-03-04,AMZN,145.64100646972656,60934000
2022-03-07,AMZN,137.4530029296875,86934000
2022-03-08,AMZN,136.01449584960938,91662000
2022-03-09,AMZN,139.2790069580078,82656000
2022-03-10,AMZN,146.8175048828125,135062000
2022-03-11,AMZN,145.52450561523438,68900000
2022-03-14,AMZN,141.85299682617188,74086000
2022-03-15,AMZN,147.3665008544922,75584000
2022-03-16,AMZN,153.10400390625,84958000
2022-03-17,AMZN,157.23899841308594,72934000
2022-03-18,AMZN,161.25050354003906,102962000
2022-03-21,AMZN,161.4915008544922,66538000
2022-03-22,AMZN,164.88900756835938,64086000
2022-03-23,AMZN,163.4080047607422,55812000
2022-03-24,AMZN,163.64950561523438,56798000
2022-03-25,AMZN,164.77349853515625,49032000
2022-03-28,AMZN,168.99049377441406,59854000
2022-03-29,AMZN,169.31500244140625,66154000
2022-03-30,AMZN,166.30099487304688,56168000
2022-03-31,AMZN,162.99749755859375,59966000
2022-04-01,AMZN,163.55999755859375,57090000
2022-04-04,AMZN,168.34649658203125,49882000
2022-04-05,AMZN,164.05499267578125,53728000
2022-04-06,AMZN,158.75599670410156,79056000
2022-04-07,AMZN,157.7845001220703,68136000
2022-04-08,AMZN,154.4604949951172,46002000
2022-04-11,AMZN,151.1219940185547,52112000
2022-04-12,AMZN,150.78750610351562,55178000
2022-04-13,AMZN,155.54100036621094,53390000
2022-04-14,AMZN,151.7064971923828,51598000
2022-04-18,AMZN,152.78500366210938,46514000
2022-04-19,AMZN,158.11549377441406,54926000
2022-04-20,AMZN,153.9980010986328,59630000
2022-04-21,AMZN,148.29600524902344,63970000
2022-04-22,AMZN,144.35000610351562,73078000
2022-04-25,AMZN,146.07400512695312,61874000
2022-04-26,AMZN,139.39100646972656,77530000
2022-04-27,AMZN,138.16700744628906,71336000
2022-04-28,AMZN,144.59649658203125,117316000
2022-04-29,AMZN,124.28150177001953,272662000
2022-05-02,AMZN,124.5,148788000
2022-05-03,AMZN,124.25350189208984,79134000
2022-05-04,AMZN,125.92849731445312,110746000
2022-05-05,AMZN,116.40699768066406,144392000
2022-05-06,AMZN,114.77249908447266,124260000
2022-05-09,AMZN,108.78900146484375,128124000
2022-05-10,AMZN,108.85900115966797,105434000
2022-05-11,AMZN,105.37200164794922,109704000
2022-05-12,AMZN,106.93049621582031,132026000
2022-05-13,AMZN,113.05500030517578,93684000
2022-05-16,AMZN,110.81050109863281,74566000
2022-05-17,AMZN,115.36849975585938,76448000
2022-05-18,AMZN,107.11250305175781,108380000
2022-05-19,AMZN,107.31900024414062,88142000
2022-05-20,AMZN,107.59100341796875,99500000
2022-05-23,AMZN,107.55699920654297,107798000
2022-05-24,AMZN,104.0999984741211,102934000
2022-05-25,AMZN,106.7750015258789,93120000
2022-05-26,AMZN,111.07749938964844,93002000
2022-05-27,AMZN,115.14649963378906,93660000
2022-05-31,AMZN,120.20950317382812,144634000
2022-06-01,AMZN,121.68399810791016,127528000
2022-06-02,AMZN,125.51100158691406,100560000
2022-06-03,AMZN,122.3499984741211,97604000
2022-06-06,AMZN,124.79000091552734,135269000
2022-06-07,AMZN,123.0,85156700
2022-06-08,AMZN,121.18000030517578,64926600
2022-06-09,AMZN,116.1500015258789,67029800
2022-06-10,AMZN,109.6500015258789,87266000
2022-06-13,AMZN,103.66999816894531,99277700
2022-06-14,AMZN,102.30999755859375,69728800
2022-06-15,AMZN,107.66999816894531,85011100
2022-06-16,AMZN,103.66000366210938,82186300
2022-06-17,AMZN,106.22000122070312,99772100
2022-06-21,AMZN,108.68000030517578,70901200
2022-06-22,AMZN,108.94999694824219,60040100
2022-06-23,AMZN,112.44000244140625,64345300
2022-06-24,AMZN,116.45999908447266,69867600
2022-06-27,AMZN,113.22000122070312,62133200
2022-06-28,AMZN,107.4000015258789,74942900
2022-06-29,AMZN,108.91999816894531,66375300
2022-06-30,AMZN,106.20999908447266,97679400
2022-07-01,AMZN,109.55999755859375,73021200
2022-07-05,AMZN,113.5,76583700
2022-07-06,AMZN,114.33000183105469,66958900
2022-07-07,AMZN,116.33000183105469,57872300
2022-07-08,AMZN,115.54000091552734,45719700
2022-07-11,AMZN,111.75,53487600
2022-07-12,AMZN,109.22000122070312,54280300
2022-07-13,AMZN,110.4000015258789,61353800
2022-07-14,AMZN,110.62999725341797,51163100
2022-07-15,AMZN,113.55000305175781,84317800
2022-07-18,AMZN,113.76000213623047,59115400
2022-07-19,AMZN,118.20999908447266,60990000
2022-07-20,AMZN,122.7699966430664,71268300
2022-07-21,AMZN,124.62999725341797,60239900
2022-07-22,AMZN,122.41999816894531,51463800
2022-07-25,AMZN,121.13999938964844,50221300
2022-07-26,AMZN,114.80999755859375,67075100
2022-07-27,AMZN,120.97000122070312,61582000
2022-07-28,AMZN,122.27999877929688,82245500
2022-07-29,AMZN,134.9499969482422,148892900
2022-08-01,AMZN,135.38999938964844,76846900
2022-08-02,AMZN,134.16000366210938,61922400
2022-08-03,AMZN,139.52000427246094,71827800
2022-08-04,AMZN,142.57000732421875,70585000
2022-08-05,AMZN,140.8000030517578,50686900
2022-08-08,AMZN,139.41000366210938,52229000
2022-08-09,AMZN,137.8300018310547,40434700
2022-08-10,AMZN,142.69000244140625,54773800
2022-08-11,AMZN,140.63999938964844,44867300
2022-08-12,AMZN,143.5500030517578,47643500
2022-08-15,AMZN,143.17999267578125,39014600
2022-08-16,AMZN,144.77999877929688,59102900
2022-08-17,AMZN,142.10000610351562,48149800
2022-08-18,AMZN,142.3000030517578,37458700
2022-08-19,AMZN,138.22999572753906,47792800
2022-08-22,AMZN,133.22000122070312,50461500
2022-08-23,AMZN,133.6199951171875,36252100
2022-08-24,AMZN,133.8000030517578,38627000
2022-08-25,AMZN,137.27999877929688,37496300
2022-08-26,AMZN,130.75,53322700
2022-08-29,AMZN,129.7899932861328,48101600
2022-08-30,AMZN,128.72999572753906,49203000
2022-08-31,AMZN,126.7699966430664,53648700
2022-09-01,AMZN,127.81999969482422,56636100
2022-09-02,AMZN,127.51000213623047,57429800
2022-09-06,AMZN,126.11000061035156,43888600
2022-09-07,AMZN,129.47999572753906,47900300
2022-09-08,AMZN,129.82000732421875,43988500
2022-09-09,AMZN,133.27000427246094,49387600
2022-09-12,AMZN,136.4499969482422,53826900
2022-09-13,AMZN,126.81999969482422,72694000
2022-09-14,AMZN,128.5500030517578,45316800
2022-09-15,AMZN,126.27999877929688,52887200
2022-09-16,AMZN,123.52999877929688,115667800
2022-09-19,AMZN,124.66000366210938,47279700
2022-09-20,AMZN,122.19000244140625,47698400
2022-09-21,AMZN,118.54000091552734,58498900
2022-09-22,AMZN,117.30999755859375,55229200
2022-09-23,AMZN,113.77999877929688,65126700
2022-09-26,AMZN,115.1500015258789,62723300
2022-09-27,AMZN,114.41000366210938,60094700
2022-09-28,AMZN,118.01000213623047,55763800
2022-09-29,AMZN,114.80000305175781,58969700
2022-09-30,AMZN,113.0,59479600
2022-10-03,AMZN,115.87999725341797,50941900
2022-10-04,AMZN,121.08999633789062,62812600
2022-10-05,AMZN,120.94999694824219,48217500
2022-10-06,AMZN,120.30000305175781,42253800
2022-10-07,AMZN,114.55999755859375,54678000
2022-10-10,AMZN,113.66999816894531,42339700
2022-10-11,AMZN,112.20999908447266,56432200
2022-10-12,AMZN,112.9000015258789,45728700
2022-10-13,AMZN,112.52999877929688,86868100
2022-10-14,AMZN,106.9000015258789,67737300
2022-10-17,AMZN,113.79000091552734,62782000
2022-10-18,AMZN,116.36000061035156,65607400
2022-10-19,AMZN,115.06999969482422,47198100
2022-10-20,AMZN,115.25,48795100
2022-10-21,AMZN,119.31999969482422,55660500
2022-10-24,AMZN,119.81999969482422,49531500
2022-10-25,AMZN,120.5999984741211,50934600
2022-10-26,AMZN,115.66000366210938,68802300
2022-10-27,AMZN,110.95999908447266,129605400
2022-10-28,AMZN,103.41000366210938,223133400
2022-10-31,AMZN,102.44000244140625,99251400
2022-11-01,AMZN,96.79000091552734,153370000
2022-11-02,AMZN,92.12000274658203,135761800
2022-11-03,AMZN,89.30000305175781,136683300
2022-11-04,AMZN,90.9800033569336,129101300
2022-11-07,AMZN,90.52999877929688,77495700
2022-11-08,AMZN,89.9800033569336,88703400
2022-11-09,AMZN,86.13999938964844,90796200
2022-11-10,AMZN,96.62999725341797,173414900
2022-11-11,AMZN,100.79000091552734,111590500
2022-11-14,AMZN,98.48999786376953,99533100
2022-11-15,AMZN,98.94000244140625,111336300
2022-11-16,AMZN,97.12000274658203,87958800
2022-11-17,AMZN,94.8499984741211,82617900
2022-11-18,AMZN,94.13999938964844,72428200
2022-11-21,AMZN,92.45999908447266,84330300
2022-11-22,AMZN,93.19999694824219,62192000
2022-11-23,AMZN,94.12999725341797,59414700
2022-11-25,AMZN,93.41000366210938,35088600
2022-11-28,AMZN,93.94999694824219,74943100
2022-11-29,AMZN,92.41999816894531,65567300
2022-11-30,AMZN,96.54000091552734,102805800
2022-12-01,AMZN,95.5,68488000
2022-12-02,AMZN,94.12999725341797,72496400
2022-12-05,AMZN,91.01000213623047,71535500
2022-12-06,AMZN,88.25,75503600
2022-12-07,AMZN,88.45999908447266,68086900
2022-12-08,AMZN,90.3499984741211,73305900
2022-12-09,AMZN,89.08999633789062,67398500
2022-12-12,AMZN,90.55000305175781,61999800
2022-12-13,AMZN,92.48999786376953,100212000
2022-12-14,AMZN,91.58000183105469,70298000
2022-12-15,AMZN,88.44999694824219,84802900
2022-12-16,AMZN,87.86000061035156,146144100
2022-12-19,AMZN,84.91999816894531,83531500
2022-12-20,AMZN,85.19000244140625,74348300
2022-12-21,AMZN,86.7699966430664,59267200
2022-12-22,AMZN,83.79000091552734,81431300
2022-12-23,AMZN,85.25,57433700
2022-12-27,AMZN,83.04000091552734,57284000
2022-12-28,AMZN,81.81999969482422,58228600
2022-12-29,AMZN,84.18000030517578,54995900
2022-12-30,AMZN,84.0,62401200
2023-01-03,AMZN,85.81999969482422,76706000
2023-01-04,AMZN,85.13999938964844,68885100
2023-01-05,AMZN,83.12000274658203,67930800
2023-01-06,AMZN,86.08000183105469,83303400
2023-01-09,AMZN,87.36000061035156,65266100
2023-01-10,AMZN,89.87000274658203,67756600
2023-01-11,AMZN,95.08999633789062,103126200
2023-01-12,AMZN,95.2699966430664,85254800
2023-01-13,AMZN,98.12000274658203,85549400
2023-01-17,AMZN,96.05000305175781,72755000
2023-01-18,AMZN,95.45999908447266,79570400
2023-01-19,AMZN,93.68000030517578,69002700
2023-01-20,AMZN,97.25,67481500
2023-01-23,AMZN,97.5199966430664,76501100
2023-01-24,AMZN,96.31999969482422,66929500
2023-01-25,AMZN,97.18000030517578,94261600
2023-01-26,AMZN,99.22000122070312,68523600
2023-01-27,AMZN,102.23999786376953,87775600
2023-01-30,AMZN,100.55000305175781,70691900
2023-01-31,AMZN,103.12999725341797,66527300
2023-02-01,AMZN,105.1500015258789,80450100
2023-02-02,AMZN,112.91000366210938,158154200
2023-02-03,AMZN,103.38999938964844,144374800
2023-02-06,AMZN,102.18000030517578,81945200
2023-02-07,AMZN,102.11000061035156,119501300
2023-02-08,AMZN,100.05000305175781,75878300
2023-02-09,AMZN,98.23999786376953,64622500
2023-02-10,AMZN,97.61000061035156,52740100
2023-02-13,AMZN,99.54000091552734,52841500
2023-02-14,AMZN,99.69999694824219,56202900
2023-02-15,AMZN,101.16000366210938,47957600
2023-02-16,AMZN,98.1500015258789,56339200
2023-02-17,AMZN,97.19999694824219,60029400
2023-02-21,AMZN,94.58000183105469,56580400
2023-02-22,AMZN,95.79000091552734,59534100
2023-02-23,AMZN,95.81999969482422,48467000
2023-02-24,AMZN,93.5,57053800
2023-02-27,AMZN,93.76000213623047,47470300
2023-02-28,AMZN,94.2300033569336,43959300
2023-03-01,AMZN,92.16999816894531,52299500
2023-03-02,AMZN,92.12999725341797,55509400
2023-03-03,AMZN,94.9000015258789,55759600
2023-03-06,AMZN,93.75,52112400
2023-03-07,AMZN,93.55000305175781,49100700
2023-03-08,AMZN,93.91999816894531,44899100
2023-03-09,AMZN,92.25,56218700
2023-03-10,AMZN,90.7300033569336,69827500
2023-03-13,AMZN,92.43000030517578,72397100
2023-03-14,AMZN,94.87999725341797,60912700
2023-03-15,AMZN,96.19999694824219,70731800
2023-03-16,AMZN,100.04000091552734,84446900
2023-03-17,AMZN,98.94999694824219,87300200
2023-03-20,AMZN,97.70999908447266,62388900
2023-03-21,AMZN,100.61000061035156,58597300
2023-03-22,AMZN,98.69999694824219,57475400
2023-03-23,AMZN,98.70999908447266,57559300
2023-03-24,AMZN,98.12999725341797,56095400
2023-03-27,AMZN,98.04000091552734,46721300
2023-03-28,AMZN,97.23999786376953,38720100
2023-03-29,AMZN,100.25,49783300
2023-03-30,AMZN,102.0,53633400
2023-03-31,AMZN,103.29000091552734,56750300
2023-04-03,AMZN,102.41000366210938,41135700
2023-04-04,AMZN,103.94999694824219,48662500
2023-04-05,AMZN,101.0999984741211,45175400
2023-04-06,AMZN,102.05999755859375,43808000
2023-04-10,AMZN,102.16999816894531,37261200
2023-04-11,AMZN,99.91999816894531,60417800
2023-04-12,AMZN,97.83000183105469,56735000
2023-04-13,AMZN,102.4000015258789,67925100
2023-04-14,AMZN,102.51000213623047,51450500
2023-04-17,AMZN,102.73999786376953,39919500
2023-04-18,AMZN,102.30000305175781,39790500
2023-04-19,AMZN,104.30000305175781,58398900
2023-04-20,AMZN,103.80999755859375,57696900
2023-04-21,AMZN,106.95999908447266,86774200
2023-04-24,AMZN,106.20999908447266,69575600
2023-04-25,AMZN,102.56999969482422,65026800
2023-04-26,AMZN,104.9800033569336,73803800
2023-04-27,AMZN,109.81999969482422,149961200
2023-04-28,AMZN,105.44999694824219,130715900
2023-05-01,AMZN,102.05000305175781,74728100
2023-05-02,AMZN,103.62999725341797,73469400
2023-05-03,AMZN,103.6500015258789,65051900
2023-05-04,AMZN,104.0,45345500
2023-05-05,AMZN,105.66000366210938,56951700
2023-05-08,AMZN,105.83000183105469,49430900
2023-05-09,AMZN,106.62000274658203,44089400
2023-05-10,AMZN,110.19000244140625,78627600
2023-05-11,AMZN,112.18000030517578,74924800
2023-05-12,AMZN,110.26000213623047,49852700
2023-05-15,AMZN,111.19999694824219,53011100
2023-05-16,AMZN,113.4000015258789,71472900
2023-05-17,AMZN,115.5,65655200
2023-05-18,AMZN,118.1500015258789,73174100
2023-05-19,AMZN,116.25,55056300
2023-05-22,AMZN,115.01000213623047,70741100
2023-05-23,AMZN,114.98999786376953,67576300
2023-05-24,AMZN,116.75,63487900
2023-05-25,AMZN,115.0,66496700
2023-05-26,AMZN,120.11000061035156,96779900
2023-05-30,AMZN,121.66000366210938,64314800
2023-05-31,AMZN,120.58000183105469,72800800
2023-06-01,AMZN,122.7699966430664,54375100
2023-06-02,AMZN,124.25,61264400
2023-06-05,AMZN,125.30000305175781,47950100
2023-06-06,AMZN,126.61000061035156,45695200
2023-06-07,AMZN,121.2300033569336,95663300
2023-06-08,AMZN,124.25,62159300
2023-06-09,AMZN,123.43000030517578,51396000
2023-06-12,AMZN,126.56999969482422,51338000
2023-06-13,AMZN,126.66000366210938,50564800
2023-06-14,AMZN,126.41999816894531,52422500
2023-06-15,AMZN,127.11000061035156,60458500
2023-06-16,AMZN,125.48999786376953,84247100
2023-06-20,AMZN,125.77999877929688,56930100
2023-06-21,AMZN,124.83000183105469,52137700
2023-06-22,AMZN,130.14999389648438,90354600
2023-06-23,AMZN,129.3300018310547,71927800
2023-06-26,AMZN,127.33000183105469,59989300
2023-06-27,AMZN,129.17999267578125,46801000
2023-06-28,AMZN,129.0399932861328,52149500
2023-06-29,AMZN,127.9000015258789,40761000
2023-06-30,AMZN,130.36000061035156,54350700
2023-07-03,AMZN,130.22000122070312,28264800
2023-07-05,AMZN,130.3800048828125,35895400
2023-07-06,AMZN,128.36000061035156,40639900
2023-07-07,AMZN,129.77999877929688,41992300
2023-07-10,AMZN,127.12999725341797,61889300
2023-07-11,AMZN,128.77999877929688,49951500
2023-07-12,AMZN,130.8000030517578,54022800
2023-07-13,AMZN,134.3000030517578,61170900
2023-07-14,AMZN,134.67999267578125,54487100
2023-07-17,AMZN,133.55999755859375,48450200
2023-07-18,AMZN,132.8300018310547,54882900
2023-07-19,AMZN,135.36000061035156,54531000
2023-07-20,AMZN,129.9600067138672,59820600
2023-07-21,AMZN,130.0,133307300
2023-07-24,AMZN,128.8000030517578,45591100
2023-07-25,AMZN,129.1300048828125,39236700
2023-07-26,AMZN,128.14999389648438,53910100
2023-07-27,AMZN,128.25,52610700
2023-07-28,AMZN,132.2100067138672,46317400
2023-07-31,AMZN,133.67999267578125,41901500
2023-08-01,AMZN,131.69000244140625,42098500
2023-08-02,AMZN,128.2100067138672,51027600
2023-08-03,AMZN,128.91000366210938,88585200
2023-08-04,AMZN,139.57000732421875,153128500
2023-08-07,AMZN,142.22000122070312,71213100
2023-08-08,AMZN,139.94000244140625,51710500
2023-08-09,AMZN,137.85000610351562,50017300
2023-08-10,AMZN,138.55999755859375,58928400
2023-08-11,AMZN,138.41000366210938,42905800
2023-08-14,AMZN,140.57000732421875,47148700
2023-08-15,AMZN,137.6699981689453,42781500
2023-08-16,AMZN,135.07000732421875,41675900
2023-08-17,AMZN,133.97999572753906,48354100
2023-08-18,AMZN,133.22000122070312,48497700
2023-08-21,AMZN,134.67999267578125,41442500
2023-08-22,AMZN,134.25,32905400
2023-08-23,AMZN,135.52000427246094,42801000
2023-08-24,AMZN,131.83999633789062,43646300
2023-08-25,AMZN,133.25999450683594,44147500
2023-08-28,AMZN,133.13999938964844,34108400
2023-08-29,AMZN,134.91000366210938,38646100
2023-08-30,AMZN,135.07000732421875,36137000
2023-08-31,AMZN,138.00999450683594,58781300
2023-09-01,AMZN,138.1199951171875,40991500
2023-09-05,AMZN,137.27000427246094,40636700
2023-09-06,AMZN,135.36000061035156,41785500
2023-09-07,AMZN,137.85000610351562,48498900
2023-09-08,AMZN,138.22999572753906,38348200
2023-09-11,AMZN,143.10000610351562,56764500
2023-09-12,AMZN,141.22999572753906,42668500
2023-09-13,AMZN,144.85000610351562,60465200
2023-09-14,AMZN,144.72000122070312,64033600
2023-09-15,AMZN,140.38999938964844,102909300
2023-09-18,AMZN,139.97999572753906,42823500
2023-09-19,AMZN,137.6300048828125,61482500
2023-09-20,AMZN,135.2899932861328,46263700
2023-09-21,AMZN,129.3300018310547,70343300
2023-09-22,AMZN,129.1199951171875,59904300
2023-09-25,AMZN,131.27000427246094,46017800
2023-09-26,AMZN,125.9800033569336,73048200
2023-09-27,AMZN,125.9800033569336,66553400
2023-09-28,AMZN,125.9800033569336,54555000
2023-09-29,AMZN,127.12000274658203,62411700
2023-10-02,AMZN,129.4600067138672,48029700
2023-10-03,AMZN,124.72000122070312,51565000
2023-10-04,AMZN,127.0,44203900
2023-10-05,AMZN,125.95999908447266,39660600
2023-10-06,AMZN,127.95999908447266,46836700
2023-10-09,AMZN,128.25999450683594,38773700
2023-10-10,AMZN,129.47999572753906,42178600
2023-10-11,AMZN,131.8300018310547,40741800
2023-10-12,AMZN,132.3300018310547,55528600
2023-10-13,AMZN,129.7899932861328,45786600
2023-10-16,AMZN,132.5500030517578,42832900
2023-10-17,AMZN,131.47000122070312,49344600
2023-10-18,AMZN,128.1300048828125,42699500
2023-10-19,AMZN,128.39999389648438,60961400
2023-10-20,AMZN,125.16999816894531,56406400
2023-10-23,AMZN,126.55999755859375,48260000
2023-10-24,AMZN,128.55999755859375,46477400
2023-10-25,AMZN,121.38999938964844,74577500
2023-10-26,AMZN,119.56999969482422,100419500
2023-10-27,AMZN,127.73999786376953,125309300
2023-10-30,AMZN,132.7100067138672,72485500
2023-10-31,AMZN,133.08999633789062,51589400
2023-11-01,AMZN,137.0,61529400
2023-11-02,AMZN,138.07000732421875,52236700
2023-11-03,AMZN,138.60000610351562,44059800
2023-11-06,AMZN,139.74000549316406,44970400
2023-11-07,AMZN,142.7100067138672,53553500
2023-11-08,AMZN,142.0800018310547,44521700
2023-11-09,AMZN,140.60000610351562,36235400
2023-11-10,AMZN,143.55999755859375,49287800
2023-11-13,AMZN,142.58999633789062,35680600
2023-11-14,AMZN,145.8000030517578,56674600
2023-11-15,AMZN,143.1999969482422,63875700
2023-11-16,AMZN,142.8300018310547,49653500
2023-11-17,AMZN,145.17999267578125,49636700
2023-11-20,AMZN,146.1300048828125,41951200
2023-11-21,AMZN,143.89999389648438,71226000
2023-11-22,AMZN,146.7100067138672,45669100
2023-11-24,AMZN,146.74000549316406,22378400
2023-11-27,AMZN,147.72999572753906,53762400
2023-11-28,AMZN,147.02999877929688,42711700
2023-11-29,AMZN,146.32000732421875,40610900
2023-11-30,AMZN,146.08999633789062,65814000
2023-12-01,AMZN,147.02999877929688,39951800
2023-12-04,AMZN,144.83999633789062,48294200
2023-12-05,AMZN,146.8800048828125,46822400
2023-12-06,AMZN,144.52000427246094,39679000
2023-12-07,AMZN,146.8800048828125,52352800
2023-12-08,AMZN,147.4199981689453,41906000
2023-12-11,AMZN,145.88999938964844,50907300
2023-12-12,AMZN,147.47999572753906,44944300
2023-12-13,AMZN,148.83999633789062,52766200
2023-12-14,AMZN,147.4199981689453,58400800
2023-12-15,AMZN,149.97000122070312,110089300
2023-12-18,AMZN,154.07000732421875,62512800
2023-12-19,AMZN,153.7899932861328,43171300
2023-12-20,AMZN,152.1199951171875,50322100
2023-12-21,AMZN,153.83999633789062,36305700
2023-12-22,AMZN,153.4199981689453,29514100
2023-12-26,AMZN,153.41000366210938,25067200
2023-12-27,AMZN,153.33999633789062,31434700
2023-12-28,AMZN,153.3800048828125,27057000
2023-12-29,AMZN,151.94000244140625,39823200
2024-01-02,AMZN,149.92999267578125,47339400
2024-01-03,AMZN,148.47000122070312,49425500
2024-01-04,AMZN,144.57000732421875,56039800
2024-01-05,AMZN,145.24000549316406,45153100
2024-01-08,AMZN,149.10000610351562,46757100
2024-01-09,AMZN,151.3699951171875,43812600
2024-01-10,AMZN,153.72999572753906,44421800
2024-01-11,AMZN,155.17999267578125,49072700
2024-01-12,AMZN,154.6199951171875,40484200
2024-01-16,AMZN,153.16000366210938,41384600
2024-01-17,AMZN,151.7100067138672,34953400
2024-01-18,AMZN,153.5,37850200
2024-01-19,AMZN,155.33999633789062,51651600
2024-01-22,AMZN,154.77999877929688,43687500
2024-01-23,AMZN,156.02000427246094,37986000
2024-01-24,AMZN,156.8699951171875,48547300
2024-01-25,AMZN,157.75,43638600
2024-01-26,AMZN,159.1199951171875,51047400
2024-01-29,AMZN,161.25999450683594,45270400
2024-01-30,AMZN,159.0,45207400
2024-01-31,AMZN,155.1999969482422,50284400
2024-02-01,AMZN,159.27999877929688,76542400
2024-02-02,AMZN,171.80999755859375,117218300
2024-02-05,AMZN,170.30999755859375,55081300
2024-02-06,AMZN,169.14999389648438,42505500
2024-02-07,AMZN,170.52999877929688,47174100
2024-02-08,AMZN,169.83999633789062,42316500
2024-02-09,AMZN,174.4499969482422,56986000
2024-02-12,AMZN,172.33999633789062,51050400
2024-02-13,AMZN,168.63999938964844,56345100
2024-02-14,AMZN,170.97999572753906,42815500
2024-02-15,AMZN,169.8000030517578,49855200
2024-02-16,AMZN,169.50999450683594,48107700
2024-02-20,AMZN,167.0800018310547,41980300
2024-02-21,AMZN,168.58999633789062,44420100
2024-02-22,AMZN,174.5800018310547,55392400
2024-02-23,AMZN,174.99000549316406,59715200
2024-02-26,AMZN,174.72999572753906,44368600
2024-02-27,AMZN,173.5399932861328,31141700
2024-02-28,AMZN,173.16000366210938,28180500
2024-02-29,AMZN,176.75999450683594,53805400
2024-03-01,AMZN,178.22000122070312,31981200
2024-03-04,AMZN,177.5800018310547,37381500
2024-03-05,AMZN,174.1199951171875,37228300
2024-03-06,AMZN,173.50999450683594,32090900
2024-03-07,AMZN,176.82000732421875,34063300
2024-03-08,AMZN,175.35000610351562,37893200
2024-03-11,AMZN,171.9600067138672,28484800
2024-03-12,AMZN,175.38999938964844,36610600
2024-03-13,AMZN,176.55999755859375,30772600
2024-03-14,AMZN,178.75,43705800
2024-03-15,AMZN,174.4199981689453,72147400
2024-03-18,AMZN,174.47999572753906,31250700
2024-03-19,AMZN,175.89999389648438,26880900
2024-03-20,AMZN,178.14999389648438,29947200
2024-03-21,AMZN,178.14999389648438,32824300
2024-03-22,AMZN,178.8699951171875,27995400
2024-03-25,AMZN,179.7100067138672,29815500
2024-03-26,AMZN,178.3000030517578,29659000
2024-03-27,AMZN,179.8300018310547,33272600
2024-03-28,AMZN,180.3800048828125,38051600
2024-04-01,AMZN,180.97000122070312,29174500
2024-04-02,AMZN,180.69000244140625,32611500
2024-04-03,AMZN,182.41000366210938,31046600
2024-04-04,AMZN,180.0,41624300
2024-04-05,AMZN,185.07000732421875,42374000
2024-04-08,AMZN,185.19000244140625,39221300
2024-04-09,AMZN,185.6699981689453,36520100
2024-04-10,AMZN,185.9499969482422,35879200
2024-04-11,AMZN,189.0500030517578,40020700
2024-04-12,AMZN,186.1300048828125,38608800
2024-04-15,AMZN,183.6199951171875,48052400
2024-04-16,AMZN,183.32000732421875,32891300
2024-04-17,AMZN,181.27999877929688,31359700
2024-04-18,AMZN,179.22000122070312,30723800
2024-04-19,AMZN,174.6300048828125,56000700
2024-04-22,AMZN,177.22999572753906,37924900
2024-04-23,AMZN,179.5399932861328,37046500
2024-04-24,AMZN,176.58999633789062,34185100
2024-04-25,AMZN,173.6699981689453,49249400
2024-04-26,AMZN,179.6199951171875,43919800
2024-04-29,AMZN,180.9600067138672,54063900
2024-04-30,AMZN,175.0,94639800
2024-05-01,AMZN,179.0,94645100
2024-05-02,AMZN,184.72000122070312,54303500
2024-05-03,AMZN,186.2100067138672,39172000
2024-05-06,AMZN,188.6999969482422,34725300
2024-05-07,AMZN,188.75999450683594,34048900
2024-05-08,AMZN,188.0,26136400
2024-05-09,AMZN,189.5,43368400
2024-05-10,AMZN,187.47999572753906,34141800
2024-05-13,AMZN,186.57000732421875,24898600
2024-05-14,AMZN,187.07000732421875,38698200
2024-05-15,AMZN,185.99000549316406,75459900
2024-05-16,AMZN,183.6300048828125,38834500
2024-05-17,AMZN,184.6999969482422,33175700
2024-05-20,AMZN,183.5399932861328,30511800
2024-05-21,AMZN,183.14999389648438,50839100
2024-05-22,AMZN,183.1300048828125,28148800
2024-05-23,AMZN,181.0500030517578,33670200
2024-05-24,AMZN,180.75,27471600
2024-05-28,AMZN,182.14999389648438,29927000
2024-05-29,AMZN,182.02000427246094,32009300
2024-05-30,AMZN,179.32000732421875,29184700
2024-05-31,AMZN,176.44000244140625,58903900
2024-06-03,AMZN,178.33999633789062,30786600
2024-06-04,AMZN,179.33999633789062,27198400
2024-06-05,AMZN,181.27999877929688,32116400
2024-06-06,AMZN,185.0,31371200
2024-06-07,AMZN,184.3000030517578,28021500
2024-06-10,AMZN,187.05999755859375,34445600
2024-06-11,AMZN,187.22999572753906,27265100
2024-06-12,AMZN,186.88999938964844,33984200
2024-06-13,AMZN,183.8300018310547,39721500
2024-06-14,AMZN,183.66000366210938,25456400
2024-06-17,AMZN,184.05999755859375,35601900
2024-06-18,AMZN,182.80999755859375,36659200
2024-06-20,AMZN,186.10000610351562,44726800
2024-06-21,AMZN,189.0800018310547,70792500
2024-06-24,AMZN,185.57000732421875,50610400
2024-06-25,AMZN,186.33999633789062,45366400
2024-06-26,AMZN,193.61000061035156,65103900
2024-06-27,AMZN,197.85000610351562,74397500
2024-06-28,AMZN,193.25,76930200
2024-07-01,AMZN,197.1999969482422,41192000
2024-07-02,AMZN,200.0,45600000
2024-07-03,AMZN,197.58999633789062,31597900
2024-07-05,AMZN,200.0,39858900
2024-07-08,AMZN,199.2899932861328,34767300
2024-07-09,AMZN,199.33999633789062,32700100
2024-07-10,AMZN,199.7899932861328,32883800
2024-07-11,AMZN,195.0500030517578,44565000
2024-07-12,AMZN,194.49000549316406,30598500
2024-07-15,AMZN,192.72000122070312,40683200
2024-07-16,AMZN,193.02000427246094,33994700
2024-07-17,AMZN,187.92999267578125,48076100
2024-07-18,AMZN,183.75,51043600
2024-07-19,AMZN,183.1300048828125,43081800
2024-07-22,AMZN,182.5500030517578,39931900
2024-07-23,AMZN,186.41000366210938,47537700
2024-07-24,AMZN,180.8300018310547,41532400
2024-07-25,AMZN,179.85000610351562,44464200
2024-07-26,AMZN,182.5,29506000
2024-07-29,AMZN,183.1999969482422,33270100
2024-07-30,AMZN,181.7100067138672,39508600
2024-07-31,AMZN,186.97999572753906,41667300
2024-08-01,AMZN,184.07000732421875,70435600
2024-08-02,AMZN,167.89999389648438,141448400
2024-08-05,AMZN,161.02000427246094,83149400
2024-08-06,AMZN,161.92999267578125,59950800
2024-08-07,AMZN,162.77000427246094,48408200
2024-08-08,AMZN,165.8000030517578,44616200
2024-08-09,AMZN,166.94000244140625,36401000
2024-08-12,AMZN,166.8000030517578,30072800
2024-08-13,AMZN,170.22999572753906,39237900
2024-08-14,AMZN,170.10000610351562,28843800
2024-08-15,AMZN,177.58999633789062,51698500
2024-08-16,AMZN,177.05999755859375,31489200
2024-08-19,AMZN,178.22000122070312,31129800
2024-08-20,AMZN,178.8800048828125,26255200
2024-08-21,AMZN,180.11000061035156,35599100
2024-08-22,AMZN,176.1300048828125,32047500
2024-08-23,AMZN,177.0399932861328,29150100
2024-08-26,AMZN,175.5,22366200
2024-08-27,AMZN,173.1199951171875,29842000
2024-08-28,AMZN,170.8000030517578,29045000
2024-08-29,AMZN,172.1199951171875,26407800
2024-08-30,AMZN,178.5,43429400
2024-09-03,AMZN,176.25,37817500
2024-09-04,AMZN,173.3300018310547,30309200
2024-09-05,AMZN,177.88999938964844,40170500
2024-09-06,AMZN,171.38999938964844,41466500
2024-09-09,AMZN,175.39999389648438,29037400
2024-09-10,AMZN,179.5500030517578,36233800
2024-09-11,AMZN,184.52000427246094,42564700
2024-09-12,AMZN,187.0,33544200
2024-09-13,AMZN,186.49000549316406,26495400
2024-09-16,AMZN,184.88999938964844,26065500
2024-09-17,AMZN,186.8800048828125,26091700
2024-09-18,AMZN,186.42999267578125,34448100
2024-09-19,AMZN,189.8699951171875,39543200
2024-09-20,AMZN,191.60000610351562,100378600
2024-09-23,AMZN,193.8800048828125,36993100
2024-09-24,AMZN,193.9600067138672,43478900
2024-09-25,AMZN,192.52999877929688,26391100
2024-09-26,AMZN,191.16000366210938,36334900
2024-09-27,AMZN,187.97000122070312,36002300
2024-09-30,AMZN,186.3300018310547,41583900
2024-10-01,AMZN,185.1300048828125,36044900
2024-10-02,AMZN,184.75999450683594,23704100
2024-10-03,AMZN,181.9600067138672,30204300
2024-10-04,AMZN,186.50999450683594,40890300
2024-10-07,AMZN,180.8000030517578,42364200
2024-10-08,AMZN,182.72000122070312,26372100
2024-10-09,AMZN,185.1699981689453,26343100
2024-10-10,AMZN,186.64999389648438,27785000
2024-10-11,AMZN,188.82000732421875,25751600
2024-10-14,AMZN,187.5399932861328,22614400
2024-10-15,AMZN,187.69000244140625,32178900
2024-10-16,AMZN,186.88999938964844,23456800
2024-10-17,AMZN,187.52999877929688,25039400
2024-10-18,AMZN,188.99000549316406,37417700
2024-10-21,AMZN,189.07000732421875,24639400
2024-10-22,AMZN,189.6999969482422,29650600
2024-10-23,AMZN,184.7100067138672,31937100
2024-10-24,AMZN,186.3800048828125,21647400
2024-10-25,AMZN,187.8300018310547,29362100
2024-10-28,AMZN,188.38999938964844,27930800
2024-10-29,AMZN,190.8300018310547,35690200
2024-10-30,AMZN,192.72999572753906,37707600
2024-10-31,AMZN,186.39999389648438,75146800
2024-11-01,AMZN,197.92999267578125,99687800
2024-11-04,AMZN,195.77999877929688,38492100
2024-11-05,AMZN,199.5,30564800
2024-11-06,AMZN,207.08999633789062,72292200
2024-11-07,AMZN,210.0500030517578,52878400
2024-11-08,AMZN,208.17999267578125,36075800
2024-11-11,AMZN,206.83999633789062,35456000
2024-11-12,AMZN,208.91000366210938,38942900
2024-11-13,AMZN,214.10000610351562,46212900
2024-11-14,AMZN,211.47999572753906,42620300
2024-11-15,AMZN,202.61000061035156,86591100
2024-11-18,AMZN,201.6999969482422,36409900
2024-11-19,AMZN,204.61000061035156,31197900
2024-11-20,AMZN,202.8800048828125,32769000
2024-11-21,AMZN,198.3800048828125,58800000
2024-11-22,AMZN,197.1199951171875,31530800
2024-11-25,AMZN,201.4499969482422,40685700
2024-11-26,AMZN,207.86000061035156,41673700
2024-11-27,AMZN,205.74000549316406,28061600
2024-11-29,AMZN,207.88999938964844,24892400
2024-12-02,AMZN,210.7100067138672,39523200
2024-12-03,AMZN,213.44000244140625,32214800
2024-12-04,AMZN,218.16000366210938,48745700
2024-12-05,AMZN,220.5500030517578,41140200
2024-12-06,AMZN,227.02999877929688,44178100
2024-12-09,AMZN,226.08999633789062,46819400
2024-12-10,AMZN,225.0399932861328,31199900
2024-12-11,AMZN,230.25999450683594,35385800
2024-12-12,AMZN,228.97000122070312,28204100
2024-12-13,AMZN,227.4600067138672,28768100
2024-12-16,AMZN,232.92999267578125,37552100
2024-12-17,AMZN,231.14999389648438,35948100
2024-12-18,AMZN,220.52000427246094,43281400
2024-12-19,AMZN,223.2899932861328,39918700
2024-12-20,AMZN,224.9199981689453,88279200
2024-12-23,AMZN,225.05999755859375,28070000
2024-12-24,AMZN,229.0500030517578,15007500
2024-12-26,AMZN,227.0500030517578,16146700
2024-12-27,AMZN,223.75,27367100
2024-12-30,AMZN,221.3000030517578,28321200
2024-12-31,AMZN,219.38999938964844,24819700
2025-01-02,AMZN,220.22000122070312,33956600
2025-01-03,AMZN,224.19000244140625,27515600
2025-01-06,AMZN,227.61000061035156,31849800
2025-01-07,AMZN,222.11000061035156,28084200
2025-01-08,AMZN,222.1300048828125,25033300
2025-01-10,AMZN,218.94000244140625,36811500
2025-01-13,AMZN,218.4600067138672,27262700
2025-01-14,AMZN,217.75999450683594,24711700
2025-01-15,AMZN,223.35000610351562,31291300
2025-01-16,AMZN,220.66000366210938,24757300
2025-01-17,AMZN,225.94000244140625,42370100
2025-01-21,AMZN,230.7100067138672,39951500
2025-01-22,AMZN,235.00999450683594,41448200
2025-01-23,AMZN,235.4199981689453,26404400
2025-01-24,AMZN,234.85000610351562,25890700
2025-01-27,AMZN,235.4199981689453,49428300
2025-01-28,AMZN,238.14999389648438,41587200
2025-01-29,AMZN,237.07000732421875,26091700
2025-01-30,AMZN,234.63999938964844,32020700
2025-01-31,AMZN,237.67999267578125,36110200
2025-02-03,AMZN,237.4199981689453,37285900
2025-02-04,AMZN,242.05999755859375,29713800
2025-02-05,AMZN,236.1699981689453,38727300
2025-02-06,AMZN,238.8300018310547,60897100
2025-02-07,AMZN,229.14999389648438,77539300
2025-02-10,AMZN,233.13999938964844,35419900
2025-02-11,AMZN,232.75999450683594,23713700
2025-02-12,AMZN,228.92999267578125,32285200
2025-02-13,AMZN,230.3699951171875,31346500
2025-02-14,AMZN,228.67999267578125,27031100
2025-02-18,AMZN,226.64999389648438,42975100
2025-02-19,AMZN,226.6300048828125,28566700
2025-02-20,AMZN,222.8800048828125,30001700
2025-02-21,AMZN,216.5800018310547,55323900
2025-02-24,AMZN,212.7100067138672,42387600
2025-02-25,AMZN,212.8000030517578,58958000
2025-02-26,AMZN,214.35000610351562,39120600
2025-02-27,AMZN,208.74000549316406,40548600
2025-02-28,AMZN,212.27999877929688,51771700
2025-03-03,AMZN,205.02000427246094,42948400
2025-03-04,AMZN,203.8000030517578,60853100
2025-03-05,AMZN,208.36000061035156,38610100
2025-03-06,AMZN,200.6999969482422,49863800
2025-03-07,AMZN,199.25,59802800
2025-03-10,AMZN,194.5399932861328,62350900
2025-03-11,AMZN,196.58999633789062,54002900
2025-03-12,AMZN,198.88999938964844,43679300
2025-03-13,AMZN,193.88999938964844,41270800
2025-03-14,AMZN,197.9499969482422,38096700
2025-03-17,AMZN,195.74000549316406,47341800
2025-03-18,AMZN,192.82000732421875,40414900
2025-03-19,AMZN,195.5399932861328,39442900
2025-03-20,AMZN,194.9499969482422,38921100
2025-03-21,AMZN,196.2100067138672,60056900
2025-03-24,AMZN,203.25999450683594,41625400
2025-03-25,AMZN,205.7100067138672,31171200
2025-03-26,AMZN,201.1300048828125,32855300
2025-03-27,AMZN,201.36000061035156,27317700
2025-03-28,AMZN,192.72000122070312,52548200
2025-03-31,AMZN,190.25999450683594,63547600
2025-04-01,AMZN,192.1699981689453,41267300
2025-04-02,AMZN,196.00999450683594,53679200
2025-04-03,AMZN,178.41000366210938,95553600
2025-04-04,AMZN,171.0,123159400
2025-04-07,AMZN,175.25999450683594,109327100
2025-04-08,AMZN,170.66000366210938,87710400
2025-04-09,AMZN,191.10000610351562,116804300
2025-04-10,AMZN,181.22000122070312,68302000
2025-04-11,AMZN,184.8699951171875,50594300
2025-04-14,AMZN,182.1199951171875,48002500
2025-04-15,AMZN,179.58999633789062,43642000
2025-04-16,AMZN,174.3300018310547,51875300
2025-04-17,AMZN,172.61000061035156,44726500
2025-04-21,AMZN,167.32000732421875,48126100
2025-04-22,AMZN,173.17999267578125,56607200
2025-04-23,AMZN,180.60000610351562,63470100
2025-04-24,AMZN,186.5399932861328,43763200
2025-04-25,AMZN,188.99000549316406,36414300
2025-04-28,AMZN,187.6999969482422,33224700
2025-04-29,AMZN,187.38999938964844,41667300
2025-04-30,AMZN,184.4199981689453,55176500
2025-05-01,AMZN,190.1999969482422,74266000
2025-05-02,AMZN,189.97999572753906,77903500
2025-05-05,AMZN,186.35000610351562,35217500
2025-05-06,AMZN,185.00999450683594,29314100
2025-05-07,AMZN,188.7100067138672,43948600
2025-05-08,AMZN,192.0800018310547,41043600
2025-05-09,AMZN,193.05999755859375,29663100
2025-05-12,AMZN,208.63999938964844,75205000
2025-05-13,AMZN,211.3699951171875,56193700
2025-05-14,AMZN,210.25,38492100
2025-05-15,AMZN,205.1699981689453,64347300
2025-05-16,AMZN,205.58999633789062,43318500
2025-05-19,AMZN,206.16000366210938,34314800
2025-05-20,AMZN,204.07000732421875,29470400
2025-05-21,AMZN,201.1199951171875,42460900
2025-05-22,AMZN,203.10000610351562,38938900
2025-05-23,AMZN,200.99000549316406,33393500
2025-05-27,AMZN,206.02000427246094,34892000
2025-05-28,AMZN,204.72000122070312,28549800
2025-05-29,AMZN,205.6999969482422,34650000
2025-05-30,AMZN,205.00999450683594,51679400
2025-06-02,AMZN,206.64999389648438,29113300
2025-06-03,AMZN,205.7100067138672,33139100
2025-06-04,AMZN,207.22999572753906,29915600
2025-06-05,AMZN,207.91000366210938,51864200
2025-06-06,AMZN,213.57000732421875,39832500
2025-06-09,AMZN,216.97999572753906,38102500
2025-06-10,AMZN,217.61000061035156,31303300
2025-06-11,AMZN,213.1999969482422,39326000
2025-06-12,AMZN,213.24000549316406,27640000
2025-06-13,AMZN,212.10000610351562,29337800
2025-06-16,AMZN,216.10000610351562,33284200
2025-06-17,AMZN,214.82000732421875,32086300
2025-06-18,AMZN,212.52000427246094,44360500
2025-06-20,AMZN,209.69000244140625,75350700
2025-06-23,AMZN,208.47000122070312,37311700
2025-06-24,AMZN,212.77000427246094,38378800
2025-06-25,AMZN,211.99000549316406,31755700
2025-06-26,AMZN,217.1199951171875,50480800
2025-06-27,AMZN,223.3000030517578,119217100
2025-06-30,AMZN,219.38999938964844,58887800
2025-07-01,AMZN,220.4600067138672,39256800
2025-07-02,AMZN,219.9199981689453,30894200
2025-07-03,AMZN,223.41000366210938,29632400
2025-07-07,AMZN,223.47000122070312,36604100
2025-07-08,AMZN,219.36000061035156,45692000
2025-07-09,AMZN,222.5399932861328,38155100
2025-07-10,AMZN,222.25999450683594,30370600
2025-07-11,AMZN,225.02000427246094,50518300
2025-07-14,AMZN,225.69000244140625,35702600
2025-07-15,AMZN,226.35000610351562,34907300
2025-07-16,AMZN,223.19000244140625,39535900
2025-07-17,AMZN,223.8800048828125,31855800
2025-07-18,AMZN,226.1300048828125,37833800
2025-07-21,AMZN,229.3000030517578,40297600
2025-07-22,AMZN,227.47000122070312,37483700
2025-07-23,AMZN,228.2899932861328,28294900
2025-07-24,AMZN,232.22999572753906,42902300
2025-07-25,AMZN,231.44000244140625,28712100
2025-07-28,AMZN,232.7899932861328,26300100
2025-07-29,AMZN,231.00999450683594,33716200
2025-07-30,AMZN,230.19000244140625,32993300
2025-07-31,AMZN,234.11000061035156,104357300
2025-08-01,AMZN,214.75,122258800
2025-08-04,AMZN,211.64999389648438,77890100
2025-08-05,AMZN,213.75,51505100
2025-08-06,AMZN,222.30999755859375,54823000
2025-08-07,AMZN,223.1300048828125,40603500
2025-08-08,AMZN,222.69000244140625,32970500
2025-08-11,AMZN,221.3000030517578,31646200
2025-08-12,AMZN,221.47000122070312,37185800
2025-08-13,AMZN,224.55999755859375,36508300
2025-08-14,AMZN,230.97999572753906,61545800
2025-08-15,AMZN,231.02999877929688,39649200
2025-08-18,AMZN,231.49000549316406,25248900
2025-08-19,AMZN,228.00999450683594,29891000
2025-08-20,AMZN,223.80999755859375,36604300
2025-08-21,AMZN,221.9499969482422,32140500
2025-08-22,AMZN,228.83999633789062,37315300
2025-08-25,AMZN,227.94000244140625,22633700
2025-08-26,AMZN,228.7100067138672,26105400
2025-08-27,AMZN,229.1199951171875,21254500
2025-08-28,AMZN,231.60000610351562,33679600
2025-08-29,AMZN,229.0,26199200
2025-09-02,AMZN,225.33999633789062,38843900
2025-09-03,AMZN,225.99000549316406,29223100
2025-09-04,AMZN,235.67999267578125,59391800
2025-09-05,AMZN,232.3300018310547,36721800
2025-09-08,AMZN,235.83999633789062,33947100
2025-09-09,AMZN,238.24000549316406,27033800
2025-09-10,AMZN,230.3300018310547,60907700
2025-09-11,AMZN,229.9499969482422,37485600
2025-09-12,AMZN,228.14999389648438,38496200
2025-09-15,AMZN,231.42999267578125,33243300
2025-09-16,AMZN,234.0500030517578,38203900
2025-09-17,AMZN,231.6199951171875,42815200
2025-09-18,AMZN,231.22999572753906,37931700
2025-09-19,AMZN,231.47999572753906,97943200
2025-09-22,AMZN,227.6300048828125,45914500
2025-09-23,AMZN,220.7100067138672,70956200
2025-09-24,AMZN,220.2100067138672,49509000
2025-09-25,AMZN,218.14999389648438,52226300
2025-09-26,AMZN,219.77999877929688,41650100
2025-09-29,AMZN,222.1699981689453,44259200
2025-09-30,AMZN,219.57000732421875,48396400
2025-10-01,AMZN,220.6300048828125,43933800
2025-10-02,AMZN,222.41000366210938,41258600
2025-10-03,AMZN,219.50999450683594,43639000
2025-10-06,AMZN,220.89999389648438,43690900
2025-10-07,AMZN,221.77999877929688,31194700
2025-10-08,AMZN,225.22000122070312,46686000
2025-10-09,AMZN,227.74000549316406,46412100
2025-10-10,AMZN,216.3699951171875,72367500
2025-10-13,AMZN,220.07000732421875,37809700
2025-10-14,AMZN,216.38999938964844,45665600
2025-10-15,AMZN,215.57000732421875,45909500
2025-10-16,AMZN,214.47000122070312,42414600
2025-10-17,AMZN,213.0399932861328,45986900
2025-10-20,AMZN,216.47999572753906,38882800
2025-10-21,AMZN,222.02999877929688,50494600
2025-10-22,AMZN,217.9499969482422,44308500
2025-10-23,AMZN,221.08999633789062,31540000
2025-10-24,AMZN,224.2100067138672,38685100
2025-10-27,AMZN,226.97000122070312,38267000
2025-10-28,AMZN,229.25,47100000
2025-10-29,AMZN,230.3000030517578,52036200
2025-10-30,AMZN,222.86000061035156,102252900
2025-10-31,AMZN,244.22000122070312,166340800
2025-11-03,AMZN,254.0,95997800
2025-11-04,AMZN,249.32000732421875,51546300
2025-11-05,AMZN,250.1999969482422,40610700
2025-11-06,AMZN,243.0399932861328,46004200
2025-11-07,AMZN,244.41000366210938,46374300
2025-11-10,AMZN,248.39999389648438,36476500
2025-11-11,AMZN,249.10000610351562,23564100
2025-11-12,AMZN,244.1999969482422,31190100
2025-11-13,AMZN,237.5800018310547,41401700
2025-11-14,AMZN,234.69000244140625,38956700
2025-11-17,AMZN,232.8699951171875,59919000
2025-11-18,AMZN,222.5500030517578,60608400
2025-11-19,AMZN,222.69000244140625,58335600
2025-11-20,AMZN,217.13999938964844,50309000
2025-11-21,AMZN,220.69000244140625,68490500
2025-11-24,AMZN,226.27999877929688,54318400
2025-11-25,AMZN,229.6699981689453,39379300
2025-11-26,AMZN,229.16000366210938,38497900
2025-11-28,AMZN,233.22000122070312,20292300
2025-12-01,AMZN,233.8800048828125,42904000
2025-12-02,AMZN,234.4199981689453,45785400
2025-12-03,AMZN,232.3800048828125,35495100
2025-12-04,AMZN,229.11000061035156,45683200
2025-12-05,AMZN,229.52999877929688,33117400
2025-12-08,AMZN,226.88999938964844,35019200
2025-12-09,AMZN,227.9199981689453,25841700
2025-12-10,AMZN,231.77999877929688,38790700
2025-12-11,AMZN,230.27999877929688,28249600
2025-12-12,AMZN,226.19000244140625,35639100
2025-12-15,AMZN,222.5399932861328,47286100
2025-12-16,AMZN,222.55999755859375,39298900
2025-12-17,AMZN,221.27000427246094,44034400
2025-12-18,AMZN,226.75999450683594,50272400
2025-12-19,AMZN,227.35000610351562,85544400
2025-12-22,AMZN,228.42999267578125,32261300
2025-12-23,AMZN,232.13999938964844,29230200
2025-12-24,AMZN,232.3800048828125,11420500
2025-12-26,AMZN,232.52000427246094,15994700
2025-12-29,AMZN,232.07000732421875,19797900
2025-12-30,AMZN,232.52999877929688,21910500
2025-12-31,AMZN,230.82000732421875,24383700
2026-01-02,AMZN,226.5,51456200
2026-01-05,AMZN,233.05999755859375,49733300
2026-01-06,AMZN,240.92999267578125,53764700
2026-01-07,AMZN,241.55999755859375,42236500
2026-01-08,AMZN,246.2899932861328,39509800
2026-01-09,AMZN,247.3800048828125,34560000
2026-01-12,AMZN,246.47000122070312,35867800
2026-01-13,AMZN,242.60000610351562,38371800
2026-01-14,AMZN,236.64999389648438,41410600
2026-01-15,AMZN,238.17999267578125,43003600
2026-01-16,AMZN,239.1199951171875,45888300
2026-01-20,AMZN,231.0,47737900
2026-01-21,AMZN,231.30999755859375,47276100
2026-01-22,AMZN,234.33999633789062,31913300
2026-01-23,AMZN,239.16000366210938,33778500
2026-01-26,AMZN,238.4199981689453,32825500
2026-01-27,AMZN,244.67999267578125,38029200
2026-01-28,AMZN,243.00999450683594,40882700
2026-01-29,AMZN,241.72999572753906,47229600
2026-01-30,AMZN,239.3000030517578,46585000
2026-02-02,AMZN,242.9600067138672,37546100
2026-02-03,AMZN,238.6199951171875,53831300
2026-02-04,AMZN,232.99000549316406,51299900
2026-02-05,AMZN,222.69000244140625,103509200
2026-02-06,AMZN,210.32000732421875,179210900
2026-02-09,AMZN,208.72000122070312,91178400
2026-02-10,AMZN,206.9600067138672,67175000
2026-02-11,AMZN,204.0800018310547,65545500
2026-02-12,AMZN,199.60000610351562,83975400
2026-02-13,AMZN,198.7899932861328,66321600
2026-02-17,AMZN,201.14999389648438,69879200
2026-02-18,AMZN,204.7899932861328,51003300
2026-02-19,AMZN,204.86000061035156,35669600
2026-02-20,AMZN,210.11000061035156,65881600
2026-02-23,AMZN,205.27000427246094,53581500
2026-02-24,AMZN,208.55999755859375,41137200
2026-02-25,AMZN,210.63999938964844,41346400
2026-02-26,AMZN,207.9199981689453,47756800
2026-02-27,AMZN,210.0,57422800
2026-03-02,AMZN,208.38999938964844,46001000
2026-03-03,AMZN,208.72999572753906,43184900
2026-03-04,AMZN,216.82000732421875,54731100
2026-03-05,AMZN,218.94000244140625,60943400
2026-03-06,AMZN,213.2100067138672,51152700
2026-03-09,AMZN,213.49000549316406,54642900
2026-03-10,AMZN,214.3300018310547,35678800
2026-03-11,AMZN,212.64999389648438,34199300
2026-03-12,AMZN,209.52999877929688,44349500
2026-03-13,AMZN,207.6699981689453,35662100
2026-03-16,AMZN,211.74000549316406,42209300
2026-03-17,AMZN,215.1999969482422,44969900
2026-03-18,AMZN,209.8699951171875,37846600
2026-03-19,AMZN,208.75999450683594,36440600
2026-03-20,AMZN,205.3699951171875,63694600
2026-03-23,AMZN,210.13999938964844,44277400
2026-03-24,AMZN,207.24000549316406,35351400
2026-03-25,AMZN,211.7100067138672,36388800
2026-03-26,AMZN,207.5399932861328,46746000
2026-03-27,AMZN,199.33999633789062,56009800
2026-03-30,AMZN,200.9499969482422,46373800
2026-03-31,AMZN,208.27000427246094,58470100
2026-04-01,AMZN,210.57000732421875,45955400
2026-04-02,AMZN,209.77000427246094,31453000
2026-04-06,AMZN,212.7899932861328,25385500
2026-04-07,AMZN,213.77000427246094,28154600
2026-04-08,AMZN,221.25,51092700
2026-04-09,AMZN,233.64999389648438,65964200
2026-04-10,AMZN,238.3800048828125,56912800
2026-04-13,AMZN,239.88999938964844,42166200
2026-04-14,AMZN,249.02000427246094,72685000
2026-04-15,AMZN,248.5,43045200
2026-04-16,AMZN,249.6999969482422,41895700
2026-04-17,AMZN,250.55999755859375,52029300
2026-04-20,AMZN,248.27999877929688,39463100
2026-04-21,AMZN,249.91000366210938,42922400
2026-04-22,AMZN,255.36000061035156,36065100
2026-04-23,AMZN,255.0800018310547,39091400
2026-04-24,AMZN,263.989990234375,53777400
2026-04-27,AMZN,261.1199951171875,44906800
2026-04-28,AMZN,259.70001220703125,42204400
2026-04-29,AMZN,263.0400085449219,72367900
2026-04-30,AMZN,265.05999755859375,100974900
2026-05-01,AMZN,268.260009765625,50825200
2026-05-04,AMZN,272.04998779296875,49083700
2026-05-05,AMZN,273.54998779296875,41908500
2026-05-06,AMZN,274.989990234375,44552000
2026-05-07,AMZN,271.1700134277344,35892900
2026-05-08,AMZN,272.67999267578125,34732700
2026-05-11,AMZN,268.989990234375,38176700
2026-05-12,AMZN,265.82000732421875,36776200
2026-05-13,AMZN,270.1300048828125,39670900
2026-05-14,AMZN,267.2200012207031,31338400
2026-05-15,AMZN,264.1400146484375,40770300
2026-05-18,AMZN,264.8599853515625,33690800
2026-05-19,AMZN,259.3399963378906,40340700
2026-05-20,AMZN,265.010009765625,34933200
2026-05-21,AMZN,268.4599914550781,36591700
2026-05-22,AMZN,266.32000732421875,27535500
2026-05-26,AMZN,265.2900085449219,38028100
2026-05-27,AMZN,271.8500061035156,40061900
2026-05-28,AMZN,274.0,40630400
2026-05-29,AMZN,270.6400146484375,54749600
2026-06-01,AMZN,261.260009765625,53604400
2026-06-02,AMZN,256.5199890136719,41811000
2026-06-03,AMZN,250.02000427246094,51394200
2026-06-04,AMZN,253.7899932861328,35609800
2026-06-05,AMZN,246.02999877929688,55607800
2026-06-08,AMZN,245.22000122070312,33899500
2026-06-09,AMZN,244.19000244140625,44425400
2026-06-10,AMZN,238.0,38590200
2026-06-11,AMZN,241.50999450683594,41335400
2026-06-12,AMZN,238.5500030517578,51186600
2026-06-15,AMZN,246.02000427246094,41711600
2026-06-16,AMZN,246.0,35187400
2026-06-17,AMZN,237.5,44780800
2026-06-18,AMZN,244.38999938964844,75624400
2026-06-22,AMZN,232.7899932861328,68388500
2026-06-23,AMZN,234.11000061035156,60492600
2026-06-24,AMZN,234.27000427246094,70282600
2026-06-25,AMZN,227.00999450683594,77674100
2026-06-26,AMZN,232.69000244140625,248372100
2026-06-29,AMZN,240.13999938964844,77619200
2026-06-30,AMZN,238.33999633789062,66228300
2026-07-01,AMZN,241.6999969482422,53829900
2026-07-02,AMZN,242.6699981689453,48246400
2026-07-06,AMZN,244.16000366210938,40044000
2026-07-07,AMZN,245.97999572753906,40579600
2026-07-08,AMZN,243.6199951171875,29653000
2026-07-09,AMZN,247.0399932861328,38091700
2026-07-10,AMZN,245.33999633789062,31654000
2026-07-13,AMZN,247.30999755859375,34636100
2026-07-14,AMZN,247.49000549316406,30108100
2026-07-15,AMZN,254.9600067138672,45240600
2026-07-16,AMZN,249.88999938964844,45343700
2026-07-17,AMZN,247.22999572753906,43572400
2026-07-20,AMZN,249.99000549316406,32406500
2026-07-21,AMZN,247.5500030517578,27732100
2026-07-22,AMZN,244.85000610351562,34112700
2026-07-23,AMZN,233.66000366210938,47465300
2026-07-24,AMZN,232.11000061035156,35017400
2026-07-27,AMZN,231.38999938964844,34999500
2026-07-28,AMZN,230.86000061035156,44521600
2026-07-29,AMZN,226.64999389648438,44957500
2026-07-30,AMZN,235.5,101839800
2026-07-31,AMZN,271.5799865722656,129054800
2026-08-03,AMZN,284.0199890136719,90830200
2026-08-04,AMZN,277.4200134277344,69748100
2026-08-05,AMZN,272.6499938964844,45119800
2026-08-06,AMZN,272.260009765625,30672900
2026-08-07,AMZN,274.4800109863281,33861400
2026-08-10,AMZN,278.0899963378906,35731900
2026-08-11,AMZN,272.2699890136719,31895700
2026-08-12,AMZN,267.2799987792969,29941100
2026-08-13,AMZN,265.1300048828125,32170200
2026-08-14,AMZN,262.6499938964844,27251700
2026-08-17,AMZN,261.30999755859375,43896500
2026-08-18,AMZN,259.45001220703125,33171300
2026-08-19,AMZN,265.8399963378906,35762400
2026-08-20,AMZN,260.1099853515625,28374100
2026-08-21,AMZN,258.6300048828125,35723000
2026-08-24,AMZN,262.07000732421875,28070500
2026-08-25,AMZN,261.05999755859375,25550200
2026-08-26,AMZN,260.2799987792969,21528400
2026-08-27,AMZN,256.260009765625,35927800
2026-08-28,AMZN,266.42999267578125,49547400
2026-08-31,AMZN,259.7699890136719,46089400
2026-09-01,AMZN,254.9199981689453,31700100
2026-09-02,AMZN,254.97999572753906,24013300
2026-09-03,AMZN,258.8999938964844,26891500
2026-09-04,AMZN,258.510009765625,30749900
2026-09-08,AMZN,256.9700012207031,29398000
2026-09-09,AMZN,252.39999389648438,33055500
2026-09-10,AMZN,251.88999938964844,25484800
2026-09-11,AMZN,256.7799987792969,26724100
2026-09-14,AMZN,253.5399932861328,34352800
2026-09-15,AMZN,248.4199981689453,36275400
2018-01-02,GOOGL,53.15469741821289,31766000
2018-01-03,GOOGL,54.06157302856445,31318000
2018-01-04,GOOGL,54.27156448364258,26052000
2018-01-05,GOOGL,54.991214752197266,30250000
2018-01-08,GOOGL,55.18537139892578,24644000
2018-01-09,GOOGL,55.11504364013672,26808000
2018-01-10,GOOGL,54.98379898071289,20734000
2018-01-11,GOOGL,55.078392028808594,22424000
2018-01-12,GOOGL,55.9996337890625,38586000
2018-01-16,GOOGL,56.002098083496094,36462000
2018-01-17,GOOGL,56.41814041137695,27830000
2018-01-18,GOOGL,56.26312255859375,27498000
2018-01-19,GOOGL,56.63606643676758,30552000
2018-01-22,GOOGL,57.659339904785156,29550000
2018-01-23,GOOGL,58.254173278808594,39138000
2018-01-24,GOOGL,58.01246643066406,37128000
2018-01-25,GOOGL,58.54985427856445,29984000
2018-01-26,GOOGL,58.818302154541016,42170000
2018-01-29,GOOGL,58.764808654785156,31494000
2018-01-30,GOOGL,58.31360626220703,37338000
2018-01-31,GOOGL,58.55381393432617,36022000
2018-02-01,GOOGL,58.52261734008789,73514000
2018-02-02,GOOGL,55.432525634765625,117842000
2018-02-05,GOOGL,52.61879348754883,83550000
2018-02-06,GOOGL,53.71040725708008,76630000
2018-02-07,GOOGL,52.27308654785156,51942000
2018-02-08,GOOGL,49.91057586669922,66792000
2018-02-09,GOOGL,51.82039260864258,98360000
2018-02-12,GOOGL,52.230987548828125,56240000
2018-02-13,GOOGL,52.21018600463867,31586000
2018-02-14,GOOGL,53.12943649291992,41304000
2018-02-15,GOOGL,54.05364227294922,37396000
2018-02-16,GOOGL,54.25869369506836,39948000
2018-02-20,GOOGL,54.65938186645508,33754000
2018-02-21,GOOGL,55.16259002685547,41486000
2018-02-22,GOOGL,54.971900939941406,28010000
2018-02-23,GOOGL,55.872833251953125,25292000
2018-02-26,GOOGL,56.64597702026367,30912000
2018-02-27,GOOGL,55.34881591796875,42964000
2018-02-28,GOOGL,54.675724029541016,49292000
2018-03-01,GOOGL,53.06554412841797,55338000
2018-03-02,GOOGL,53.696048736572266,50162000
2018-03-05,GOOGL,54.222042083740234,28648000
2018-03-06,GOOGL,54.52613830566406,23382000
2018-03-07,GOOGL,55.22648239135742,30748000
2018-03-08,GOOGL,55.936729431152344,33862000
2018-03-09,GOOGL,57.49489212036133,42662000
2018-03-12,GOOGL,57.74699401855469,44306000
2018-03-13,GOOGL,56.45825958251953,43140000
2018-03-14,GOOGL,56.90303039550781,41870000
2018-03-15,GOOGL,56.988216400146484,33382000
2018-03-16,GOOGL,56.18635177612305,58656000
2018-03-19,GOOGL,54.48503875732422,63656000
2018-03-20,GOOGL,54.2735481262207,54598000
2018-03-21,GOOGL,54.18439865112305,44898000
2018-03-22,GOOGL,52.16115188598633,69312000
2018-03-23,GOOGL,50.84368896484375,49880000
2018-03-26,GOOGL,52.207706451416016,65984000
2018-03-27,GOOGL,49.87242889404297,60816000
2018-03-28,GOOGL,49.78525924682617,77698000
2018-03-29,GOOGL,51.36819076538086,69338000
2018-04-02,GOOGL,50.15424346923828,65068000
2018-04-03,GOOGL,50.453895568847656,51322000
2018-04-04,GOOGL,51.00019454956055,50724000
2018-04-05,GOOGL,51.14531707763672,35836000
2018-04-06,GOOGL,50.02151107788086,40134000
2018-04-09,GOOGL,50.52373123168945,33220000
2018-04-10,GOOGL,51.33650207519531,36620000
2018-04-11,GOOGL,50.76988220214844,34060000
2018-04-12,GOOGL,51.37562942504883,32896000
2018-04-13,GOOGL,51.3137092590332,25410000
2018-04-16,GOOGL,51.81196975708008,29776000
2018-04-17,GOOGL,53.45929718017578,54584000
2018-04-18,GOOGL,53.262672424316406,31126000
2018-04-19,GOOGL,53.959041595458984,39884000
2018-04-20,GOOGL,53.35826110839844,42434000
2018-04-23,GOOGL,53.18440628051758,69590000
2018-04-24,GOOGL,50.650028228759766,128220000
2018-04-25,GOOGL,50.6673583984375,57860000
2018-04-26,GOOGL,51.67378616333008,50926000
2018-04-27,GOOGL,51.08637619018555,40746000
2018-04-30,GOOGL,50.448944091796875,34492000
2018-05-01,GOOGL,51.546993255615234,35326000
2018-05-02,GOOGL,50.81892776489258,34698000
2018-05-03,GOOGL,50.83130645751953,39282000
2018-05-04,GOOGL,52.05466079711914,36892000
2018-05-07,GOOGL,52.47367477416992,34400000
2018-05-08,GOOGL,52.43058776855469,26030000
2018-05-09,GOOGL,53.93427658081055,47160000
2018-05-10,GOOGL,54.75249099731445,36414000
2018-05-11,GOOGL,54.64896774291992,30504000
2018-05-14,GOOGL,54.80846405029297,39338000
2018-05-15,GOOGL,53.73219680786133,35738000
2018-05-16,GOOGL,53.69356918334961,25628000
2018-05-17,GOOGL,53.553401947021484,25738000
2018-05-18,GOOGL,52.977882385253906,35482000
2018-05-21,GOOGL,53.689605712890625,25180000
2018-05-22,GOOGL,53.258705139160156,22226000
2018-05-23,GOOGL,53.78618621826172,23740000
2018-05-24,GOOGL,53.76092529296875,20604000
2018-05-25,GOOGL,53.69306945800781,22224000
2018-05-29,GOOGL,52.90011978149414,36076000
2018-05-30,GOOGL,53.365684509277344,28686000
2018-05-31,GOOGL,54.481571197509766,79368000
2018-06-01,GOOGL,56.2150764465332,63202000
2018-06-04,GOOGL,57.10857391357422,44754000
2018-06-05,GOOGL,57.00851821899414,32964000
2018-06-06,GOOGL,56.80693817138672,34934000
2018-06-07,GOOGL,56.18635177612305,36108000
2018-06-08,GOOGL,56.101661682128906,27284000
2018-06-11,GOOGL,56.50728988647461,24796000
2018-06-12,GOOGL,56.86835861206055,26092000
2018-06-13,GOOGL,56.67222595214844,34302000
2018-06-14,GOOGL,57.458744049072266,35422000
2018-06-15,GOOGL,57.41713333129883,44438000
2018-06-18,GOOGL,58.621185302734375,33038000
2018-06-19,GOOGL,58.378990173339844,47282000
2018-06-20,GOOGL,58.645442962646484,51686000
2018-06-21,GOOGL,57.92084503173828,44966000
2018-06-22,GOOGL,57.913414001464844,34220000
2018-06-25,GOOGL,56.42705535888672,57682000
2018-06-26,GOOGL,56.09720230102539,34688000
2018-06-27,GOOGL,55.320587158203125,34538000
2018-06-28,GOOGL,55.80795669555664,29726000
2018-06-29,GOOGL,55.927310943603516,31562000
2018-07-02,GOOGL,56.567222595214844,23216000
2018-07-03,GOOGL,55.28789520263672,16448000
2018-07-05,GOOGL,56.526611328125,28594000
2018-07-06,GOOGL,57.20962142944336,21820000
2018-07-09,GOOGL,57.813865661621094,21584000
2018-07-10,GOOGL,57.806922912597656,21334000
2018-07-11,GOOGL,58.020896911621094,33252000
2018-07-12,GOOGL,59.496849060058594,44148000
2018-07-13,GOOGL,59.65336227416992,32612000
2018-07-16,GOOGL,59.26158905029297,26784000
2018-07-17,GOOGL,60.082275390625,40162000
2018-07-18,GOOGL,60.07386016845703,38948000
2018-07-19,GOOGL,59.389869689941406,38338000
2018-07-20,GOOGL,59.329437255859375,37938000
2018-07-23,GOOGL,59.9792594909668,65446000
2018-07-24,GOOGL,62.31454086303711,107600000
2018-07-25,GOOGL,63.195648193359375,51104000
2018-07-26,GOOGL,63.66914749145508,54686000
2018-07-27,GOOGL,62.05401611328125,48362000
2018-07-30,GOOGL,60.92227554321289,43896000
2018-07-31,GOOGL,60.78260803222656,39382000
2018-08-01,GOOGL,61.068397521972656,36994000
2018-08-02,GOOGL,61.471553802490234,34704000
2018-08-03,GOOGL,61.324459075927734,21264000
2018-08-06,GOOGL,61.3001823425293,22114000
2018-08-07,GOOGL,62.20011520385742,42506000
2018-08-08,GOOGL,62.4720344543457,34344000
2018-08-09,GOOGL,62.62705993652344,27326000
2018-08-10,GOOGL,62.035186767578125,26602000
2018-08-13,GOOGL,61.84351348876953,27500000
2018-08-14,GOOGL,62.31404495239258,28080000
2018-08-15,GOOGL,61.03025436401367,37052000
2018-08-16,GOOGL,60.626094818115234,32176000
2018-08-17,GOOGL,60.21946716308594,33092000
2018-08-20,GOOGL,60.521583557128906,22218000
2018-08-21,GOOGL,60.29673385620117,23082000
2018-08-22,GOOGL,60.511688232421875,22296000
2018-08-23,GOOGL,60.48246765136719,24666000
2018-08-24,GOOGL,61.25461959838867,24454000
2018-08-27,GOOGL,62.22142028808594,28580000
2018-08-28,GOOGL,61.70582962036133,27330000
2018-08-29,GOOGL,62.6364631652832,36926000
2018-08-30,GOOGL,62.13077926635742,30104000
2018-08-31,GOOGL,61.009456634521484,42308000
2018-09-04,GOOGL,59.99460983276367,41458000
2018-09-05,GOOGL,59.389869689941406,53988000
2018-09-06,GOOGL,58.64148712158203,46854000
2018-09-07,GOOGL,58.32449722290039,32658000
2018-09-10,GOOGL,58.199188232421875,27670000
2018-09-11,GOOGL,58.93865966796875,29254000
2018-09-12,GOOGL,58.02782440185547,35716000
2018-09-13,GOOGL,58.54985427856445,40068000
2018-09-14,GOOGL,58.343814849853516,24176000
2018-09-17,GOOGL,57.44487380981445,34096000
2018-09-18,GOOGL,57.805442810058594,32314000
2018-09-19,GOOGL,58.160064697265625,25962000
2018-09-20,GOOGL,59.01690673828125,29244000
2018-09-21,GOOGL,58.0535774230957,91222000
2018-09-24,GOOGL,58.42207336425781,31150000
2018-09-25,GOOGL,59.13182067871094,33152000
2018-09-26,GOOGL,59.14023971557617,37650000
2018-09-27,GOOGL,59.798973083496094,36274000
2018-09-28,GOOGL,59.785099029541016,35612000
2018-10-01,GOOGL,59.85691452026367,33164000
2018-10-02,GOOGL,59.812835693359375,40180000
2018-10-03,GOOGL,60.00550842285156,26246000
2018-10-04,GOOGL,58.29874801635742,46576000
2018-10-05,GOOGL,57.841102600097656,31852000
2018-10-08,GOOGL,57.25121307373047,46190000
2018-10-09,GOOGL,56.718780517578125,33690000
2018-10-10,GOOGL,54.09326171875,58980000
2018-10-11,GOOGL,54.02293014526367,67696000
2018-10-12,GOOGL,55.49888610839844,49370000
2018-10-15,GOOGL,54.6024169921875,30074000
2018-10-16,GOOGL,56.11997985839844,38378000
2018-10-17,GOOGL,55.84806823730469,35652000
2018-10-18,GOOGL,54.378055572509766,46152000
2018-10-19,GOOGL,54.738128662109375,41286000
2018-10-22,GOOGL,55.044708251953125,27116000
2018-10-23,GOOGL,55.220035552978516,37686000
2018-10-24,GOOGL,52.35778045654297,49286000
2018-10-25,GOOGL,54.65938186645508,72956000
2018-10-26,GOOGL,53.67672348022461,106438000
2018-10-29,GOOGL,51.24882888793945,81290000
2018-10-30,GOOGL,51.98086166381836,59768000
2018-10-31,GOOGL,54.0150146484375,70916000
2018-11-01,GOOGL,53.78717803955078,40132000
2018-11-02,GOOGL,53.06950759887695,43438000
2018-11-05,GOOGL,52.28893280029297,45358000
2018-11-06,GOOGL,52.97441101074219,28660000
2018-11-07,GOOGL,54.88969039916992,43388000
2018-11-08,GOOGL,54.21560287475586,33694000
2018-11-09,GOOGL,53.343406677246094,34860000
2018-11-12,GOOGL,51.97343444824219,34002000
2018-11-13,GOOGL,51.90459060668945,25750000
2018-11-14,GOOGL,52.23197555541992,34666000
2018-11-15,GOOGL,53.0477180480957,41584000
2018-11-16,GOOGL,52.9100227355957,35366000
2018-11-19,GOOGL,50.88676834106445,45684000
2018-11-20,GOOGL,51.03684997558594,54458000
2018-11-21,GOOGL,51.67972946166992,29698000
2018-11-23,GOOGL,51.01951599121094,14178000
2018-11-26,GOOGL,52.29933547973633,31558000
2018-11-27,GOOGL,52.11805725097656,33048000
2018-11-28,GOOGL,54.07494354248047,46042000
2018-11-29,GOOGL,54.2131233215332,31004000
2018-11-30,GOOGL,54.95951461791992,59668000
2018-12-03,GOOGL,55.29186248779297,57532000
2018-12-04,GOOGL,52.62275695800781,45630000
2018-12-06,GOOGL,53.39590072631836,47436000
2018-12-07,GOOGL,51.835750579833984,42682000
2018-12-10,GOOGL,52.16263961791992,33652000
2018-12-11,GOOGL,52.58214569091797,33852000
2018-12-12,GOOGL,53.18045425415039,28960000
2018-12-13,GOOGL,53.17103958129883,24986000
2018-12-14,GOOGL,52.08982467651367,36358000
2018-12-17,GOOGL,50.799110412597656,49932000
2018-12-18,GOOGL,51.67873764038086,43640000
2018-12-19,GOOGL,51.28498077392578,58264000
2018-12-20,GOOGL,50.69658660888672,53674000
2018-12-21,GOOGL,49.09532165527344,104656000
2018-12-24,GOOGL,48.7694206237793,36360000
2018-12-26,GOOGL,51.898651123046875,46318000
2018-12-27,GOOGL,52.14876174926758,45996000
2018-12-28,GOOGL,51.840694427490234,34398000
2018-12-31,GOOGL,51.75551223754883,33110000
2019-01-02,GOOGL,52.2369270324707,31868000
2019-01-03,GOOGL,50.79019546508789,41960000
2019-01-04,GOOGL,53.39540100097656,46022000
2019-01-07,GOOGL,53.288917541503906,47446000
2019-01-08,GOOGL,53.75696563720703,35414000
2019-01-09,GOOGL,53.57271957397461,26998000
2019-01-10,GOOGL,53.433048248291016,26598000
2019-01-11,GOOGL,52.7218132019043,30864000
2019-01-14,GOOGL,52.07992172241211,28490000
2019-01-15,GOOGL,53.81343460083008,37518000
2019-01-16,GOOGL,53.96201705932617,38280000
2019-01-17,GOOGL,54.43798828125,24896000
2019-01-18,GOOGL,54.843135833740234,44892000
2019-01-22,GOOGL,53.42314147949219,39632000
2019-01-23,GOOGL,53.709415435791016,25194000
2019-01-24,GOOGL,53.689109802246094,29114000
2019-01-25,GOOGL,54.556358337402344,23260000
2019-01-28,GOOGL,53.48406219482422,29334000
2019-01-29,GOOGL,52.99867630004883,19704000
2019-01-30,GOOGL,54.38201904296875,29452000
2019-01-31,GOOGL,55.76387023925781,40232000
2019-02-01,GOOGL,55.40379333496094,33116000
2019-02-04,GOOGL,56.533050537109375,78408000
2019-02-05,GOOGL,57.050621032714844,82296000
2019-02-06,GOOGL,55.61528396606445,48256000
2019-02-07,GOOGL,54.77428436279297,38298000
2019-02-08,GOOGL,54.599449157714844,21766000
2019-02-11,GOOGL,54.58656692504883,18498000
2019-02-12,GOOGL,55.84757614135742,35036000
2019-02-13,GOOGL,55.899574279785156,28042000
2019-02-14,GOOGL,55.92781066894531,21106000
2019-02-15,GOOGL,55.45381546020508,27826000
2019-02-19,GOOGL,55.794578552246094,21980000
2019-02-20,GOOGL,55.501365661621094,24090000
2019-02-21,GOOGL,54.69009017944336,33272000
2019-02-22,GOOGL,55.3017692565918,29436000
2019-02-25,GOOGL,55.339908599853516,26208000
2019-02-26,GOOGL,55.57169723510742,35026000
2019-02-27,GOOGL,55.61528396606445,22092000
2019-02-28,GOOGL,55.79656219482422,27422000
2019-03-01,GOOGL,56.884700775146484,34086000
2019-03-04,GOOGL,57.127403259277344,35490000
2019-03-05,GOOGL,57.90846633911133,40094000
2019-03-06,GOOGL,57.69796371459961,23602000
2019-03-07,GOOGL,57.00010299682617,30086000
2019-03-08,GOOGL,56.95651626586914,23694000
2019-03-11,GOOGL,58.40721130371094,30032000
2019-03-12,GOOGL,59.298240661621094,42220000
2019-03-13,GOOGL,59.387882232666016,25888000
2019-03-14,GOOGL,59.06446075439453,27302000
2019-03-15,GOOGL,58.95400619506836,51886000
2019-03-18,GOOGL,58.867340087890625,24442000
2019-03-19,GOOGL,59.55628204345703,29788000
2019-03-20,GOOGL,60.74348068237305,41508000
2019-03-21,GOOGL,61.223907470703125,28150000
2019-03-22,GOOGL,59.81333541870117,34422000
2019-03-25,GOOGL,59.30467987060547,27576000
2019-03-26,GOOGL,58.93122863769531,30752000
2019-03-27,GOOGL,58.345306396484375,29428000
2019-03-28,GOOGL,58.06100845336914,22402000
2019-03-29,GOOGL,58.289833068847656,30890000
2019-04-01,GOOGL,59.38392639160156,27706000
2019-04-02,GOOGL,59.708831787109375,18288000
2019-04-03,GOOGL,59.96984100341797,22180000
2019-04-04,GOOGL,60.39778137207031,21022000
2019-04-05,GOOGL,60.00154113769531,20012000
2019-04-08,GOOGL,59.84453201293945,21750000
2019-04-09,GOOGL,59.56767272949219,19668000
2019-04-10,GOOGL,59.7538948059082,15510000
2019-04-11,GOOGL,59.909420013427734,16998000
2019-04-12,GOOGL,60.56022644042969,24312000
2019-04-15,GOOGL,60.74843215942383,23796000
2019-04-16,GOOGL,61.0149040222168,22622000
2019-04-17,GOOGL,61.422523498535156,30366000
2019-04-18,GOOGL,61.488399505615234,24750000
2019-04-22,GOOGL,62.09710693359375,19084000
2019-04-23,GOOGL,62.93067932128906,31868000
2019-04-24,GOOGL,62.408634185791016,23396000
2019-04-25,GOOGL,62.76969909667969,31344000
2019-04-26,GOOGL,63.268951416015625,27228000
2019-04-29,GOOGL,64.1990966796875,72368000
2019-04-30,GOOGL,59.38292694091797,133178000
2019-05-01,GOOGL,58.11301803588867,74340000
2019-05-02,GOOGL,57.775726318359375,45098000
2019-05-03,GOOGL,58.91686248779297,41588000
2019-05-06,GOOGL,59.11052703857422,31774000
2019-05-07,GOOGL,58.38740539550781,36604000
2019-05-08,GOOGL,57.98720932006836,25520000
2019-05-09,GOOGL,57.84803771972656,29556000
2019-05-10,GOOGL,57.831695556640625,31650000
2019-05-13,GOOGL,56.293819427490234,45626000
2019-05-14,GOOGL,55.712852478027344,40392000
2019-05-15,GOOGL,57.98820495605469,59302000
2019-05-16,GOOGL,58.666744232177734,35308000
2019-05-17,GOOGL,57.88814926147461,25362000
2019-05-20,GOOGL,56.69352340698242,30602000
2019-05-21,GOOGL,57.17790985107422,20562000
2019-05-22,GOOGL,57.247745513916016,18826000
2019-05-23,GOOGL,56.727195739746094,25214000
2019-05-24,GOOGL,56.39387893676758,18554000
2019-05-28,GOOGL,56.4409294128418,20948000
2019-05-29,GOOGL,55.469173431396484,36230000
2019-05-30,GOOGL,55.5419807434082,18088000
2019-05-31,GOOGL,54.803504943847656,31582000
2019-06-03,GOOGL,51.44744110107422,96890000
2019-06-04,GOOGL,52.227516174316406,60512000
2019-06-05,GOOGL,51.739662170410156,46988000
2019-06-06,GOOGL,51.894187927246094,29020000
2019-06-07,GOOGL,52.91497802734375,43828000
2019-06-10,GOOGL,53.62770080566406,28510000
2019-06-11,GOOGL,53.542503356933594,33508000
2019-06-12,GOOGL,53.4464225769043,23670000
2019-06-13,GOOGL,54.036312103271484,20814000
2019-06-14,GOOGL,53.80302810668945,24582000
2019-06-17,GOOGL,54.1789436340332,19770000
2019-06-18,GOOGL,54.7411003112793,34526000
2019-06-19,GOOGL,54.70493698120117,26714000
2019-06-20,GOOGL,55.135353088378906,24018000
2019-06-21,GOOGL,55.73811721801758,50774000
2019-06-24,GOOGL,55.308692932128906,24236000
2019-06-25,GOOGL,53.86642837524414,31644000
2019-06-26,GOOGL,53.5068473815918,34698000
2019-06-27,GOOGL,53.3240852355957,24078000
2019-06-28,GOOGL,53.62967300415039,33672000
2019-07-01,GOOGL,54.481571197509766,29196000
2019-07-02,GOOGL,55.105628967285156,20630000
2019-07-03,GOOGL,55.62023162841797,20154000
2019-07-05,GOOGL,56.099666595458984,29794000
2019-07-08,GOOGL,55.31315612792969,29888000
2019-07-09,GOOGL,55.68462371826172,29472000
2019-07-10,GOOGL,56.50779342651367,30710000
2019-07-11,GOOGL,56.664794921875,26004000
2019-07-12,GOOGL,56.727195739746094,21878000
2019-07-15,GOOGL,56.9832649230957,21164000
2019-07-16,GOOGL,57.12937927246094,25352000
2019-07-17,GOOGL,56.79654312133789,19538000
2019-07-18,GOOGL,56.82130813598633,25450000
2019-07-19,GOOGL,56.0442008972168,23184000
2019-07-22,GOOGL,56.42359161376953,28914000
2019-07-23,GOOGL,56.86143112182617,20648000
2019-07-24,GOOGL,56.44934844970703,27192000
2019-07-25,GOOGL,56.261627197265625,54762000
2019-07-26,GOOGL,61.674129486083984,121216000
2019-07-29,GOOGL,61.5067138671875,41382000
2019-07-30,GOOGL,60.82124328613281,28616000
2019-07-31,GOOGL,60.33586120605469,39960000
2019-08-01,GOOGL,60.01788330078125,35426000
2019-08-02,GOOGL,59.252174377441406,34910000
2019-08-05,GOOGL,57.193275451660156,47840000
2019-08-06,GOOGL,58.00206756591797,36014000
2019-08-07,GOOGL,58.24129104614258,30686000
2019-08-08,GOOGL,59.74102020263672,30116000
2019-08-09,GOOGL,58.88467025756836,20418000
2019-08-12,GOOGL,58.17146301269531,22064000
2019-08-13,GOOGL,59.27247619628906,28434000
2019-08-14,GOOGL,57.66378402709961,35430000
2019-08-15,GOOGL,57.914894104003906,28506000
2019-08-16,GOOGL,58.40473937988281,24916000
2019-08-19,GOOGL,59.45623016357422,24450000
2019-08-20,GOOGL,58.61870193481445,20206000
2019-08-21,GOOGL,59.017398834228516,14152000
2019-08-22,GOOGL,59.01443862915039,17352000
2019-08-23,GOOGL,57.135318756103516,36254000
2019-08-26,GOOGL,58.00701904296875,21166000
2019-08-27,GOOGL,57.98918914794922,23460000
2019-08-28,GOOGL,58.13431167602539,16810000
2019-08-29,GOOGL,59.14915466308594,19636000
2019-08-30,GOOGL,58.96540451049805,18064000
2019-09-03,GOOGL,57.92628860473633,25908000
2019-09-04,GOOGL,58.556297302246094,21312000
2019-09-05,GOOGL,60.0381965637207,26394000
2019-09-06,GOOGL,59.747459411621094,18972000
2019-09-09,GOOGL,59.695457458496094,31854000
2019-09-10,GOOGL,59.71675109863281,27922000
2019-09-11,GOOGL,60.425010681152344,23522000
2019-09-12,GOOGL,61.16645812988281,31644000
2019-09-13,GOOGL,61.41707992553711,23676000
2019-09-16,GOOGL,61.00103759765625,28218000
2019-09-17,GOOGL,60.91435623168945,20806000
2019-09-18,GOOGL,61.051551818847656,17440000
2019-09-19,GOOGL,61.353675842285156,16554000
2019-09-20,GOOGL,60.91238021850586,37692000
2019-09-23,GOOGL,61.152591705322266,20798000
2019-09-24,GOOGL,60.3422966003418,35804000
2019-09-25,GOOGL,61.70978927612305,26798000
2019-09-26,GOOGL,61.52900314331055,23166000
2019-09-27,GOOGL,60.71970748901367,34122000
2019-09-30,GOOGL,60.481475830078125,24470000
2019-10-01,GOOGL,59.73160934448242,24504000
2019-10-02,GOOGL,58.34085464477539,33030000
2019-10-03,GOOGL,58.91092300415039,28368000
2019-10-04,GOOGL,59.97727584838867,24282000
2019-10-07,GOOGL,59.843055725097656,17040000
2019-10-08,GOOGL,58.945594787597656,20086000
2019-10-09,GOOGL,59.55331039428711,15948000
2019-10-10,GOOGL,59.903472900390625,12842000
2019-10-11,GOOGL,60.212528228759766,22330000
2019-10-14,GOOGL,60.31456756591797,13296000
2019-10-15,GOOGL,61.526527404785156,27584000
2019-10-16,GOOGL,61.56417465209961,22986000
2019-10-17,GOOGL,62.049560546875,20958000
2019-10-18,GOOGL,61.63401412963867,31624000
2019-10-21,GOOGL,61.6275749206543,18094000
2019-10-22,GOOGL,61.47502517700195,22862000
2019-10-23,GOOGL,62.288780212402344,21282000
2019-10-24,GOOGL,62.362083435058594,20224000
2019-10-25,GOOGL,62.61913299560547,27104000
2019-10-28,GOOGL,63.84149169921875,65428000
2019-10-29,GOOGL,62.43885040283203,52654000
2019-10-30,GOOGL,62.44083786010742,29204000
2019-10-31,GOOGL,62.34672546386719,31904000
2019-11-01,GOOGL,63.01288986206055,28812000
2019-11-04,GOOGL,63.872711181640625,30632000
2019-11-05,GOOGL,63.963356018066406,25148000
2019-11-06,GOOGL,63.942039489746094,24626000
2019-11-07,GOOGL,64.73104095458984,45140000
2019-11-08,GOOGL,64.83306121826172,30392000
2019-11-11,GOOGL,64.3021240234375,17234000
2019-11-12,GOOGL,64.24910736083984,28852000
2019-11-13,GOOGL,64.1981201171875,20538000
2019-11-14,GOOGL,64.84049987792969,28948000
2019-11-15,GOOGL,66.04849243164062,39286000
2019-11-18,GOOGL,65.36994934082031,27984000
2019-11-19,GOOGL,65.0108642578125,21864000
2019-11-20,GOOGL,64.47943878173828,28892000
2019-11-21,GOOGL,64.39424133300781,25546000
2019-11-22,GOOGL,64.07379150390625,27776000
2019-11-25,GOOGL,64.66664123535156,23590000
2019-11-26,GOOGL,65.03118133544922,21910000
2019-11-27,GOOGL,64.98809814453125,18808000
2019-11-29,GOOGL,64.58987426757812,12802000
2019-12-02,GOOGL,63.83555603027344,26538000
2019-12-03,GOOGL,64.12679290771484,25270000
2019-12-04,GOOGL,65.32538604736328,35506000
2019-12-05,GOOGL,65.72260284423828,24408000
2019-12-06,GOOGL,66.3382568359375,32968000
2019-12-09,GOOGL,66.51654815673828,30842000
2019-12-10,GOOGL,66.51160430908203,17606000
2019-12-11,GOOGL,66.57896423339844,20480000
2019-12-12,GOOGL,66.78895568847656,29114000
2019-12-13,GOOGL,66.70872497558594,33170000
2019-12-16,GOOGL,67.3936996459961,28128000
2019-12-17,GOOGL,67.1059341430664,32948000
2019-12-18,GOOGL,66.95834350585938,23330000
2019-12-19,GOOGL,67.1827163696289,28922000
2019-12-20,GOOGL,66.92416381835938,50090000
2019-12-23,GOOGL,66.89495849609375,19936000
2019-12-24,GOOGL,66.5878677368164,13468000
2019-12-26,GOOGL,67.48136901855469,23662000
2019-12-27,GOOGL,67.09355163574219,23212000
2019-12-30,GOOGL,66.35408020019531,19994000
2019-12-31,GOOGL,66.3382568359375,19514000
2020-01-02,GOOGL,67.7889175415039,27278000
2020-01-03,GOOGL,67.43429565429688,23408000
2020-01-06,GOOGL,69.2317123413086,46768000
2020-01-07,GOOGL,69.09798431396484,34330000
2020-01-08,GOOGL,69.58981323242188,35314000
2020-01-09,GOOGL,70.32035064697266,33200000
2020-01-10,GOOGL,70.77452087402344,26258000
2020-01-13,GOOGL,71.32283020019531,30730000
2020-01-14,GOOGL,70.85527038574219,26076000
2020-01-15,GOOGL,71.28170013427734,21550000
2020-01-16,GOOGL,71.82453918457031,26080000
2020-01-17,GOOGL,73.27870178222656,52424000
2020-01-21,GOOGL,73.4139175415039,48930000
2020-01-22,GOOGL,73.49414825439453,28458000
2020-01-23,GOOGL,73.53475952148438,26650000
2020-01-24,GOOGL,72.61748504638672,29786000
2020-01-27,GOOGL,70.91172790527344,34132000
2020-01-28,GOOGL,71.84137725830078,29724000
2020-01-29,GOOGL,72.14846801757812,21566000
2020-01-30,GOOGL,72.02711486816406,27110000
2020-01-31,GOOGL,70.96372985839844,43822000
2020-02-03,GOOGL,73.43125915527344,71636000
2020-02-04,GOOGL,71.58927154541016,95880000
2020-02-05,GOOGL,71.6209716796875,36376000
2020-02-06,GOOGL,73.10287475585938,37822000
2020-02-07,GOOGL,73.2583999633789,28360000
2020-02-10,GOOGL,74.72196197509766,38302000
2020-02-11,GOOGL,74.79131317138672,34852000
2020-02-12,GOOGL,75.21577453613281,31042000
2020-02-13,GOOGL,74.95624542236328,22914000
2020-02-14,GOOGL,75.2207260131836,23198000
2020-02-18,GOOGL,75.2558822631836,25642000
2020-02-19,GOOGL,75.52483367919922,22746000
2020-02-20,GOOGL,75.1345443725586,25962000
2020-02-21,GOOGL,73.47384643554688,42520000
2020-02-24,GOOGL,70.32381439208984,49560000
2020-02-25,GOOGL,68.66262817382812,51580000
2020-02-26,GOOGL,68.86817169189453,49776000
2020-02-27,GOOGL,65.12776947021484,62290000
2020-02-28,GOOGL,66.33130645751953,80198000
2020-03-02,GOOGL,68.66262817382812,55430000
2020-03-03,GOOGL,66.25553131103516,56602000
2020-03-04,GOOGL,68.42884826660156,47598000
2020-03-05,GOOGL,65.11834716796875,54380000
2020-03-06,GOOGL,64.17632293701172,64640000
2020-03-09,GOOGL,60.21649169921875,69252000
2020-03-10,GOOGL,63.157508850097656,54872000
2020-03-11,GOOGL,59.974300384521484,54732000
2020-03-12,GOOGL,55.05363082885742,94326000
2020-03-13,GOOGL,60.141212463378906,79400000
2020-03-16,GOOGL,53.14429473876953,96520000
2020-03-17,GOOGL,55.37606430053711,83194000
2020-03-18,GOOGL,54.04522705078125,93044000
2020-03-19,GOOGL,55.059574127197266,74064000
2020-03-20,GOOGL,52.90705108642578,82878000
2020-03-23,GOOGL,52.20969772338867,83672000
2020-03-24,GOOGL,55.96792984008789,72468000
2020-03-25,GOOGL,54.56180953979492,90324000
2020-03-26,GOOGL,57.59791564941406,76562000
2020-03-27,GOOGL,54.9897346496582,62794000
2020-03-30,GOOGL,56.775245666503906,58736000
2020-03-31,GOOGL,57.54987335205078,65228000
2020-04-01,GOOGL,54.5855712890625,51970000
2020-04-02,GOOGL,55.32503890991211,56410000
2020-04-03,GOOGL,54.12001037597656,51374000
2020-04-06,GOOGL,58.60186004638672,63320000
2020-04-07,GOOGL,58.57065963745117,61620000
2020-04-08,GOOGL,59.7811393737793,40334000
2020-04-09,GOOGL,59.75984191894531,54028000
2020-04-13,GOOGL,59.95003128051758,38702000
2020-04-14,GOOGL,62.66520309448242,63358000
2020-04-15,GOOGL,62.272438049316406,42236000
2020-04-16,GOOGL,62.278873443603516,57896000
2020-04-17,GOOGL,63.34720993041992,51050000
2020-04-20,GOOGL,62.46311950683594,35292000
2020-04-21,GOOGL,60.036712646484375,49648000
2020-04-22,GOOGL,62.327415466308594,46296000
2020-04-23,GOOGL,62.95939636230469,34202000
2020-04-24,GOOGL,63.22834396362305,37402000
2020-04-27,GOOGL,62.94404602050781,44186000
2020-04-28,GOOGL,61.048580169677734,80700000
2020-04-29,GOOGL,66.4764404296875,108358000
2020-04-30,GOOGL,66.7002944946289,55842000
2020-05-01,GOOGL,65.24514770507812,48872000
2020-05-04,GOOGL,65.52151489257812,30806000
2020-05-05,GOOGL,66.8152084350586,39666000
2020-05-06,GOOGL,66.63740539550781,31732000
2020-05-07,GOOGL,67.81865692138672,30652000
2020-05-08,GOOGL,68.56455993652344,33326000
2020-05-11,GOOGL,69.51797485351562,32718000
2020-05-12,GOOGL,68.11088562011719,33918000
2020-05-13,GOOGL,66.7810287475586,40368000
2020-05-14,GOOGL,67.20352935791016,36660000
2020-05-15,GOOGL,68.00587463378906,41544000
2020-05-18,GOOGL,68.60617065429688,47094000
2020-05-19,GOOGL,68.07223510742188,31586000
2020-05-20,GOOGL,69.79386138916016,38262000
2020-05-21,GOOGL,69.67449951171875,30894000
2020-05-22,GOOGL,69.9959487915039,28544000
2020-05-26,GOOGL,70.39861297607422,44590000
2020-05-27,GOOGL,70.34461975097656,31684000
2020-05-28,GOOGL,70.24358367919922,35170000
2020-05-29,GOOGL,71.00038146972656,37044000
2020-06-01,GOOGL,71.0672378540039,25162000
2020-06-02,GOOGL,71.43573760986328,23442000
2020-06-03,GOOGL,71.2841796875,27732000
2020-06-04,GOOGL,70.04844665527344,26982000
2020-06-05,GOOGL,71.32232666015625,42642000
2020-06-08,GOOGL,71.71954345703125,33878000
2020-06-09,GOOGL,71.91963195800781,33624000
2020-06-10,GOOGL,72.54468536376953,31762000
2020-06-11,GOOGL,69.43428039550781,47144000
2020-06-12,GOOGL,69.9801025390625,36676000
2020-06-15,GOOGL,70.3674087524414,30468000
2020-06-16,GOOGL,71.64177703857422,30648000
2020-06-17,GOOGL,71.9424057006836,30610000
2020-06-18,GOOGL,71.03009033203125,34862000
2020-06-19,GOOGL,70.56057739257812,52784000
2020-06-22,GOOGL,71.84930419921875,29442000
2020-06-23,GOOGL,72.50902557373047,37752000
2020-06-24,GOOGL,70.95977020263672,31592000
2020-06-25,GOOGL,71.37580871582031,23958000
2020-06-26,GOOGL,67.48483276367188,97640000
2020-06-29,GOOGL,69.20001220703125,45074000
2020-06-30,GOOGL,70.23416900634766,40286000
2020-07-01,GOOGL,71.42037963867188,42182000
2020-07-02,GOOGL,72.80372619628906,57218000
2020-07-06,GOOGL,74.27571105957031,44712000
2020-07-07,GOOGL,73.79379272460938,42364000
2020-07-08,GOOGL,74.47135162353516,31766000
2020-07-09,GOOGL,75.21725463867188,41836000
2020-07-10,GOOGL,76.22515106201172,35918000
2020-07-13,GOOGL,74.8987808227539,42954000
2020-07-14,GOOGL,75.32621765136719,38108000
2020-07-15,GOOGL,75.12908935546875,31026000
2020-07-16,GOOGL,75.03202819824219,26484000
2020-07-17,GOOGL,75.12760162353516,34264000
2020-07-20,GOOGL,77.45496368408203,30166000
2020-07-21,GOOGL,77.06269073486328,27486000
2020-07-22,GOOGL,77.5049819946289,24482000
2020-07-23,GOOGL,75.1226577758789,33910000
2020-07-24,GOOGL,74.69966888427734,29902000
2020-07-27,GOOGL,75.75066375732422,27124000
2020-07-28,GOOGL,74.47382354736328,30910000
2020-07-29,GOOGL,75.45746612548828,22676000
2020-07-30,GOOGL,76.1934585571289,36042000
2020-07-31,GOOGL,73.69622802734375,91468000
2020-08-03,GOOGL,73.43917846679688,45482000
2020-08-04,GOOGL,72.97063446044922,37212000
2020-08-05,GOOGL,73.25740051269531,29134000
2020-08-06,GOOGL,74.5382080078125,33306000
2020-08-07,GOOGL,74.21231079101562,27718000
2020-08-10,GOOGL,74.13556671142578,20546000
2020-08-11,GOOGL,73.3292236328125,31098000
2020-08-12,GOOGL,74.6516342163086,22512000
2020-08-13,GOOGL,75.1176986694336,22388000
2020-08-14,GOOGL,74.52236938476562,21942000
2020-08-17,GOOGL,75.09739685058594,19990000
2020-08-18,GOOGL,77.05575561523438,28378000
2020-08-19,GOOGL,76.50253295898438,30472000
2020-08-20,GOOGL,78.06962585449219,26382000
2020-08-21,GOOGL,78.03593444824219,34838000
2020-08-24,GOOGL,78.51041412353516,25638000
2020-08-25,GOOGL,79.53565216064453,25150000
2020-08-26,GOOGL,81.4316177368164,52188000
2020-08-27,GOOGL,80.65847778320312,31350000
2020-08-28,GOOGL,81.1988296508789,22418000
2020-08-31,GOOGL,80.70851135253906,26422000
2020-09-01,GOOGL,81.97396850585938,22652000
2020-09-02,GOOGL,85.0600814819336,49522000
2020-09-03,GOOGL,80.70751953125,63726000
2020-09-04,GOOGL,78.31527709960938,55850000
2020-09-08,GOOGL,75.46192169189453,54032000
2020-09-09,GOOGL,76.63228607177734,39242000
2020-09-10,GOOGL,75.58329010009766,33024000
2020-09-11,GOOGL,75.07363891601562,30706000
2020-09-14,GOOGL,74.73040008544922,42660000
2020-09-15,GOOGL,76.03250122070312,23042000
2020-09-16,GOOGL,74.89185333251953,22128000
2020-09-17,GOOGL,73.65116119384766,40008000
2020-09-18,GOOGL,71.87059020996094,63056000
2020-09-21,GOOGL,70.8329849243164,56908000
2020-09-22,GOOGL,72.302978515625,33950000
2020-09-23,GOOGL,69.80525207519531,37726000
2020-09-24,GOOGL,70.472412109375,34552000
2020-09-25,GOOGL,71.27476501464844,30326000
2020-09-28,GOOGL,72.24552154541016,30784000
2020-09-29,GOOGL,72.61006927490234,31816000
2020-09-30,GOOGL,72.58927154541016,40924000
2020-10-01,GOOGL,73.69374084472656,32884000
2020-10-02,GOOGL,72.09396362304688,31222000
2020-10-05,GOOGL,73.4426498413086,21602000
2020-10-06,GOOGL,71.86714172363281,26096000
2020-10-07,GOOGL,72.2693099975586,36108000
2020-10-08,GOOGL,73.47235870361328,26076000
2020-10-09,GOOGL,74.81063079833984,32966000
2020-10-12,GOOGL,77.49210357666016,55344000
2020-10-13,GOOGL,77.61494445800781,39072000
2020-10-14,GOOGL,77.43515014648438,33174000
2020-10-15,GOOGL,77.04039764404297,31210000
2020-10-16,GOOGL,77.64614868164062,34194000
2020-10-19,GOOGL,75.77642822265625,29734000
2020-10-20,GOOGL,76.8229751586914,41670000
2020-10-21,GOOGL,78.55201721191406,60322000
2020-10-22,GOOGL,79.57577514648438,30512000
2020-10-23,GOOGL,80.8793716430664,30548000
2020-10-26,GOOGL,78.46783447265625,35826000
2020-10-27,GOOGL,79.19043731689453,25902000
2020-10-28,GOOGL,74.82795715332031,45174000
2020-10-29,GOOGL,77.11024475097656,55406000
2020-10-30,GOOGL,80.0438232421875,99878000
2020-11-02,GOOGL,80.45045471191406,44228000
2020-11-03,GOOGL,81.50739288330078,31432000
2020-11-04,GOOGL,86.46968841552734,71342000
2020-11-05,GOOGL,87.2943344116211,39758000
2020-11-06,GOOGL,87.15714263916016,28622000
2020-11-09,GOOGL,87.24083709716797,53440000
2020-11-10,GOOGL,86.06702423095703,43022000
2020-11-11,GOOGL,86.53804016113281,31838000
2020-11-12,GOOGL,86.3196029663086,26474000
2020-11-13,GOOGL,87.77774047851562,29744000
2020-11-16,GOOGL,87.86540222167969,25468000
2020-11-17,GOOGL,87.25272369384766,21314000
2020-11-18,GOOGL,86.21163177490234,20108000
2020-11-19,GOOGL,87.09967803955078,20106000
2020-11-20,GOOGL,86.00064086914062,27694000
2020-11-23,GOOGL,85.56381225585938,22530000
2020-11-24,GOOGL,87.3636703491211,27984000
2020-11-25,GOOGL,87.37506103515625,19600000
2020-11-27,GOOGL,88.50878143310547,14790000
2020-11-30,GOOGL,86.89315795898438,32418000
2020-12-01,GOOGL,88.92184448242188,37350000
2020-12-02,GOOGL,90.38838195800781,29424000
2020-12-03,GOOGL,90.23338317871094,24728000
2020-12-04,GOOGL,90.32847595214844,20544000
2020-12-07,GOOGL,89.99514770507812,22288000
2020-12-08,GOOGL,89.71281433105469,19936000
2020-12-09,GOOGL,88.05509185791016,31728000
2020-12-10,GOOGL,87.54940795898438,28688000
2020-12-11,GOOGL,87.9035415649414,18628000
2020-12-14,GOOGL,86.78716278076172,33050000
2020-12-15,GOOGL,87.22401428222656,21352000
2020-12-16,GOOGL,87.03132629394531,24676000
2020-12-17,GOOGL,86.2052001953125,34880000
2020-12-18,GOOGL,85.4974365234375,85256000
2020-12-21,GOOGL,85.91049194335938,33974000
2020-12-22,GOOGL,85.20025634765625,20370000
2020-12-23,GOOGL,85.59698486328125,22974000
2020-12-24,GOOGL,85.89069366455078,9312000
2020-12-28,GOOGL,87.86193084716797,27650000
2020-12-29,GOOGL,87.05956268310547,19726000
2020-12-30,GOOGL,85.99420928955078,21026000
2020-12-31,GOOGL,86.80599212646484,21070000
2021-01-04,GOOGL,85.49297332763672,37324000
2021-01-05,GOOGL,86.18241882324219,20360000
2021-01-06,GOOGL,85.33200073242188,46588000
2021-01-07,GOOGL,87.88074493408203,41936000
2021-01-08,GOOGL,89.044189453125,35484000
2021-01-11,GOOGL,86.98675537109375,34796000
2021-01-12,GOOGL,86.05264282226562,29528000
2021-01-13,GOOGL,86.53901672363281,23432000
2021-01-14,GOOGL,85.73020935058594,29212000
2021-01-15,GOOGL,85.56675720214844,31444000
2021-01-19,GOOGL,88.38249206542969,41660000
2021-01-20,GOOGL,93.117431640625,64152000
2021-01-21,GOOGL,93.31950378417969,58634000
2021-01-22,GOOGL,93.73604583740234,32744000
2021-01-25,GOOGL,93.82122039794922,50586000
2021-01-26,GOOGL,94.498291015625,31462000
2021-01-27,GOOGL,90.08973693847656,82512000
2021-01-28,GOOGL,91.78659057617188,55278000
2021-01-29,GOOGL,90.50675201416016,44530000
2021-02-01,GOOGL,93.76128387451172,40252000
2021-02-02,GOOGL,95.051513671875,66332000
2021-02-03,GOOGL,101.97364044189453,97882000
2021-02-04,GOOGL,101.71363067626953,48596000
2021-02-05,GOOGL,103.45703125,29866000
2021-02-08,GOOGL,103.24356079101562,28828000
2021-02-09,GOOGL,102.79137420654297,21892000
2021-02-10,GOOGL,103.34063720703125,25102000
2021-02-11,GOOGL,103.45307922363281,20480000
2021-02-12,GOOGL,103.76411437988281,18990000
2021-02-16,GOOGL,104.54022979736328,31004000
2021-02-17,GOOGL,104.93248748779297,20294000
2021-02-18,GOOGL,104.29801940917969,22546000
2021-02-19,GOOGL,103.4560317993164,37938000
2021-02-22,GOOGL,101.74481964111328,29466000
2021-02-23,GOOGL,102.03506469726562,34658000
2021-02-24,GOOGL,103.2083969116211,22608000
2021-02-25,GOOGL,99.8473892211914,41548000
2021-02-26,GOOGL,100.14257049560547,40042000
2021-03-01,GOOGL,102.50757598876953,26060000
2021-03-02,GOOGL,102.25100708007812,25564000
2021-03-03,GOOGL,99.62252044677734,33892000
2021-03-04,GOOGL,100.73790740966797,49216000
2021-03-05,GOOGL,103.86515808105469,53100000
2021-03-08,GOOGL,99.42886352539062,36868000
2021-03-09,GOOGL,101.0563735961914,33920000
2021-03-10,GOOGL,100.84984588623047,27100000
2021-03-11,GOOGL,104.03702545166016,27702000
2021-03-12,GOOGL,101.53384399414062,33818000
2021-03-15,GOOGL,101.75373840332031,26168000
2021-03-16,GOOGL,103.21237182617188,31900000
2021-03-17,GOOGL,103.12964630126953,26382000
2021-03-18,GOOGL,100.1143569946289,31700000
2021-03-19,GOOGL,100.3927001953125,46072000
2021-03-22,GOOGL,100.57743835449219,33536000
2021-03-23,GOOGL,101.10442352294922,28510000
2021-03-24,GOOGL,100.6685791015625,25218000
2021-03-25,GOOGL,100.66510009765625,35616000
2021-03-26,GOOGL,100.28223419189453,27978000
2021-03-29,GOOGL,101.32532501220703,26492000
2021-03-30,GOOGL,101.3590087890625,27312000
2021-03-31,GOOGL,102.1539306640625,42570000
2021-04-01,GOOGL,105.48523712158203,39880000
2021-04-05,GOOGL,109.9021987915039,48510000
2021-04-06,GOOGL,109.42176818847656,35240000
2021-04-07,GOOGL,110.89623260498047,24134000
2021-04-08,GOOGL,111.46087646484375,28664000
2021-04-09,GOOGL,112.46333312988281,26146000
2021-04-12,GOOGL,111.17311096191406,25024000
2021-04-13,GOOGL,111.65898132324219,25682000
2021-04-14,GOOGL,111.03887939453125,21002000
2021-04-15,GOOGL,113.1854476928711,29174000
2021-04-16,GOOGL,113.06163024902344,26282000
2021-04-19,GOOGL,113.40882873535156,30290000
2021-04-20,GOOGL,112.87640380859375,22288000
2021-04-21,GOOGL,112.84371948242188,23204000
2021-04-22,GOOGL,111.56438446044922,24146000
2021-04-23,GOOGL,113.91254425048828,29066000
2021-04-26,GOOGL,114.40782928466797,32038000
2021-04-27,GOOGL,113.46926879882812,44386000
2021-04-28,GOOGL,116.84019470214844,81106000
2021-04-29,GOOGL,118.51029205322266,41234000
2021-04-30,GOOGL,116.5657958984375,44856000
2021-05-03,GOOGL,116.04971313476562,28242000
2021-05-04,GOOGL,114.25430297851562,44818000
2021-05-05,GOOGL,114.64755249023438,26636000
2021-05-06,GOOGL,115.76590728759766,25190000
2021-05-07,GOOGL,116.488037109375,28898000
2021-05-10,GOOGL,113.50739288330078,30914000
2021-05-11,GOOGL,112.4331283569336,34186000
2021-05-12,GOOGL,108.97551727294922,46376000
2021-05-13,GOOGL,110.40145111083984,33204000
2021-05-14,GOOGL,112.84520721435547,31996000
2021-05-17,GOOGL,113.36724853515625,21598000
2021-05-18,GOOGL,112.05719757080078,22204000
2021-05-19,GOOGL,112.50444030761719,23684000
2021-05-20,GOOGL,114.26025390625,32352000
2021-05-21,GOOGL,113.62527465820312,40632000
2021-05-24,GOOGL,116.93925476074219,31832000
2021-05-25,GOOGL,117.02987670898438,22440000
2021-05-26,GOOGL,117.89366912841797,21572000
2021-05-27,GOOGL,117.02046966552734,35224000
2021-05-28,GOOGL,116.73171997070312,21482000
2021-06-01,GOOGL,117.93675231933594,23354000
2021-06-02,GOOGL,117.41224670410156,21158000
2021-06-03,GOOGL,116.27257537841797,18696000
2021-06-04,GOOGL,118.5504150390625,24458000
2021-06-07,GOOGL,118.98279571533203,24120000
2021-06-08,GOOGL,118.79161071777344,24240000
2021-06-09,GOOGL,119.26213073730469,17942000
2021-06-10,GOOGL,120.60882568359375,25904000
2021-06-11,GOOGL,120.36465454101562,21958000
2021-06-14,GOOGL,121.29133605957031,22098000
2021-06-15,GOOGL,120.2750015258789,21562000
2021-06-16,GOOGL,119.63409423828125,26472000
2021-06-17,GOOGL,120.59595489501953,25842000
2021-06-18,GOOGL,118.97882843017578,46116000
2021-06-21,GOOGL,120.6642837524414,27414000
2021-06-22,GOOGL,121.17742156982422,22390000
2021-06-23,GOOGL,120.975830078125,19148000
2021-06-24,GOOGL,121.34530639648438,21362000
2021-06-25,GOOGL,121.35374450683594,34594000
2021-06-28,GOOGL,121.3809814453125,28526000
2021-06-29,GOOGL,121.11994934082031,23108000
2021-06-30,GOOGL,120.93869018554688,24474000
2021-07-01,GOOGL,121.29033660888672,18110000
2021-07-02,GOOGL,124.07682037353516,25982000
2021-07-06,GOOGL,125.00054168701172,26404000
2021-07-07,GOOGL,125.2818603515625,24060000
2021-07-08,GOOGL,123.86532592773438,23790000
2021-07-09,GOOGL,124.33535766601562,18632000
2021-07-12,GOOGL,125.77861785888672,17668000
2021-07-13,GOOGL,126.14118194580078,19240000
2021-07-14,GOOGL,127.02824401855469,23742000
2021-07-15,GOOGL,125.80785369873047,24218000
2021-07-16,GOOGL,125.77318572998047,20424000
2021-07-19,GOOGL,123.40371704101562,27968000
2021-07-20,GOOGL,125.01985931396484,26312000
2021-07-21,GOOGL,126.34673309326172,20746000
2021-07-22,GOOGL,127.21100616455078,14302000
2021-07-23,GOOGL,131.76121520996094,41506000
2021-07-26,GOOGL,132.7716064453125,30572000
2021-07-27,GOOGL,130.6566925048828,54710000
2021-07-28,GOOGL,134.81117248535156,95130000
2021-07-29,GOOGL,134.49766540527344,31716000
2021-07-30,GOOGL,133.4565887451172,25576000
2021-08-02,GOOGL,133.58338928222656,21634000
2021-08-03,GOOGL,134.35157775878906,20762000
2021-08-04,GOOGL,133.85179138183594,19676000
2021-08-05,GOOGL,134.96719360351562,17870000
2021-08-06,GOOGL,134.4590301513672,20488000
2021-08-09,GOOGL,135.62245178222656,17760000
2021-08-10,GOOGL,135.51747131347656,19414000
2021-08-11,GOOGL,134.9944305419922,15352000
2021-08-12,GOOGL,135.9008331298828,16506000
2021-08-13,GOOGL,136.42929077148438,15948000
2021-08-16,GOOGL,137.00579833984375,22384000
2021-08-17,GOOGL,135.37332153320312,21716000
2021-08-18,GOOGL,134.1722412109375,19258000
2021-08-19,GOOGL,134.4010772705078,21782000
2021-08-20,GOOGL,136.13409423828125,31194000
2021-08-23,GOOGL,138.7214813232422,28454000
2021-08-24,GOOGL,139.92994689941406,19268000
2021-08-25,GOOGL,140.73974609375,15848000
2021-08-26,GOOGL,140.1072998046875,20610000
2021-08-27,GOOGL,142.64663696289062,28780000
2021-08-30,GOOGL,143.22760009765625,24434000
2021-08-31,GOOGL,143.3335723876953,22448000
2021-09-01,GOOGL,143.84669494628906,21936000
2021-09-02,GOOGL,141.9364013671875,32342000
2021-09-03,GOOGL,142.38462829589844,19850000
2021-09-07,GOOGL,142.92051696777344,20124000
2021-09-08,GOOGL,142.3365478515625,18344000
2021-09-09,GOOGL,142.18797302246094,15314000
2021-09-10,GOOGL,139.54812622070312,36840000
2021-09-13,GOOGL,140.99087524414062,22094000
2021-09-14,GOOGL,141.20086669921875,19674000
2021-09-15,GOOGL,143.06809997558594,27408000
2021-09-16,GOOGL,142.25633239746094,26190000
2021-09-17,GOOGL,139.4728240966797,53384000
2021-09-20,GOOGL,137.4119415283203,46518000
2021-09-21,GOOGL,137.72247314453125,25332000
2021-09-22,GOOGL,138.96116638183594,25056000
2021-09-23,GOOGL,139.88490295410156,20952000
2021-09-24,GOOGL,140.87449645996094,22984000
2021-09-27,GOOGL,139.7422332763672,21882000
2021-09-28,GOOGL,134.5496826171875,45772000
2021-09-29,GOOGL,133.08709716796875,30848000
2021-09-30,GOOGL,132.4159698486328,37996000
2021-10-01,GOOGL,135.25596618652344,35360000
2021-10-04,GOOGL,132.39962768554688,51202000
2021-10-05,GOOGL,134.74082946777344,32404000
2021-10-06,GOOGL,136.26832580566406,24364000
2021-10-07,GOOGL,137.9126739501953,25110000
2021-10-08,GOOGL,138.4678955078125,26526000
2021-10-11,GOOGL,137.60459899902344,17954000
2021-10-12,GOOGL,135.16285705566406,36332000
2021-10-13,GOOGL,136.28515625,19654000
2021-10-14,GOOGL,139.82049560546875,31894000
2021-10-15,GOOGL,140.0354461669922,30274000
2021-10-18,GOOGL,141.4321746826172,20396000
2021-10-19,GOOGL,141.8868408203125,20164000
2021-10-20,GOOGL,140.43267822265625,23288000
2021-10-21,GOOGL,140.548583984375,26292000
2021-10-22,GOOGL,136.269775390625,50588000
2021-10-25,GOOGL,136.1514434814453,34412000
2021-10-26,GOOGL,137.995361328125,49236000
2021-10-27,GOOGL,144.83926391601562,85782000
2021-10-28,GOOGL,144.47421264648438,36206000
2021-10-29,GOOGL,146.6505126953125,43320000
2021-11-01,GOOGL,142.14442443847656,46924000
2021-11-02,GOOGL,144.0616455078125,33482000
2021-11-03,GOOGL,145.21620178222656,27494000
2021-11-04,GOOGL,146.86993408203125,38412000
2021-11-05,GOOGL,147.44894409179688,38354000
2021-11-08,GOOGL,147.626220703125,23052000
2021-11-09,GOOGL,147.51480102539062,19530000
2021-11-10,GOOGL,144.51829528808594,29970000
2021-11-11,GOOGL,144.3925018310547,16518000
2021-11-12,GOOGL,147.2765655517578,22360000
2021-11-15,GOOGL,147.05270385742188,23508000
2021-11-16,GOOGL,146.4821319580078,18904000
2021-11-17,GOOGL,146.65150451660156,19594000
2021-11-18,GOOGL,148.42611694335938,35608000
2021-11-19,GOOGL,147.522705078125,33682000
2021-11-22,GOOGL,144.92295837402344,30594000
2021-11-23,GOOGL,144.40785217285156,27218000
2021-11-24,GOOGL,144.74264526367188,18040000
2021-11-26,GOOGL,140.8427734375,30470000
2021-11-29,GOOGL,144.1587371826172,32596000
2021-11-30,GOOGL,140.5599822998047,42068000
2021-12-01,GOOGL,139.72193908691406,34020000
2021-12-02,GOOGL,141.61839294433594,29194000
2021-12-03,GOOGL,140.6629638671875,41230000
2021-12-06,GOOGL,141.8055877685547,30618000
2021-12-07,GOOGL,145.88133239746094,32240000
2021-12-08,GOOGL,146.78970336914062,24270000
2021-12-09,GOOGL,146.24685668945312,23270000
2021-12-10,GOOGL,146.60641479492188,24458000
2021-12-13,GOOGL,144.45193481445312,27070000
2021-12-14,GOOGL,142.55052185058594,38446000
2021-12-15,GOOGL,145.06065368652344,36370000
2021-12-16,GOOGL,143.08346557617188,33650000
2021-12-17,GOOGL,140.3891143798828,50416000
2021-12-20,GOOGL,140.2721710205078,27192000
2021-12-21,GOOGL,142.1201629638672,28756000
2021-12-22,GOOGL,145.03488159179688,26322000
2021-12-23,GOOGL,145.53167724609375,26384000
2021-12-27,GOOGL,146.5123291015625,15976000
2021-12-28,GOOGL,145.3043212890625,18200000
2021-12-29,GOOGL,145.2726287841797,17788000
2021-12-30,GOOGL,144.82241821289062,15688000
2021-12-31,GOOGL,143.48663330078125,18136000
2022-01-03,GOOGL,143.62478637695312,28646000
2022-01-04,GOOGL,143.0384063720703,28400000
2022-01-05,GOOGL,136.47633361816406,54618000
2022-01-06,GOOGL,136.44908142089844,37348000
2022-01-07,GOOGL,135.72547912597656,29760000
2022-01-10,GOOGL,137.36239624023438,44408000
2022-01-11,GOOGL,138.4188232421875,28730000
2022-01-12,GOOGL,140.0973663330078,26108000
2022-01-13,GOOGL,137.28067016601562,31436000
2022-01-14,GOOGL,138.16575622558594,29662000
2022-01-18,GOOGL,134.71607971191406,34872000
2022-01-19,GOOGL,133.8428955078125,28648000
2022-01-20,GOOGL,132.0509490966797,29908000
2022-01-21,GOOGL,129.122802734375,55652000
2022-01-24,GOOGL,129.57102966308594,76622000
2022-01-25,GOOGL,125.73851013183594,46960000
2022-01-26,GOOGL,128.0148468017578,49130000
2022-01-27,GOOGL,127.78900909423828,31950000
2022-01-28,GOOGL,132.09408569335938,34362000
2022-01-31,GOOGL,134.02810668945312,39986000
2022-02-01,GOOGL,136.3465576171875,68644000
2022-02-02,GOOGL,146.60494995117188,123200000
2022-02-03,GOOGL,141.74122619628906,71518000
2022-02-04,GOOGL,141.9423065185547,57998000
2022-02-07,GOOGL,137.88893127441406,54974000
2022-02-08,GOOGL,138.0850372314453,54284000
2022-02-09,GOOGL,140.25733947753906,40144000
2022-02-10,GOOGL,137.3133544921875,39330000
2022-02-11,GOOGL,133.01675415039062,39958000
2022-02-14,GOOGL,134.24855041503906,34302000
2022-02-15,GOOGL,135.32083129882812,26680000
2022-02-16,GOOGL,136.439697265625,25022000
2022-02-17,GOOGL,131.28970336914062,38950000
2022-02-18,GOOGL,129.173828125,45620000
2022-02-22,GOOGL,128.58990478515625,44990000
2022-02-23,GOOGL,126.3853530883789,32786000
2022-02-24,GOOGL,131.44024658203125,54456000
2022-02-25,GOOGL,133.1920928955078,36406000
2022-02-28,GOOGL,133.78395080566406,38864000
2022-03-01,GOOGL,132.79782104492188,26496000
2022-03-02,GOOGL,133.30303955078125,23520000
2022-03-03,GOOGL,132.6373748779297,24604000
2022-03-04,GOOGL,130.6631622314453,30430000
2022-03-07,GOOGL,125.18724822998047,45112000
2022-03-08,GOOGL,125.90641021728516,40428000
2022-03-09,GOOGL,132.16236877441406,37026000
2022-03-10,GOOGL,131.18121337890625,27102000
2022-03-11,GOOGL,128.64633178710938,31526000
2022-03-14,GOOGL,124.76378631591797,38812000
2022-03-15,GOOGL,127.98020935058594,30920000
2022-03-16,GOOGL,132.02420043945312,35576000
2022-03-17,GOOGL,132.57742309570312,28264000
2022-03-18,GOOGL,134.84239196777344,44566000
2022-03-21,GOOGL,134.818603515625,26832000
2022-03-22,GOOGL,138.5496063232422,35496000
2022-03-23,GOOGL,136.97210693359375,25154000
2022-03-24,GOOGL,140.23753356933594,26396000
2022-03-25,GOOGL,140.33758544921875,24126000
2022-03-28,GOOGL,140.12213134765625,35050000
2022-03-29,GOOGL,141.16221618652344,34318000
2022-03-30,GOOGL,140.6005859375,19884000
2022-03-31,GOOGL,137.75665283203125,37524000
2022-04-01,GOOGL,138.8294219970703,25942000
2022-04-04,GOOGL,141.62384033203125,25942000
2022-04-05,GOOGL,139.26577758789062,21418000
2022-04-06,GOOGL,135.26089477539062,32468000
2022-04-07,GOOGL,134.60760498046875,26234000
2022-04-08,GOOGL,132.0311279296875,25142000
2022-04-11,GOOGL,127.60922241210938,36884000
2022-04-12,GOOGL,126.51066589355469,32710000
2022-04-13,GOOGL,128.6696014404297,27928000
2022-04-14,GOOGL,125.53545379638672,31598000
2022-04-18,GOOGL,126.47303009033203,20808000
2022-04-19,GOOGL,128.78355407714844,26490000
2022-04-20,GOOGL,126.83309173583984,31696000
2022-04-21,GOOGL,123.63799285888672,36446000
2022-04-22,GOOGL,118.50780487060547,56884000
2022-04-25,GOOGL,121.91389465332031,46128000
2022-04-26,GOOGL,117.5316162109375,73054000
2022-04-27,GOOGL,113.21717071533203,91820000
2022-04-28,GOOGL,117.40531158447266,48884000
2022-04-29,GOOGL,113.03389739990234,42676000
2022-05-02,GOOGL,115.48409271240234,35534000
2022-05-03,GOOGL,116.22801208496094,24968000
2022-05-04,GOOGL,121.10856628417969,49916000
2022-05-05,GOOGL,115.40731048583984,45840000
2022-05-06,GOOGL,114.65547180175781,39710000
2022-05-09,GOOGL,111.45046997070312,40802000
2022-05-10,GOOGL,113.31671142578125,39900000
2022-05-11,GOOGL,112.53168487548828,37534000
2022-05-12,GOOGL,111.78034210205078,53836000
2022-05-13,GOOGL,114.95660400390625,35038000
2022-05-16,GOOGL,113.36624908447266,25990000
2022-05-17,GOOGL,115.3751220703125,23054000
2022-05-18,GOOGL,110.84473419189453,35126000
2022-05-19,GOOGL,109.34352111816406,34144000
2022-05-20,GOOGL,107.88143157958984,48962000
2022-05-23,GOOGL,110.43711853027344,37184000
2022-05-24,GOOGL,104.97113037109375,76780000
2022-05-25,GOOGL,104.80768585205078,40258000
2022-05-26,GOOGL,106.77645874023438,37948000
2022-05-27,GOOGL,111.25780487060547,37914000
2022-05-31,GOOGL,112.6896743774414,50012000
2022-06-01,GOOGL,112.8184585571289,36606000
2022-06-02,GOOGL,116.5137939453125,37992000
2022-06-03,GOOGL,113.4613265991211,26136000
2022-06-06,GOOGL,115.7193603515625,33542000
2022-06-07,GOOGL,116.04524230957031,31590000
2022-06-08,GOOGL,116.08931732177734,26108000
2022-06-09,GOOGL,113.75304412841797,25798000
2022-06-10,GOOGL,110.11370849609375,41452000
2022-06-13,GOOGL,105.3896484375,47252000
2022-06-14,GOOGL,105.70960235595703,33706000
2022-06-15,GOOGL,108.7298583984375,39698000
2022-06-16,GOOGL,105.0340347290039,51684000
2022-06-17,GOOGL,106.13357543945312,51376000
2022-06-21,GOOGL,110.49258422851562,47416000
2022-06-22,GOOGL,110.43663024902344,30774000
2022-06-23,GOOGL,111.18400573730469,28362000
2022-06-24,GOOGL,116.86296844482422,41164000
2022-06-27,GOOGL,114.74165344238281,36420000
2022-06-28,GOOGL,110.95172119140625,35792000
2022-06-29,GOOGL,110.64861297607422,24716000
2022-06-30,GOOGL,107.9359130859375,43170000
2022-07-01,GOOGL,107.71253967285156,35476000
2022-07-05,GOOGL,112.19538879394531,39342000
2022-07-06,GOOGL,113.49205017089844,37432000
2022-07-07,GOOGL,117.6633529663086,40936000
2022-07-08,GOOGL,118.22848510742188,38238000
2022-07-11,GOOGL,114.58612823486328,31196000
2022-07-12,GOOGL,112.94573974609375,29960000
2022-07-13,GOOGL,110.30387115478516,43722000
2022-07-14,GOOGL,109.32718658447266,37004000
2022-07-15,GOOGL,110.72389221191406,46770000
2022-07-18,GOOGL,108.00227355957031,43164600
2022-07-19,GOOGL,112.73722839355469,36530900
2022-07-20,GOOGL,112.82637023925781,35600400
2022-07-21,GOOGL,113.2622299194336,32676200
2022-07-22,GOOGL,106.8829574584961,48901200
2022-07-25,GOOGL,106.49662017822266,34690900
2022-07-26,GOOGL,104.03007507324219,47991000
2022-07-27,GOOGL,111.99430084228516,59858500
2022-07-28,GOOGL,113.14337921142578,32816600
2022-07-29,GOOGL,115.22356414794922,37223400
2022-08-01,GOOGL,113.77732849121094,26034300
2022-08-02,GOOGL,114.0447769165039,20236000
2022-08-03,GOOGL,116.96697998046875,28499000
2022-08-04,GOOGL,117.07594299316406,21602900
2022-08-05,GOOGL,116.36273193359375,19159500
2022-08-08,GOOGL,116.1943359375,19138300
2022-08-09,GOOGL,115.53064727783203,19086500
2022-08-10,GOOGL,118.57170104980469,30930400
2022-08-11,GOOGL,117.71981811523438,24293700
2022-08-12,GOOGL,120.53304290771484,19096300
2022-08-15,GOOGL,120.92927551269531,19494800
2022-08-16,GOOGL,120.55284881591797,19041200
2022-08-17,GOOGL,118.42312622070312,22847000
2022-08-18,GOOGL,119.03727722167969,17987700
2022-08-19,GOOGL,116.10517883300781,21809500
2022-08-22,GOOGL,113.16317749023438,21456600
2022-08-23,GOOGL,112.78675842285156,15870400
2022-08-24,GOOGL,112.61837005615234,17734600
2022-08-25,GOOGL,115.55046081542969,16956800
2022-08-26,GOOGL,109.2999267578125,37245700
2022-08-29,GOOGL,108.38861083984375,21191200
2022-08-30,GOOGL,107.91313934326172,27513300
2022-08-31,GOOGL,107.19991302490234,28627000
2022-09-01,GOOGL,108.70558166503906,28360900
2022-09-02,GOOGL,106.8333969116211,24160700
2022-09-06,GOOGL,105.80320739746094,25068300
2022-09-07,GOOGL,108.41832733154297,23167000
2022-09-08,GOOGL,107.35840606689453,24238300
2022-09-09,GOOGL,109.60700988769531,23197700
2022-09-12,GOOGL,109.81503295898438,22966800
2022-09-13,GOOGL,103.33667755126953,38172900
2022-09-14,GOOGL,104.0102767944336,26395100
2022-09-15,GOOGL,101.93997192382812,34188300
2022-09-16,GOOGL,101.83100128173828,42797200
2022-09-19,GOOGL,102.09846496582031,23036800
2022-09-20,GOOGL,100.18666076660156,26517100
2022-09-21,GOOGL,98.34418487548828,31487300
2022-09-22,GOOGL,99.19608306884766,34298600
2022-09-23,GOOGL,97.80927276611328,31625400
2022-09-26,GOOGL,97.2446517944336,27072700
2022-09-27,GOOGL,96.58097076416016,30072800
2022-09-28,GOOGL,99.10693359375,32466300
2022-09-29,GOOGL,96.50172424316406,31047200
2022-09-30,GOOGL,94.74839782714844,32941500
2022-10-03,GOOGL,97.71021270751953,27982000
2022-10-04,GOOGL,100.68194580078125,28850800
2022-10-05,GOOGL,100.47392272949219,22176900
2022-10-06,GOOGL,100.4640121459961,22324000
2022-10-07,GOOGL,97.74983978271484,27502800
2022-10-10,GOOGL,96.93758392333984,18225100
2022-10-11,GOOGL,96.26398468017578,26507100
2022-10-12,GOOGL,96.64039611816406,21876400
2022-10-13,GOOGL,98.12626647949219,34574500
2022-10-14,GOOGL,95.64981842041016,25410700
2022-10-17,GOOGL,99.02767181396484,28419200
2022-10-18,GOOGL,99.82014465332031,24060700
2022-10-19,GOOGL,98.6908950805664,23811100
2022-10-20,GOOGL,99.02767181396484,25323200
2022-10-21,GOOGL,100.1767349243164,32458700
2022-10-24,GOOGL,101.55364227294922,27176400
2022-10-25,GOOGL,103.49516296386719,40611400
2022-10-26,GOOGL,94.0351791381836,88114100
2022-10-27,GOOGL,91.35073852539062,60710900
2022-10-28,GOOGL,95.38236236572266,43697300
2022-10-31,GOOGL,93.61915588378906,31675000
2022-11-01,GOOGL,89.61723327636719,47161400
2022-11-02,GOOGL,86.15021514892578,57038300
2022-11-03,GOOGL,82.64358520507812,61288000
2022-11-04,GOOGL,85.76390075683594,51124900
2022-11-07,GOOGL,87.6558837890625,34078900
2022-11-08,GOOGL,88.06204223632812,30429000
2022-11-09,GOOGL,86.49691772460938,31769100
2022-11-10,GOOGL,93.0545425415039,51620100
2022-11-11,GOOGL,95.50123596191406,33090500
2022-11-14,GOOGL,94.79793548583984,30179500
2022-11-15,GOOGL,97.51210021972656,41640800
2022-11-16,GOOGL,97.9182357788086,29105200
2022-11-17,GOOGL,97.432861328125,26052600
2022-11-18,GOOGL,96.5116195678711,28342300
2022-11-21,GOOGL,94.69886016845703,21647400
2022-11-22,GOOGL,96.13520812988281,23438500
2022-11-23,GOOGL,97.53192138671875,18868100
2022-11-25,GOOGL,96.54134368896484,9701400
2022-11-28,GOOGL,95.1446304321289,26237500
2022-11-29,GOOGL,94.2927474975586,20061700
2022-11-30,GOOGL,100.03807067871094,43647500
2022-12-01,GOOGL,100.03807067871094,28687100
2022-12-02,GOOGL,99.49325561523438,21480700
2022-12-05,GOOGL,98.54228973388672,24405100
2022-12-06,GOOGL,96.06586456298828,24910700
2022-12-07,GOOGL,94.04509735107422,31045400
2022-12-08,GOOGL,92.82669067382812,32213300
2022-12-09,GOOGL,91.9549789428711,28225400
2022-12-12,GOOGL,92.43045806884766,29420000
2022-12-13,GOOGL,94.72859954833984,40593700
2022-12-14,GOOGL,94.17386627197266,28733600
2022-12-15,GOOGL,90.00355529785156,40107000
2022-12-16,GOOGL,89.40921020507812,58011800
2022-12-19,GOOGL,87.60637664794922,29493000
2022-12-20,GOOGL,88.18089294433594,23453800
2022-12-21,GOOGL,88.7356185913086,24745600
2022-12-22,GOOGL,86.93277740478516,27658300
2022-12-23,GOOGL,88.38892364501953,23003000
2022-12-27,GOOGL,86.5662612915039,20097300
2022-12-28,GOOGL,85.20916748046875,19523200
2022-12-29,GOOGL,87.61626434326172,23333500
2022-12-30,GOOGL,87.39834594726562,23986300
2023-01-03,GOOGL,88.27996063232422,28131200
2023-01-04,GOOGL,87.24977111816406,34854800
2023-01-05,GOOGL,85.38746643066406,27194400
2023-01-06,GOOGL,86.5167236328125,41381500
2023-01-09,GOOGL,87.19031524658203,29003900
2023-01-10,GOOGL,87.58654022216797,30467800
2023-01-11,GOOGL,90.6573257446289,26862000
2023-01-12,GOOGL,90.27100372314453,30258100
2023-01-13,GOOGL,91.25169372558594,26329200
2023-01-17,GOOGL,90.42951202392578,32602400
2023-01-18,GOOGL,90.26110076904297,29116700
2023-01-19,GOOGL,92.17292022705078,37000400
2023-01-20,GOOGL,97.09605407714844,63191100
2023-01-23,GOOGL,98.84938049316406,40005100
2023-01-24,GOOGL,96.7790756225586,33078500
2023-01-25,GOOGL,94.32246398925781,42330000
2023-01-26,GOOGL,96.60076904296875,30114000
2023-01-27,GOOGL,98.433349609375,33879800
2023-01-30,GOOGL,96.02625274658203,27226200
2023-01-31,GOOGL,97.90833282470703,29870700
2023-02-01,GOOGL,99.48334503173828,35531100
2023-02-02,GOOGL,106.72443389892578,69883800
2023-02-03,GOOGL,103.79234313964844,65309300
2023-02-06,GOOGL,101.9300765991211,31999600
2023-02-07,GOOGL,106.6253890991211,49010200
2023-02-08,GOOGL,98.433349609375,94743500
2023-02-09,GOOGL,94.11444091796875,119455000
2023-02-10,GOOGL,93.67858123779297,54980700
2023-02-13,GOOGL,93.71820831298828,50076100
2023-02-14,GOOGL,93.78755187988281,54726100
2023-02-15,GOOGL,96.02625274658203,50169000
2023-02-16,GOOGL,94.60972595214844,42462600
2023-02-17,GOOGL,93.46066284179688,34284100
2023-02-21,GOOGL,90.92478942871094,33629300
2023-02-22,GOOGL,90.7861099243164,30884000
2023-02-23,GOOGL,90.03326416015625,41206400
2023-02-24,GOOGL,88.28984832763672,36585100
2023-02-27,GOOGL,89.02288818359375,27502300
2023-02-28,GOOGL,89.21109008789062,30142000
2023-03-01,GOOGL,89.50826263427734,31111200
2023-03-02,GOOGL,91.13282775878906,32204400
2023-03-03,GOOGL,92.76724243164062,35160100
2023-03-06,GOOGL,94.23330688476562,32639300
2023-03-07,GOOGL,92.97528076171875,27835500
2023-03-08,GOOGL,93.36160278320312,34103300
2023-03-09,GOOGL,91.44979095458984,28813500
2023-03-10,GOOGL,89.77572631835938,35941000
2023-03-13,GOOGL,90.2511978149414,37335600
2023-03-14,GOOGL,93.08424377441406,36050200
2023-03-15,GOOGL,95.20406341552734,50622100
2023-03-16,GOOGL,99.3743896484375,65492000
2023-03-17,GOOGL,100.6621322631836,61028500
2023-03-20,GOOGL,100.26590728759766,32960400
2023-03-21,GOOGL,103.93102264404297,42110300
2023-03-22,GOOGL,102.3956527709961,43427400
2023-03-23,GOOGL,104.60462951660156,40797800
2023-03-24,GOOGL,104.44612121582031,30393300
2023-03-27,GOOGL,101.49420928955078,31120900
2023-03-28,GOOGL,100.07769012451172,32057900
2023-03-29,GOOGL,100.43428802490234,28779600
2023-03-30,GOOGL,99.93901062011719,33086200
2023-03-31,GOOGL,102.75225067138672,36863400
2023-04-03,GOOGL,103.37629699707031,25035400
2023-04-04,GOOGL,103.73290252685547,24420100
2023-04-05,GOOGL,103.48526763916016,28290500
2023-04-06,GOOGL,107.39802551269531,48711500
2023-04-10,GOOGL,105.43669891357422,27067400
2023-04-11,GOOGL,104.35696411132812,26311800
2023-04-12,GOOGL,103.6536636352539,24370300
2023-04-13,GOOGL,106.41737365722656,24843600
2023-04-14,GOOGL,107.84379577636719,26578000
2023-04-17,GOOGL,104.97113037109375,37571200
2023-04-18,GOOGL,103.51497650146484,26596400
2023-04-19,GOOGL,103.19800567626953,20905700
2023-04-20,GOOGL,104.29752349853516,27820800
2023-04-21,GOOGL,104.41641998291016,25800100
2023-04-24,GOOGL,104.97113037109375,23542800
2023-04-25,GOOGL,102.87110900878906,46664100
2023-04-26,GOOGL,102.732421875,53347600
2023-04-27,GOOGL,106.57585906982422,50089200
2023-04-28,GOOGL,106.32820892333984,36139800
2023-05-01,GOOGL,106.18952941894531,26681700
2023-05-02,GOOGL,104.32726287841797,30997200
2023-05-03,GOOGL,104.41641998291016,21795400
2023-05-04,GOOGL,103.70320129394531,23419500
2023-05-05,GOOGL,104.57489013671875,26639300
2023-05-08,GOOGL,106.75415802001953,26511400
2023-05-09,GOOGL,106.33812713623047,36360100
2023-05-10,GOOGL,110.6966323852539,63153400
2023-05-11,GOOGL,115.4712142944336,78900000
2023-05-12,GOOGL,116.40235900878906,41102300
2023-05-15,GOOGL,115.41178131103516,36266800
2023-05-16,GOOGL,118.38349914550781,45035600
2023-05-17,GOOGL,119.7009506225586,33323600
2023-05-18,GOOGL,121.67221069335938,35234200
2023-05-19,GOOGL,121.60285949707031,41353400
2023-05-22,GOOGL,123.87128448486328,35253000
2023-05-23,GOOGL,121.40473937988281,34046300
2023-05-24,GOOGL,119.76039123535156,34182600
2023-05-25,GOOGL,122.31608581542969,42317000
2023-05-26,GOOGL,123.4354248046875,35635900
2023-05-30,GOOGL,122.50428009033203,35076700
2023-05-31,GOOGL,121.71183776855469,37325800
2023-06-01,GOOGL,122.55381774902344,30772700
2023-06-02,GOOGL,123.49485778808594,26980100
2023-06-05,GOOGL,124.8222427368164,32305500
2023-06-06,GOOGL,126.10997009277344,26638300
2023-06-07,GOOGL,121.34530639648438,52539000
2023-06-08,GOOGL,120.98871612548828,29389200
2023-06-09,GOOGL,121.0778579711914,23778300
2023-06-12,GOOGL,122.47457122802734,28306400
2023-06-13,GOOGL,122.66277313232422,22278300
2023-06-14,GOOGL,122.50428009033203,30592300
2023-06-15,GOOGL,123.91090393066406,35246300
2023-06-16,GOOGL,122.3656005859375,45535600
2023-06-20,GOOGL,121.93966674804688,26097500
2023-06-21,GOOGL,119.4136962890625,30306300
2023-06-22,GOOGL,121.98918914794922,26952200
2023-06-23,GOOGL,121.18681335449219,34913600
2023-06-26,GOOGL,117.22452545166016,33969900
2023-06-27,GOOGL,117.21460723876953,39535900
2023-06-28,GOOGL,119.04718780517578,27091400
2023-06-29,GOOGL,117.97736358642578,24090900
2023-06-30,GOOGL,118.57170104980469,29532200
2023-07-03,GOOGL,118.76981353759766,14467900
2023-07-05,GOOGL,120.60237121582031,27584800
2023-07-06,GOOGL,118.97783660888672,24745200
2023-07-07,GOOGL,118.35379028320312,21709500
2023-07-10,GOOGL,115.35235595703125,35315200
2023-07-11,GOOGL,116.03583526611328,23078800
2023-07-12,GOOGL,117.80896759033203,30404400
2023-07-13,GOOGL,123.3660888671875,44297900
2023-07-14,GOOGL,124.23779296875,33283100
2023-07-17,GOOGL,123.47504425048828,25716200
2023-07-18,GOOGL,122.59343719482422,26193600
2023-07-19,GOOGL,120.87974548339844,37224000
2023-07-20,GOOGL,118.0764389038086,37906800
2023-07-21,GOOGL,118.8886947631836,72937900
2023-07-24,GOOGL,120.38446807861328,29686100
2023-07-25,GOOGL,121.05805206298828,52509600
2023-07-26,GOOGL,128.05149841308594,61682100
2023-07-27,GOOGL,128.18028259277344,44952100
2023-07-28,GOOGL,131.33033752441406,36591200
2023-07-31,GOOGL,131.46897888183594,28055500
2023-08-01,GOOGL,130.31002807617188,23166800
2023-08-02,GOOGL,127.16990661621094,26273300
2023-08-03,GOOGL,127.23922729492188,20089500
2023-08-04,GOOGL,126.90242767333984,26147200
2023-08-07,GOOGL,130.2902069091797,22746300
2023-08-08,GOOGL,130.1614227294922,23535200
2023-08-09,GOOGL,128.43785095214844,24912900
2023-08-10,GOOGL,128.46754455566406,20857800
2023-08-11,GOOGL,128.3387451171875,19591100
2023-08-14,GOOGL,130.09207153320312,24695600
2023-08-15,GOOGL,128.5567169189453,19770700
2023-08-16,GOOGL,127.48686218261719,25216100
2023-08-17,GOOGL,128.6953887939453,33446300
2023-08-18,GOOGL,126.2585678100586,30504800
2023-08-21,GOOGL,127.15998840332031,25248700
2023-08-22,GOOGL,127.86328887939453,22054900
2023-08-23,GOOGL,131.122314453125,27819700
2023-08-24,GOOGL,128.5567169189453,28500700
2023-08-25,GOOGL,128.65576171875,26762900
2023-08-28,GOOGL,129.7751007080078,20543300
2023-08-29,GOOGL,133.3015594482422,43075600
2023-08-30,GOOGL,134.59921264648438,28315800
2023-08-31,GOOGL,134.88644409179688,30053800
2023-09-01,GOOGL,134.3812713623047,21543700
2023-09-05,GOOGL,134.49021911621094,19403100
2023-09-06,GOOGL,133.19259643554688,18684500
2023-09-07,GOOGL,133.98504638671875,18844300
2023-09-08,GOOGL,135.09449768066406,23558300
2023-09-11,GOOGL,135.62939453125,20763400
2023-09-12,GOOGL,134.0642852783203,18405500
2023-09-13,GOOGL,135.42138671875,20749500
2023-09-14,GOOGL,136.7982940673828,24751000
2023-09-15,GOOGL,136.1048583984375,38919600
2023-09-18,GOOGL,136.90724182128906,21861300
2023-09-19,GOOGL,136.7388153076172,20353700
2023-09-20,GOOGL,132.47935485839844,29927500
2023-09-21,GOOGL,129.21046447753906,31503900
2023-09-22,GOOGL,129.0222625732422,26397300
2023-09-25,GOOGL,129.8741455078125,20094600
2023-09-26,GOOGL,127.35809326171875,25718700
2023-09-27,GOOGL,129.30950927734375,22746500
2023-09-28,GOOGL,131.06283569335938,22513100
2023-09-29,GOOGL,129.6265106201172,30859800
2023-10-02,GOOGL,132.9053192138672,22288000
2023-10-03,GOOGL,131.1816864013672,22989400
2023-10-04,GOOGL,133.96522521972656,26752300
2023-10-05,GOOGL,133.7968292236328,19832600
2023-10-06,GOOGL,136.28318786621094,27597600
2023-10-09,GOOGL,137.115234375,19278100
2023-10-10,GOOGL,136.75863647460938,27786600
2023-10-11,GOOGL,139.2251739501953,25884300
2023-10-12,GOOGL,137.66006469726562,24765500
2023-10-13,GOOGL,136.0652313232422,23420500
2023-10-16,GOOGL,137.78884887695312,28501900
2023-10-17,GOOGL,138.4029998779297,23515800
2023-10-18,GOOGL,136.6595916748047,23375000
2023-10-19,GOOGL,136.45156860351562,26066000
2023-10-20,GOOGL,134.3218536376953,26335700
2023-10-23,GOOGL,135.21334838867188,26317900
2023-10-24,GOOGL,137.50157165527344,44814300
2023-10-25,GOOGL,124.42599487304688,84366200
2023-10-26,GOOGL,121.12738800048828,57061100
2023-10-27,GOOGL,121.01842498779297,44566500
2023-10-30,GOOGL,123.2868423461914,28940100
2023-10-31,GOOGL,122.91043090820312,26292300
2023-11-01,GOOGL,125.2580795288086,30082400
2023-11-02,GOOGL,126.28826904296875,27124600
2023-11-03,GOOGL,127.88309478759766,26393100
2023-11-06,GOOGL,129.0222625732422,19052700
2023-11-07,GOOGL,129.7354736328125,29757300
2023-11-08,GOOGL,130.5972900390625,26425800
2023-11-09,GOOGL,129.0123748779297,23747800
2023-11-10,GOOGL,131.34019470214844,26913300
2023-11-13,GOOGL,130.84490966796875,18324800
2023-11-14,GOOGL,132.3604736328125,32395200
2023-11-15,GOOGL,133.35107421875,23861500
2023-11-16,GOOGL,135.63931274414062,28013200
2023-11-17,GOOGL,134.03457641601562,37240600
2023-11-20,GOOGL,134.96571350097656,27815500
2023-11-21,GOOGL,135.67893981933594,22635300
2023-11-22,GOOGL,137.18460083007812,17813900
2023-11-24,GOOGL,135.40158081054688,12514300
2023-11-27,GOOGL,135.1241912841797,23436500
2023-11-28,GOOGL,135.90672302246094,18730000
2023-11-29,GOOGL,133.7176055908203,23967200
2023-11-30,GOOGL,131.28076171875,38988300
2023-12-01,GOOGL,130.61709594726562,31442300
2023-12-04,GOOGL,128.05149841308594,36669900
2023-12-05,GOOGL,129.7552947998047,27384800
2023-12-06,GOOGL,128.79443359375,23576200
2023-12-07,GOOGL,135.63931274414062,56767100
2023-12-08,GOOGL,133.7176055908203,32260100
2023-12-11,GOOGL,132.03358459472656,31138000
2023-12-12,GOOGL,131.27085876464844,29032800
2023-12-13,GOOGL,131.32037353515625,30104800
2023-12-14,GOOGL,130.69635009765625,38722400
2023-12-15,GOOGL,131.35011291503906,50847100
2023-12-18,GOOGL,134.5199432373047,32258000
2023-12-19,GOOGL,135.36192321777344,25476800
2023-12-20,GOOGL,137.03599548339844,49107200
2023-12-21,GOOGL,139.09642028808594,27488300
2023-12-22,GOOGL,140.15631103515625,26532200
2023-12-26,GOOGL,140.18605041503906,16780300
2023-12-27,GOOGL,139.046875,19628600
2023-12-28,GOOGL,138.90817260742188,16045700
2023-12-29,GOOGL,138.37327575683594,18733000
2024-01-02,GOOGL,136.8676300048828,23711200
2024-01-03,GOOGL,137.6105499267578,24212100
2024-01-04,GOOGL,135.1043701171875,27137700
2024-01-05,GOOGL,134.4506072998047,22513900
2024-01-08,GOOGL,137.53131103515625,21404000
2024-01-09,GOOGL,139.6214141845703,24759600
2024-01-10,GOOGL,140.93885803222656,21320200
2024-01-11,GOOGL,140.74073791503906,24008700
2024-01-12,GOOGL,141.30538940429688,18785500
2024-01-16,GOOGL,141.14691162109375,22670500
2024-01-17,GOOGL,140.13650512695312,20968600
2024-01-18,GOOGL,142.12754821777344,25746400
2024-01-19,GOOGL,145.00021362304688,34271900
2024-01-22,GOOGL,144.61392211914062,32200400
2024-01-23,GOOGL,145.65402221679688,21636100
2024-01-24,GOOGL,147.29833984375,25233500
2024-01-25,GOOGL,150.43844604492188,29149100
2024-01-26,GOOGL,150.75547790527344,26115500
2024-01-29,GOOGL,152.06301879882812,27784300
2024-01-30,GOOGL,150.03233337402344,36331800
2024-01-31,GOOGL,138.7794189453125,71910000
2024-02-01,GOOGL,139.82945251464844,40466500
2024-02-02,GOOGL,141.03790283203125,62499600
2024-02-05,GOOGL,142.32566833496094,38505400
2024-02-06,GOOGL,142.74172973632812,29128200
2024-02-07,GOOGL,144.16812133789062,25208900
2024-02-08,GOOGL,144.53466796875,22563800
2024-02-09,GOOGL,147.59556579589844,26829500
2024-02-12,GOOGL,146.13937377929688,21564100
2024-02-13,GOOGL,143.7719268798828,27837700
2024-02-14,GOOGL,144.56436157226562,22704200
2024-02-15,GOOGL,141.42425537109375,37590700
2024-02-16,GOOGL,139.19544982910156,31468900
2024-02-20,GOOGL,139.789794921875,25144700
2024-02-21,GOOGL,141.20632934570312,23223300
2024-02-22,GOOGL,142.73179626464844,27191900
2024-02-23,GOOGL,142.60304260253906,19493800
2024-02-26,GOOGL,136.27328491210938,53641800
2024-02-27,GOOGL,137.5709228515625,33099200
2024-02-28,GOOGL,135.09449768066406,37328600
2024-02-29,GOOGL,137.15489196777344,42133000
2024-03-01,GOOGL,135.8473358154297,31151100
2024-03-04,GOOGL,132.0930938720703,55999400
2024-03-05,GOOGL,131.41944885253906,40194800
2024-03-06,GOOGL,130.1614227294922,35318600
2024-03-07,GOOGL,133.11334228515625,37738200
2024-03-08,GOOGL,134.1336212158203,39370400
2024-03-11,GOOGL,136.37232971191406,32437800
2024-03-12,GOOGL,137.19451904296875,27563400
2024-03-13,GOOGL,138.47232055664062,23347200
2024-03-14,GOOGL,141.7511444091797,42753400
2024-03-15,GOOGL,139.84921264648438,49475400
2024-03-18,GOOGL,146.28797912597656,69273700
2024-03-19,GOOGL,145.6440887451172,24070400
2024-03-20,GOOGL,147.3379669189453,21311500
2024-03-21,GOOGL,146.208740234375,24755600
2024-03-22,GOOGL,149.34881591796875,29211800
2024-03-25,GOOGL,148.6554412841797,19229300
2024-03-26,GOOGL,149.24978637695312,22149100
2024-03-27,GOOGL,149.44789123535156,22879200
2024-03-28,GOOGL,149.50733947753906,24485400
2024-04-01,GOOGL,154.02435302734375,31730800
2024-04-02,GOOGL,153.1031036376953,24586000
2024-04-03,GOOGL,153.45973205566406,24705000
2024-04-04,GOOGL,149.111083984375,34724700
2024-04-05,GOOGL,151.0625457763672,23459200
2024-04-08,GOOGL,153.39041137695312,20702000
2024-04-09,GOOGL,155.12391662597656,31079500
2024-04-10,GOOGL,154.66827392578125,22838600
2024-04-11,GOOGL,157.9074249267578,27166400
2024-04-12,GOOGL,156.24325561523438,25353700
2024-04-15,GOOGL,153.40028381347656,27136500
2024-04-16,GOOGL,152.94461059570312,20779500
2024-04-17,GOOGL,154.0045623779297,21763100
2024-04-18,GOOGL,154.53944396972656,19883000
2024-04-19,GOOGL,152.6375274658203,32615600
2024-04-22,GOOGL,154.80690002441406,26446200
2024-04-23,GOOGL,156.76824951171875,21151600
2024-04-24,GOOGL,157.63006591796875,22779100
2024-04-25,GOOGL,154.52955627441406,57109700
2024-04-26,GOOGL,170.32919311523438,64665300
2024-04-29,GOOGL,164.58384704589844,45610000
2024-04-30,GOOGL,161.24566650390625,33562900
2024-05-01,GOOGL,162.31546020507812,33493200
2024-05-02,GOOGL,165.0494384765625,24294500
2024-05-03,GOOGL,165.6636199951172,34662400
2024-05-06,GOOGL,166.51551818847656,21871300
2024-05-07,GOOGL,169.6357879638672,28039700
2024-05-08,GOOGL,167.78341674804688,19569100
2024-05-09,GOOGL,168.35797119140625,15346700
2024-05-10,GOOGL,167.060302734375,29799900
2024-05-13,GOOGL,167.54568481445312,31327600
2024-05-14,GOOGL,168.73439025878906,25127100
2024-05-15,GOOGL,170.88389587402344,26948400
2024-05-16,GOOGL,172.5381622314453,27867900
2024-05-17,GOOGL,174.4004669189453,24479300
2024-05-20,GOOGL,175.25233459472656,22554400
2024-05-21,GOOGL,176.17359924316406,16989400
2024-05-22,GOOGL,174.71746826171875,17880000
2024-05-23,GOOGL,171.91412353515625,21024900
2024-05-24,GOOGL,173.3405303955078,16579400
2024-05-28,GOOGL,174.7372589111328,20572200
2024-05-29,GOOGL,174.24197387695312,23388700
2024-05-30,GOOGL,170.48770141601562,22931500
2024-05-31,GOOGL,170.8740234375,37638900
2024-06-03,GOOGL,171.5377197265625,27459100
2024-06-04,GOOGL,172.15184020996094,26879600
2024-06-05,GOOGL,173.756591796875,22068500
2024-06-06,GOOGL,175.0641632080078,23251000
2024-06-07,GOOGL,172.8155517578125,19661400
2024-06-10,GOOGL,173.559326171875,23726700
2024-06-11,GOOGL,175.1559600830078,21540600
2024-06-12,GOOGL,176.31626892089844,27864700
2024-06-13,GOOGL,173.70809936523438,20913300
2024-06-14,GOOGL,175.32456970214844,18063600
2024-06-17,GOOGL,175.7708740234375,19618500
2024-06-18,GOOGL,173.638671875,21869900
2024-06-20,GOOGL,174.83863830566406,20160100
2024-06-21,GOOGL,178.14105224609375,57759000
2024-06-24,GOOGL,177.73440551757812,18298000
2024-06-25,GOOGL,182.50453186035156,23130200
2024-06-26,GOOGL,182.35581970214844,19839000
2024-06-27,GOOGL,183.87313842773438,18848900
2024-06-28,GOOGL,180.64013671875,29156600
2024-07-01,GOOGL,181.47317504882812,16006100
2024-07-02,GOOGL,183.7045440673828,17372500
2024-07-03,GOOGL,184.27972412109375,10242100
2024-07-05,GOOGL,189.02008056640625,20967500
2024-07-08,GOOGL,187.46310424804688,21035900
2024-07-09,GOOGL,187.4135284423828,15121400
2024-07-10,GOOGL,189.59527587890625,15952500
2024-07-11,GOOGL,184.03179931640625,25625800
2024-07-12,GOOGL,183.5359344482422,22898400
2024-07-15,GOOGL,184.98382568359375,16474000
2024-07-16,GOOGL,182.39547729492188,18290700
2024-07-17,GOOGL,179.51951599121094,20734100
2024-07-18,GOOGL,176.21713256835938,25315700
2024-07-19,GOOGL,176.18734741210938,18881900
2024-07-22,GOOGL,180.1641082763672,24100300
2024-07-23,GOOGL,180.2831268310547,36352700
2024-07-24,GOOGL,171.19903564453125,49585200
2024-07-25,GOOGL,165.8933868408203,44852000
2024-07-26,GOOGL,165.61572265625,41336900
2024-07-29,GOOGL,168.12472534179688,20293800
2024-07-30,GOOGL,168.87844848632812,18959700
2024-07-31,GOOGL,170.11807250976562,25729100
2024-08-01,GOOGL,169.3445281982422,24531400
2024-08-02,GOOGL,165.2785186767578,29130100
2024-08-05,GOOGL,157.92994689941406,53630700
2024-08-06,GOOGL,156.97792053222656,49004600
2024-08-07,GOOGL,157.62249755859375,25138600
2024-08-08,GOOGL,160.68690490722656,25578800
2024-08-09,GOOGL,162.31332397460938,28602300
2024-08-12,GOOGL,160.9447479248047,15895300
2024-08-13,GOOGL,162.7992706298828,18551700
2024-08-14,GOOGL,159.0406951904297,40591100
2024-08-15,GOOGL,159.9629669189453,31524300
2024-08-16,GOOGL,161.60919189453125,24208600
2024-08-19,GOOGL,165.28843688964844,22416200
2024-08-20,GOOGL,165.79420471191406,18341500
2024-08-21,GOOGL,164.47525024414062,22902000
2024-08-22,GOOGL,162.44224548339844,22493300
2024-08-23,GOOGL,164.2471466064453,13955700
2024-08-26,GOOGL,164.78268432617188,14190400
2024-08-27,GOOGL,163.31495666503906,11821900
2024-08-28,GOOGL,161.5001220703125,16407400
2024-08-29,GOOGL,160.43899536132812,19699800
2024-08-30,GOOGL,162.02574157714844,22123800
2024-09-03,GOOGL,156.05563354492188,38945300
2024-09-04,GOOGL,155.1531524658203,19353800
2024-09-05,GOOGL,155.93663024902344,18688700
2024-09-06,GOOGL,149.66900634765625,37912100
2024-09-09,GOOGL,147.6730194091797,39260500
2024-09-10,GOOGL,147.62335205078125,31118800
2024-09-11,GOOGL,150.10595703125,29607700
2024-09-12,GOOGL,153.61134338378906,29621500
2024-09-13,GOOGL,156.3620147705078,29591200
2024-09-16,GOOGL,156.95782470703125,18379800
2024-09-17,GOOGL,158.2090606689453,20715600
2024-09-18,GOOGL,158.6956024169922,23677300
2024-09-19,GOOGL,161.00938415527344,26587700
2024-09-20,GOOGL,162.4492645263672,40896400
2024-09-23,GOOGL,160.7213897705078,24150900
2024-09-24,GOOGL,161.1583251953125,23332100
2024-09-25,GOOGL,160.36390686035156,18869200
2024-09-26,GOOGL,161.5952606201172,20319300
2024-09-27,GOOGL,162.80674743652344,21101300
2024-09-30,GOOGL,164.69351196289062,20413900
2024-10-01,GOOGL,165.82554626464844,28338100
2024-10-02,GOOGL,164.70343017578125,17760200
2024-10-03,GOOGL,164.70343017578125,15073100
2024-10-04,GOOGL,165.89503479003906,19047400
2024-10-07,GOOGL,161.843505859375,22463100
2024-10-08,GOOGL,163.23374938964844,23072700
2024-10-09,GOOGL,160.73133850097656,31181800
2024-10-10,GOOGL,160.94981384277344,14144100
2024-10-11,GOOGL,162.10169982910156,15344300
2024-10-14,GOOGL,163.80972290039062,19016100
2024-10-15,GOOGL,164.3062286376953,20247200
2024-10-16,GOOGL,164.00830078125,16406000
2024-10-17,GOOGL,161.79385375976562,21453400
2024-10-18,GOOGL,162.28045654296875,19757700
2024-10-21,GOOGL,162.92591857910156,20946500
2024-10-22,GOOGL,163.9884490966797,16568100
2024-10-23,GOOGL,161.64492797851562,18280500
2024-10-24,GOOGL,161.58529663085938,22412500
2024-10-25,GOOGL,164.11753845214844,19828900
2024-10-28,GOOGL,165.5574493408203,32138600
2024-10-29,GOOGL,168.4967803955078,42169000
2024-10-30,GOOGL,173.2434539794922,68890800
2024-10-31,GOOGL,169.91683959960938,44769000
2024-11-01,GOOGL,170.0955352783203,31796500
2024-11-04,GOOGL,168.0598602294922,21492700
2024-11-05,GOOGL,168.55636596679688,18242100
2024-11-06,GOOGL,175.27915954589844,33695500
2024-11-07,GOOGL,179.48960876464844,25352900
2024-11-08,GOOGL,177.1063232421875,22006200
2024-11-11,GOOGL,179.09239196777344,17450400
2024-11-12,GOOGL,180.35353088378906,25134900
2024-11-13,GOOGL,177.6326446533203,23184000
2024-11-14,GOOGL,174.35565185546875,31007500
2024-11-15,GOOGL,171.28720092773438,32504600
2024-11-18,GOOGL,174.0775909423828,20135300
2024-11-19,GOOGL,176.8779296875,23434900
2024-11-20,GOOGL,174.7528533935547,18997100
2024-11-21,GOOGL,166.4610595703125,59734400
2024-11-22,GOOGL,163.611083984375,38604600
2024-11-25,GOOGL,166.48095703125,33135300
2024-11-26,GOOGL,167.94068908691406,20486700
2024-11-27,GOOGL,168.04994201660156,19266500
2024-11-29,GOOGL,167.7718963623047,14257200
2024-12-02,GOOGL,170.29417419433594,23789100
2024-12-03,GOOGL,170.1452178955078,22248700
2024-12-04,GOOGL,173.1540985107422,31615100
2024-12-05,GOOGL,171.4361572265625,21356200
2024-12-06,GOOGL,173.49171447753906,21462400
2024-12-09,GOOGL,174.3467254638672,25389600
2024-12-10,GOOGL,184.08950805664062,54813000
2024-12-11,GOOGL,194.25982666015625,67894100
2024-12-12,GOOGL,190.83990478515625,34817500
2024-12-13,GOOGL,188.7123565673828,25143500
2024-12-16,GOOGL,195.51246643066406,44934900
2024-12-17,GOOGL,194.27969360351562,43504000
2024-12-18,GOOGL,187.3006591796875,34166100
2024-12-19,GOOGL,187.4100341796875,32265200
2024-12-20,GOOGL,190.2930908203125,63462900
2024-12-23,GOOGL,193.4943389892578,25675000
2024-12-24,GOOGL,194.96568298339844,10403300
2024-12-26,GOOGL,194.45867919921875,12046600
2024-12-27,GOOGL,191.63523864746094,18891400
2024-12-30,GOOGL,190.1240997314453,14264700
2024-12-31,GOOGL,188.1954345703125,17466900
2025-01-02,GOOGL,188.3246612548828,20370800
2025-01-03,GOOGL,190.67088317871094,18596200
2025-01-06,GOOGL,195.72125244140625,29563600
2025-01-07,GOOGL,194.34930419921875,26487200
2025-01-08,GOOGL,192.8182830810547,24864800
2025-01-10,GOOGL,190.91943359375,26665200
2025-01-13,GOOGL,189.89544677734375,21823700
2025-01-14,GOOGL,188.55332946777344,17174900
2025-01-15,GOOGL,194.40895080566406,21776000
2025-01-16,GOOGL,191.78436279296875,17815400
2025-01-17,GOOGL,194.85630798339844,27735100
2025-01-21,GOOGL,196.8943634033203,29971300
2025-01-22,GOOGL,197.2125244140625,26200600
2025-01-23,GOOGL,196.82476806640625,26951400
2025-01-24,GOOGL,199.041748046875,23877500
2025-01-27,GOOGL,190.69076538085938,41728900
2025-01-28,GOOGL,194.160400390625,24157900
2025-01-29,GOOGL,194.269775390625,18218300
2025-01-30,GOOGL,199.69790649414062,24354700
2025-01-31,GOOGL,202.82952880859375,32001100
2025-02-03,GOOGL,200.05580139160156,27838300
2025-02-04,GOOGL,205.17576599121094,43856400
2025-02-05,GOOGL,190.2135772705078,70373900
2025-02-06,GOOGL,190.4820098876953,29297400
2025-02-07,GOOGL,184.2584991455078,49315000
2025-02-10,GOOGL,185.38192749023438,23105600
2025-02-11,GOOGL,184.2386474609375,21239500
2025-02-12,GOOGL,182.53863525390625,22072600
2025-02-13,GOOGL,185.05384826660156,21402500
2025-02-14,GOOGL,184.14915466308594,20448400
2025-02-18,GOOGL,182.6976776123047,29916700
2025-02-19,GOOGL,184.1889190673828,19549400
2025-02-20,GOOGL,183.48309326171875,20441500
2025-02-21,GOOGL,178.61166381835938,35199200
2025-02-24,GOOGL,178.20407104492188,29854200
2025-02-25,GOOGL,174.3964385986328,41913400
2025-02-26,GOOGL,171.72210693359375,35431300
2025-02-27,GOOGL,167.5167999267578,39991000
2025-02-28,GOOGL,169.28639221191406,48130600
2025-03-03,GOOGL,166.0354766845703,40770500
2025-03-04,GOOGL,169.9226531982422,45388000
2025-03-05,GOOGL,172.01040649414062,30954900
2025-03-06,GOOGL,171.34432983398438,28302000
2025-03-07,GOOGL,172.84552001953125,27385800
2025-03-10,GOOGL,165.09202575683594,43604000
2025-03-11,GOOGL,163.2706298828125,39587400
2025-03-12,GOOGL,166.32623291015625,28372400
2025-03-13,GOOGL,161.99661254882812,31756200
2025-03-14,GOOGL,164.71383666992188,31995900
2025-03-17,GOOGL,163.51947021484375,31184300
2025-03-18,GOOGL,159.9164581298828,42074800
2025-03-19,GOOGL,163.12132263183594,34275600
2025-03-20,GOOGL,162.0364532470703,28138500
2025-03-21,GOOGL,163.2208709716797,36625800
2025-03-24,GOOGL,166.8935546875,30879100
2025-03-25,GOOGL,169.7600555419922,24174400
2025-03-26,GOOGL,164.28585815429688,28901600
2025-03-27,GOOGL,161.47909545898438,24508300
2025-03-28,GOOGL,153.60617065429688,48669300
2025-03-31,GOOGL,153.9147186279297,54603500
2025-04-01,GOOGL,156.3333282470703,30672900
2025-04-02,GOOGL,156.30343627929688,25041700
2025-04-03,GOOGL,150.0131072998047,46883400
2025-04-04,GOOGL,144.91714477539062,62259500
2025-04-07,GOOGL,146.0617218017578,76794100
2025-04-08,GOOGL,144.0213623046875,52200200
2025-04-09,GOOGL,157.96563720703125,70406200
2025-04-10,GOOGL,152.10324096679688,48022000
2025-04-11,GOOGL,156.4029998779297,33636200
2025-04-14,GOOGL,158.32394409179688,30333000
2025-04-15,GOOGL,155.576904296875,27551500
2025-04-16,GOOGL,152.61085510253906,28187400
2025-04-17,GOOGL,150.45103454589844,33046600
2025-04-21,GOOGL,146.9774169921875,26049100
2025-04-22,GOOGL,150.75958251953125,26971800
2025-04-23,GOOGL,154.6214141845703,31128800
2025-04-24,GOOGL,158.53294372558594,45894000
2025-04-25,GOOGL,161.2003936767578,56034000
2025-04-28,GOOGL,159.85670471191406,29745800
2025-04-29,GOOGL,159.40882873535156,26809000
2025-04-30,GOOGL,158.05520629882812,34981100
2025-05-01,GOOGL,160.5435028076172,30203200
2025-05-02,GOOGL,163.26068115234375,25715000
2025-05-05,GOOGL,163.43983459472656,21341800
2025-05-06,GOOGL,162.46441650390625,21277200
2025-05-07,GOOGL,150.67002868652344,127490100
2025-05-08,GOOGL,153.556396484375,57498700
2025-05-09,GOOGL,152.03358459472656,32435300
2025-05-12,GOOGL,157.71681213378906,44138800
2025-05-13,GOOGL,158.78179931640625,42382100
2025-05-14,GOOGL,164.59439086914062,48755900
2025-05-15,GOOGL,163.19100952148438,33146700
2025-05-16,GOOGL,165.4105682373047,42846900
2025-05-19,GOOGL,165.75889587402344,30426100
2025-05-20,GOOGL,163.21090698242188,46607700
2025-05-21,GOOGL,167.76942443847656,73416000
2025-05-22,GOOGL,170.068603515625,74864400
2025-05-23,GOOGL,167.67987060546875,35211400
2025-05-27,GOOGL,172.0890655517578,37995700
2025-05-28,GOOGL,171.55160522460938,34784000
2025-05-29,GOOGL,171.05397033691406,29317300
2025-05-30,GOOGL,170.93453979492188,52639900
2025-06-02,GOOGL,168.2372283935547,38612300
2025-06-03,GOOGL,165.40057373046875,45084900
2025-06-04,GOOGL,167.2618408203125,26900800
2025-06-05,GOOGL,167.4210968017578,36379100
2025-06-06,GOOGL,172.86541748046875,35731800
2025-06-09,GOOGL,175.47630310058594,28935900
2025-06-10,GOOGL,177.97755432128906,61766100
2025-06-11,GOOGL,176.73190307617188,31646800
2025-06-12,GOOGL,175.087646484375,20941900
2025-06-13,GOOGL,174.06124877929688,27663100
2025-06-16,GOOGL,176.15391540527344,27389200
2025-06-17,GOOGL,175.33677673339844,24973000
2025-06-18,GOOGL,172.71595764160156,28707500
2025-06-20,GOOGL,166.05921936035156,75659900
2025-06-23,GOOGL,164.61428833007812,57671000
2025-06-24,GOOGL,166.18878173828125,40524300
2025-06-25,GOOGL,170.0851287841797,35479000
2025-06-26,GOOGL,172.9351806640625,31796700
2025-06-27,GOOGL,177.90777587890625,108140200
2025-06-30,GOOGL,175.61578369140625,63378900
2025-07-01,GOOGL,175.22714233398438,35904500
2025-07-02,GOOGL,178.01739501953125,29128900
2025-07-03,GOOGL,178.90428161621094,21689700
2025-07-07,GOOGL,176.17384338378906,34175600
2025-07-08,GOOGL,173.7523193359375,40442500
2025-07-09,GOOGL,176.00445556640625,43025600
2025-07-10,GOOGL,177.00096130371094,29252400
2025-07-11,GOOGL,179.56201171875,34282900
2025-07-14,GOOGL,180.92723083496094,32536600
2025-07-15,GOOGL,181.36570739746094,33448300
2025-07-16,GOOGL,182.3323211669922,33104200
2025-07-17,GOOGL,182.940185546875,31992600
2025-07-18,GOOGL,184.41502380371094,34014500
2025-07-21,GOOGL,189.4374542236328,45803100
2025-07-22,GOOGL,190.67312622070312,44660200
2025-07-23,GOOGL,189.56703186035156,58681900
2025-07-24,GOOGL,191.50022888183594,74881700
2025-07-25,GOOGL,192.50672912597656,39785900
2025-07-28,GOOGL,191.9088134765625,38139500
2025-07-29,GOOGL,195.06777954101562,41389200
2025-07-30,GOOGL,195.84506225585938,32445400
2025-07-31,GOOGL,191.231201171875,51329200
2025-08-01,GOOGL,188.47085571289062,34832200
2025-08-04,GOOGL,194.36024475097656,31547400
2025-08-05,GOOGL,193.99151611328125,31602300
2025-08-06,GOOGL,195.40660095214844,21562900
2025-08-07,GOOGL,195.83509826660156,26321800
2025-08-08,GOOGL,200.71800231933594,39161800
2025-08-11,GOOGL,200.2994842529297,25832400
2025-08-12,GOOGL,202.63131713867188,30397900
2025-08-13,GOOGL,201.25613403320312,28342900
2025-08-14,GOOGL,202.2327117919922,25230400
2025-08-15,GOOGL,203.18936157226562,34931400
2025-08-18,GOOGL,202.79074096679688,18526600
2025-08-19,GOOGL,200.8675079345703,24240200
2025-08-20,GOOGL,198.62533569335938,28955500
2025-08-21,GOOGL,199.05384826660156,19774600
2025-08-22,GOOGL,205.37173461914062,42827000
2025-08-25,GOOGL,207.7633819580078,29928900
2025-08-26,GOOGL,206.4180908203125,28464100
2025-08-27,GOOGL,206.7568817138672,23022900
2025-08-28,GOOGL,210.9023895263672,32339300
2025-08-29,GOOGL,212.16796875,39728400
2025-09-02,GOOGL,210.61341857910156,47523000
2025-09-03,GOOGL,229.8561248779297,103336100
2025-09-04,GOOGL,231.49038696289062,51684200
2025-09-05,GOOGL,234.1809844970703,46588900
2025-09-08,GOOGL,233.43292236328125,32474700
2025-09-09,GOOGL,239.00843811035156,38061000
2025-09-10,GOOGL,238.54962158203125,35141100
2025-09-11,GOOGL,239.74652099609375,30599300
2025-09-12,GOOGL,240.17539978027344,26771600
2025-09-15,GOOGL,250.95733642578125,58383800
2025-09-16,GOOGL,250.50851440429688,34109700
2025-09-17,GOOGL,248.8827362060547,34108000
2025-09-18,GOOGL,251.37625122070312,31239500
2025-09-19,GOOGL,254.0592803955078,55571400
2025-09-22,GOOGL,251.8749542236328,32290500
2025-09-23,GOOGL,251.00721740722656,26628000
2025-09-24,GOOGL,246.4989471435547,28201000
2025-09-25,GOOGL,245.15243530273438,31020400
2025-09-26,GOOGL,245.90048217773438,18503200
2025-09-29,GOOGL,243.41696166992188,32505800
2025-09-30,GOOGL,242.4694366455078,34724300
2025-10-01,GOOGL,244.26475524902344,31658200
2025-10-02,GOOGL,245.05271911621094,25483300
2025-10-03,GOOGL,244.7135772705078,30249600
2025-10-06,GOOGL,249.78041076660156,28894700
2025-10-07,GOOGL,245.12252807617188,23181300
2025-10-08,GOOGL,243.9854736328125,21307100
2025-10-09,GOOGL,240.9034881591797,27892100
2025-10-10,GOOGL,235.9563446044922,33180300
2025-10-13,GOOGL,243.51670837402344,24995000
2025-10-14,GOOGL,244.81332397460938,22111600
2025-10-15,GOOGL,250.37884521484375,27007700
2025-10-16,GOOGL,250.80772399902344,27997200
2025-10-17,GOOGL,252.64297485351562,29671600
2025-10-20,GOOGL,255.88453674316406,22350200
2025-10-21,GOOGL,249.81031799316406,47312100
2025-10-22,GOOGL,251.0371551513672,35029400
2025-10-23,GOOGL,252.4235382080078,19901400
2025-10-24,GOOGL,259.2458190917969,28655100
2025-10-27,GOOGL,268.5715026855469,35235200
2025-10-28,GOOGL,266.7762145996094,29738600
2025-10-29,GOOGL,273.8578186035156,43580300
2025-10-30,GOOGL,280.7499084472656,74876000
2025-10-31,GOOGL,280.46063232421875,39267900
2025-11-03,GOOGL,282.9840393066406,29786000
2025-11-04,GOOGL,276.8200988769531,30078400
2025-11-05,GOOGL,283.572509765625,31010300
2025-11-06,GOOGL,284.01141357421875,37173600
2025-11-07,GOOGL,278.106689453125,34479600
2025-11-10,GOOGL,289.3475036621094,29557300
2025-11-11,GOOGL,290.55438232421875,19842100
2025-11-12,GOOGL,285.96630859375,24829900
2025-11-13,GOOGL,277.8474426269531,29494000
2025-11-14,GOOGL,275.6930236816406,31647200
2025-11-17,GOOGL,284.2806396484375,52670200
2025-11-18,GOOGL,283.5426330566406,49158700
2025-11-19,GOOGL,292.0504455566406,68198900
2025-11-20,GOOGL,288.69921875,62025200
2025-11-21,GOOGL,298.8826904296875,74137700
2025-11-24,GOOGL,317.75360107421875,85165100
2025-11-25,GOOGL,322.60101318359375,88632100
2025-11-26,GOOGL,319.1201171875,51373400
2025-11-28,GOOGL,319.3494873046875,26018600
2025-12-01,GOOGL,314.0732116699219,41183000
2025-12-02,GOOGL,314.9908142089844,35854700
2025-12-03,GOOGL,318.8009338378906,41838300
2025-12-04,GOOGL,316.7961120605469,31240900
2025-12-05,GOOGL,320.4366149902344,28851700
2025-12-08,GOOGL,313.11090087890625,33909400
2025-12-09,GOOGL,316.4643859863281,30194000
2025-12-10,GOOGL,319.58831787109375,33428900
2025-12-11,GOOGL,311.82342529296875,42353700
2025-12-12,GOOGL,308.68951416015625,35940200
2025-12-15,GOOGL,307.62158203125,29151900
2025-12-16,GOOGL,305.97479248046875,30585000
2025-12-17,GOOGL,296.1439208984375,43930400
2025-12-18,GOOGL,301.8727722167969,33518000
2025-12-19,GOOGL,306.56365966796875,59943200
2025-12-22,GOOGL,309.1785583496094,26429900
2025-12-23,GOOGL,313.73968505859375,25478700
2025-12-24,GOOGL,313.4801940917969,10097400
2025-12-26,GOOGL,312.9013366699219,10899000
2025-12-29,GOOGL,312.95123291015625,19621800
2025-12-30,GOOGL,313.24066162109375,17380900
2025-12-31,GOOGL,312.392333984375,16377700
2026-01-02,GOOGL,314.5381164550781,32009400
2026-01-05,GOOGL,315.9254455566406,30195600
2026-01-06,GOOGL,313.72967529296875,31212100
2026-01-07,GOOGL,321.3548889160156,35104400
2026-01-08,GOOGL,324.80816650390625,31896100
2026-01-09,GOOGL,327.9320983886719,26214200
2026-01-12,GOOGL,331.2156982421875,33923900
2026-01-13,GOOGL,335.31768798828125,33517600
2026-01-14,GOOGL,335.1879577636719,28525600
2026-01-15,GOOGL,332.1339416503906,28442400
2026-01-16,GOOGL,329.35931396484375,40341600
2026-01-20,GOOGL,321.3748474121094,35361000
2026-01-21,GOOGL,327.7424621582031,35386600
2026-01-22,GOOGL,329.89825439453125,26253600
2026-01-23,GOOGL,327.2933349609375,27280000
2026-01-26,GOOGL,332.61297607421875,26042100
2026-01-27,GOOGL,333.90045166015625,21636200
2026-01-28,GOOGL,335.3576354980469,27434400
2026-01-29,GOOGL,337.5932922363281,39785600
2026-01-30,GOOGL,337.3437805175781,31024000
2026-02-02,GOOGL,343.022705078125,32006100
2026-02-03,GOOGL,339.0504455566406,36506700
2026-02-04,GOOGL,332.3934326171875,70618400
2026-02-05,GOOGL,330.6069030761719,88205800
2026-02-06,GOOGL,322.233154296875,56380500
2026-02-09,GOOGL,323.6903381347656,39640100
2026-02-10,GOOGL,317.9614562988281,39170000
2026-02-11,GOOGL,310.35626220703125,45406400
2026-02-12,GOOGL,308.40008544921875,47761300
2026-02-13,GOOGL,305.12646484375,38499700
2026-02-17,GOOGL,301.4336242675781,39247600
2026-02-18,GOOGL,302.7410888671875,28482100
2026-02-19,GOOGL,302.26202392578125,25834400
2026-02-20,GOOGL,314.36846923828125,53210800
2026-02-23,GOOGL,310.8852233886719,31423000
2026-02-24,GOOGL,310.29638671875,25615600
2026-02-25,GOOGL,312.2925109863281,29963600
2026-02-26,GOOGL,306.783203125,36431200
2026-02-27,GOOGL,311.1547546386719,44640600
2026-03-02,GOOGL,305.92486572265625,34790200
2026-03-03,GOOGL,302.9906005859375,35497000
2026-03-04,GOOGL,302.5414733886719,29536200
2026-03-05,GOOGL,300.2958679199219,35752300
2026-03-06,GOOGL,297.9403991699219,25576900
2026-03-09,GOOGL,305.98040771484375,29312100
2026-03-10,GOOGL,306.65960693359375,23239700
2026-03-11,GOOGL,308.31756591796875,24125700
2026-03-12,GOOGL,303.17388916015625,24928300
2026-03-13,GOOGL,301.9054870605469,23693100
2026-03-16,GOOGL,305.1814270019531,23519700
2026-03-17,GOOGL,310.5347900390625,21955200
2026-03-18,GOOGL,307.30877685546875,20009800
2026-03-19,GOOGL,306.7494812011719,25075800
2026-03-20,GOOGL,300.6270751953125,44364100
2026-03-23,GOOGL,301.685791015625,29326900
2026-03-24,GOOGL,290.0801696777344,36864300
2026-03-25,GOOGL,290.5695495605469,29460700
2026-03-26,GOOGL,280.57196044921875,39080600
2026-03-27,GOOGL,274.0001220703125,35890600
2026-03-30,GOOGL,273.1611633300781,35141200
2026-03-31,GOOGL,287.2037353515625,43875400
2026-04-01,GOOGL,297.0215759277344,37684500
2026-04-02,GOOGL,295.403564453125,21666500
2026-04-06,GOOGL,299.6183166503906,16945500
2026-04-07,GOOGL,305.08154296875,23205400
2026-04-08,GOOGL,316.9268798828125,33547100
2026-04-09,GOOGL,318.09539794921875,23739200
2026-04-10,GOOGL,316.8469543457031,19152600
2026-04-13,GOOGL,320.91192626953125,18866400
2026-04-14,GOOGL,332.49755859375,27721400
2026-04-15,GOOGL,336.70233154296875,24918800
2026-04-16,GOOGL,335.6036682128906,20541500
2026-04-17,GOOGL,341.2566833496094,25581900
2026-04-20,GOOGL,337.0019836425781,18784200
2026-04-21,GOOGL,331.8783264160156,23123800
2026-04-22,GOOGL,338.8996276855469,20293000
2026-04-23,GOOGL,338.47015380859375,18650300
2026-04-24,GOOGL,343.9732971191406,26426100
2026-04-27,GOOGL,349.90594482421875,28576900
2026-04-28,GOOGL,349.3466491699219,27824100
2026-04-29,GOOGL,349.5064697265625,35376300
2026-04-30,GOOGL,384.3232421875,72040000
2026-05-01,GOOGL,385.2121887207031,30105200
2026-05-04,GOOGL,382.7751770019531,26298600
2026-05-05,GOOGL,387.9487609863281,23878600
2026-05-06,GOOGL,397.546875,31308500
2026-05-07,GOOGL,397.4969177246094,24433500
2026-05-08,GOOGL,400.3034362792969,21461800
2026-05-11,GOOGL,388.15850830078125,30753700
2026-05-12,GOOGL,386.8701171875,26017500
2026-05-13,GOOGL,402.1211853027344,28144600
2026-05-14,GOOGL,400.5731201171875,21136700
2026-05-15,GOOGL,396.2884216308594,20309700
2026-05-18,GOOGL,396.4482421875,26837200
2026-05-19,GOOGL,387.1797180175781,39545700
2026-05-20,GOOGL,388.4281921386719,31744400
2026-05-21,GOOGL,387.1797180175781,24852800
2026-05-22,GOOGL,382.49554443359375,20442100
2026-05-26,GOOGL,388.398193359375,27747400
2026-05-27,GOOGL,388.3482360839844,23087300
2026-05-28,GOOGL,389.64666748046875,24357500
2026-05-29,GOOGL,379.8687744140625,44415800
2026-06-01,GOOGL,375.9037170410156,28672100
2026-06-02,GOOGL,361.4017028808594,50412300
2026-06-03,GOOGL,358.54522705078125,55441600
2026-06-04,GOOGL,371.7289123535156,44055500
2026-06-05,GOOGL,368.07342529296875,37471200
2026-06-08,GOOGL,363.0766296386719,27942500
2026-06-09,GOOGL,364.0260314941406,29535100
2026-06-10,GOOGL,356.1510925292969,32357100
2026-06-11,GOOGL,357.5401611328125,35538200
2026-06-12,GOOGL,359.4489440917969,24704600
2026-06-15,GOOGL,369.1127624511719,27727500
2026-06-16,GOOGL,373.01025390625,24876100
2026-06-17,GOOGL,363.55633544921875,24543600
2026-06-18,GOOGL,367.7935791015625,44470100
2026-06-22,GOOGL,349.45538330078125,52814800
2026-06-23,GOOGL,345.90765380859375,34007700
2026-06-24,GOOGL,345.0682067871094,44997300
2026-06-25,GOOGL,343.48919677734375,44491400
2026-06-26,GOOGL,337.17327880859375,114706300
2026-06-29,GOOGL,353.4228210449219,34213900
2026-06-30,GOOGL,357.14044189453125,35237200
2026-07-01,GOOGL,360.97796630859375,26736400
2026-07-02,GOOGL,359.6788024902344,25974800
2026-07-06,GOOGL,366.2245788574219,26915800
2026-07-07,GOOGL,366.7942199707031,24045600
2026-07-08,GOOGL,361.6875305175781,22094800
2026-07-09,GOOGL,358.65948486328125,24729100
2026-07-10,GOOGL,356.9505615234375,18146100
2026-07-13,GOOGL,352.2835693359375,15901700
2026-07-14,GOOGL,359.2790832519531,18259400
2026-07-15,GOOGL,370.6817626953125,28284600
2026-07-16,GOOGL,354.2322998046875,41158500
2026-07-17,GOOGL,346.5472412109375,29959300
2026-07-20,GOOGL,351.7638854980469,24736600
2026-07-21,GOOGL,346.927001953125,23369800
2026-07-22,GOOGL,341.8702392578125,39334100
2026-07-23,GOOGL,317.4859313964844,69419700
2026-07-24,GOOGL,319.53460693359375,31806600
2026-07-27,GOOGL,326.3502197265625,28471600
2026-07-28,GOOGL,333.4956359863281,29511900
2026-07-29,GOOGL,336.49371337890625,27501600
2026-07-30,GOOGL,333.4456787109375,30168000
2026-07-31,GOOGL,355.9012451171875,46498000
2026-08-03,GOOGL,373.27008056640625,38669700
2026-08-04,GOOGL,377.40740966796875,35705700
2026-08-05,GOOGL,362.1971740722656,46926300
2026-08-06,GOOGL,357.52020263671875,25235900
2026-08-07,GOOGL,354.0723876953125,19859900
2026-08-10,GOOGL,357.29034423828125,18991400
2026-08-11,GOOGL,343.5791320800781,29081800
2026-08-12,GOOGL,343.3193359375,25012000
2026-08-13,GOOGL,346.13751220703125,17866100
2026-08-14,GOOGL,345.67779541015625,17808600
2026-08-17,GOOGL,343.7790222167969,18291300
2026-08-18,GOOGL,343.9789123535156,19248800
2026-08-19,GOOGL,344.4985656738281,19733800
2026-08-20,GOOGL,340.451171875,18570400
2026-08-21,GOOGL,344.5985107421875,20849800
2026-08-24,GOOGL,347.83642578125,26338200
2026-08-25,GOOGL,346.73712158203125,20649700
2026-08-26,GOOGL,341.7803039550781,20420300
2026-08-27,GOOGL,340.4311828613281,23391400
2026-08-28,GOOGL,346.36737060546875,25347200
2026-08-31,GOOGL,339.13201904296875,33493600
2026-09-01,GOOGL,334.8047790527344,23342700
2026-09-02,GOOGL,336.9034423828125,22582300
2026-09-03,GOOGL,342.260009765625,20726900
2026-09-04,GOOGL,338.4599914550781,23189300
2026-09-08,GOOGL,338.3599853515625,22915800
2026-09-09,GOOGL,330.6499938964844,33151600
2026-09-10,GOOGL,332.6000061035156,23557600
2026-09-11,GOOGL,338.5,24708300
2026-09-14,GOOGL,349.3900146484375,35905400
2026-09-15,GOOGL,344.9800109863281,21928600
2018-01-02,MSFT,78.55203247070312,22483800
2018-01-03,MSFT,78.91761016845703,26061400
2018-01-04,MSFT,79.61221313476562,21912000
2018-01-05,MSFT,80.59923553466797,23407100
2018-01-08,MSFT,80.68150329589844,22113000
2018-01-09,MSFT,80.62664794921875,19484300
2018-01-10,MSFT,80.26104736328125,18652200
2018-01-11,MSFT,80.49872589111328,17808900
2018-01-12,MSFT,81.88785552978516,24271500
2018-01-16,MSFT,80.74549102783203,36599700
2018-01-17,MSFT,82.38139343261719,25621200
2018-01-18,MSFT,82.3448257446289,24159700
2018-01-19,MSFT,82.25343322753906,36875000
2018-01-22,MSFT,83.72484588623047,23601600
2018-01-23,MSFT,83.98990631103516,23412800
2018-01-24,MSFT,83.9167709350586,33277500
2018-01-25,MSFT,84.38290405273438,26383200
2018-01-26,MSFT,85.96397399902344,29172200
2018-01-29,MSFT,85.83602142333984,31569900
2018-01-30,MSFT,84.7575912475586,38635100
2018-01-31,MSFT,86.83221435546875,48756300
2018-02-01,MSFT,86.1467514038086,47227900
2018-02-02,MSFT,83.88021850585938,47867800
2018-02-05,MSFT,80.42558288574219,51031500
2018-02-06,MSFT,83.46893310546875,67998600
2018-02-07,MSFT,81.89700317382812,41107600
2018-02-08,MSFT,77.69295501708984,55628700
2018-02-09,MSFT,80.59008026123047,63499100
2018-02-12,MSFT,81.45831298828125,35720300
2018-02-13,MSFT,82.09808349609375,26407700
2018-02-14,MSFT,83.38357543945312,34960900
2018-02-15,MSFT,85.08230590820312,27823900
2018-02-16,MSFT,84.47624969482422,30596900
2018-02-20,MSFT,85.13737487792969,30911700
2018-02-21,MSFT,84.00798034667969,26922500
2018-02-22,MSFT,84.22834777832031,24392800
2018-02-23,MSFT,86.36779022216797,26329200
2018-02-26,MSFT,87.61656951904297,30199800
2018-02-27,MSFT,86.49633026123047,25869100
2018-02-28,MSFT,86.10150146484375,31167300
2018-03-01,MSFT,85.25675201416016,37135600
2018-03-02,MSFT,85.44039916992188,32830400
2018-03-05,MSFT,85.9821548461914,23901600
2018-03-06,MSFT,85.68831634521484,22175800
2018-03-07,MSFT,86.18415832519531,26716100
2018-03-08,MSFT,86.70752716064453,25887800
2018-03-09,MSFT,88.64496612548828,36937300
2018-03-12,MSFT,88.8561782836914,26073700
2018-03-13,MSFT,86.68916320800781,35387800
2018-03-14,MSFT,86.17495727539062,32132000
2018-03-15,MSFT,86.47799682617188,27611000
2018-03-16,MSFT,86.86361694335938,49081300
2018-03-19,MSFT,85.29347229003906,33344100
2018-03-20,MSFT,85.51384735107422,23075200
2018-03-21,MSFT,84.91699981689453,24457100
2018-03-22,MSFT,82.44698333740234,38604700
2018-03-23,MSFT,80.05044555664062,44068900
2018-03-26,MSFT,86.1106948852539,56396800
2018-03-27,MSFT,82.15316009521484,56569000
2018-03-28,MSFT,82.07970428466797,52501100
2018-03-29,MSFT,83.80595397949219,45867500
2018-04-02,MSFT,81.28083801269531,48515400
2018-04-03,MSFT,82.37353515625,37213800
2018-04-04,MSFT,84.779296875,35560000
2018-04-05,MSFT,84.8251724243164,29771900
2018-04-06,MSFT,82.85100555419922,38026000
2018-04-09,MSFT,83.34683227539062,31533900
2018-04-10,MSFT,85.28429412841797,26812000
2018-04-11,MSFT,84.34770202636719,24872100
2018-04-12,MSFT,85.92701721191406,26758900
2018-04-13,MSFT,85.46794128417969,23346100
2018-04-16,MSFT,86.4687728881836,20288100
2018-04-17,MSFT,88.21343231201172,26771000
2018-04-18,MSFT,88.55316925048828,21043300
2018-04-19,MSFT,88.25016784667969,23552500
2018-04-20,MSFT,87.23090362548828,31154400
2018-04-23,MSFT,87.55230712890625,22331800
2018-04-24,MSFT,85.50467681884766,34524800
2018-04-25,MSFT,84.76090240478516,33729300
2018-04-26,MSFT,86.55142974853516,42529000
2018-04-27,MSFT,87.98387145996094,48272800
2018-04-30,MSFT,85.8719482421875,41523600
2018-05-01,MSFT,87.23090362548828,31408900
2018-05-02,MSFT,85.86277770996094,27471000
2018-05-03,MSFT,86.37696075439453,31142500
2018-05-04,MSFT,87.37782287597656,22531300
2018-05-07,MSFT,88.35115814208984,24242000
2018-05-08,MSFT,87.97466278076172,23484600
2018-05-09,MSFT,89.01229095458984,27327400
2018-05-10,MSFT,89.90294647216797,22388100
2018-05-11,MSFT,89.7100830078125,16778300
2018-05-14,MSFT,90.01312255859375,19454100
2018-05-15,MSFT,89.3611831665039,24594000
2018-05-16,MSFT,89.59173583984375,17384700
2018-05-17,MSFT,88.69721221923828,17246700
2018-05-18,MSFT,88.86319732666016,17865800
2018-05-21,MSFT,90.00672912597656,19422500
2018-05-22,MSFT,89.91449737548828,15441200
2018-05-23,MSFT,90.98426818847656,21251200
2018-05-24,MSFT,90.66149139404297,26649300
2018-05-25,MSFT,90.70759582519531,18363900
2018-05-29,MSFT,90.38484191894531,28671000
2018-05-30,MSFT,91.25167083740234,22158500
2018-05-31,MSFT,91.1502685546875,34140900
2018-06-01,MSFT,92.94852447509766,28655600
2018-06-04,MSFT,93.76011657714844,27281600
2018-06-05,MSFT,94.2396240234375,23514400
2018-06-06,MSFT,94.51629638671875,21122900
2018-06-07,MSFT,93.03153991699219,28232200
2018-06-08,MSFT,93.72319793701172,22165100
2018-06-11,MSFT,93.18832397460938,23490900
2018-06-12,MSFT,93.42808532714844,18325200
2018-06-13,MSFT,93.00389862060547,29492900
2018-06-14,MSFT,93.52951049804688,25691800
2018-06-15,MSFT,92.33989715576172,65738600
2018-06-18,MSFT,93.01311492919922,23586000
2018-06-19,MSFT,93.01311492919922,28653100
2018-06-20,MSFT,93.94454193115234,26180800
2018-06-21,MSFT,93.27132415771484,23198200
2018-06-22,MSFT,92.59811401367188,38923100
2018-06-25,MSFT,90.73529815673828,35433300
2018-06-26,MSFT,91.37159729003906,26897200
2018-06-27,MSFT,89.951416015625,31298400
2018-06-28,MSFT,90.95661163330078,26650700
2018-06-29,MSFT,90.9381332397461,28053200
2018-07-02,MSFT,92.22921752929688,19564500
2018-07-03,MSFT,91.34392547607422,14670300
2018-07-05,MSFT,91.99868774414062,18977400
2018-07-06,MSFT,93.28975677490234,19234600
2018-07-09,MSFT,93.92607879638672,18212000
2018-07-10,MSFT,94.17507934570312,19293100
2018-07-11,MSFT,94.04595184326172,19644600
2018-07-12,MSFT,96.08404541015625,24335900
2018-07-13,MSFT,97.22754669189453,24635200
2018-07-16,MSFT,96.74803924560547,21786900
2018-07-17,MSFT,97.70712280273438,25901700
2018-07-18,MSFT,96.94170379638672,29493900
2018-07-19,MSFT,96.27772521972656,40171600
2018-07-20,MSFT,98.002197265625,56004000
2018-07-23,MSFT,99.56993865966797,29707000
2018-07-24,MSFT,99.2840576171875,26316600
2018-07-25,MSFT,102.20743560791016,30702100
2018-07-26,MSFT,101.09156036376953,31372100
2018-07-27,MSFT,99.30252838134766,37005300
2018-07-30,MSFT,97.17222595214844,34668300
2018-07-31,MSFT,97.82699584960938,27655200
2018-08-01,MSFT,98.01141357421875,23628700
2018-08-02,MSFT,99.2010726928711,26104300
2018-08-03,MSFT,99.63450622558594,18659600
2018-08-06,MSFT,99.71749114990234,20265900
2018-08-07,MSFT,100.40914154052734,16080200
2018-08-08,MSFT,100.9716567993164,15487500
2018-08-09,MSFT,101.1376953125,13677200
2018-08-10,MSFT,100.51982116699219,18183700
2018-08-13,MSFT,99.79126739501953,18472500
2018-08-14,MSFT,101.03626251220703,16788300
2018-08-15,MSFT,99.66614532470703,29982800
2018-08-16,MSFT,99.64763641357422,21384300
2018-08-17,MSFT,99.59207916259766,18061500
2018-08-20,MSFT,98.934814453125,17914200
2018-08-21,MSFT,98.11090087890625,22881900
2018-08-22,MSFT,99.11067199707031,18000600
2018-08-23,MSFT,99.57357025146484,18167700
2018-08-24,MSFT,100.35118103027344,17234000
2018-08-27,MSFT,101.46208953857422,19662300
2018-08-28,MSFT,102.07308197021484,19151500
2018-08-29,MSFT,103.70242309570312,20818000
2018-08-30,MSFT,103.63758087158203,22798700
2018-08-31,MSFT,103.98938751220703,23222700
2018-09-04,MSFT,103.41541290283203,22634600
2018-09-05,MSFT,100.43449401855469,32872400
2018-09-06,MSFT,100.66593170166016,23477600
2018-09-07,MSFT,100.17530059814453,22498600
2018-09-10,MSFT,101.25843811035156,20727900
2018-09-11,MSFT,102.9803237915039,24301800
2018-09-12,MSFT,103.41541290283203,18891100
2018-09-13,MSFT,104.52630615234375,26055600
2018-09-14,MSFT,104.9521713256836,19122300
2018-09-17,MSFT,103.81351470947266,20736500
2018-09-18,MSFT,104.8040542602539,22170900
2018-09-19,MSFT,103.40617370605469,21728400
2018-09-20,MSFT,105.13731384277344,23714500
2018-09-21,MSFT,105.77606964111328,71229700
2018-09-24,MSFT,106.1556625366211,27334500
2018-09-25,MSFT,105.95198059082031,22668000
2018-09-26,MSFT,105.51687622070312,19352000
2018-09-27,MSFT,105.91494750976562,19091300
2018-09-28,MSFT,105.87791442871094,21647800
2018-10-01,MSFT,107.02586364746094,18883100
2018-10-02,MSFT,106.59999084472656,20787200
2018-10-03,MSFT,106.6185302734375,16648000
2018-10-04,MSFT,104.41523742675781,34821700
2018-10-05,MSFT,103.80422973632812,29068900
2018-10-08,MSFT,102.61927032470703,29640600
2018-10-09,MSFT,103.92460632324219,26198600
2018-10-10,MSFT,98.27751159667969,61376300
2018-10-11,MSFT,98.04607391357422,63904300
2018-10-12,MSFT,101.43431854248047,47742100
2018-10-15,MSFT,99.61060333251953,32068100
2018-10-16,MSFT,102.75813293457031,31610200
2018-10-17,MSFT,102.48966217041016,26548200
2018-10-18,MSFT,100.44377136230469,32506200
2018-10-19,MSFT,100.5918960571289,32785500
2018-10-22,MSFT,101.48986053466797,26545600
2018-10-23,MSFT,100.073486328125,43770400
2018-10-24,MSFT,94.72265625,63897800
2018-10-25,MSFT,100.2586441040039,61646800
2018-10-26,MSFT,99.01811218261719,55523100
2018-10-29,MSFT,96.1390380859375,55162000
2018-10-30,MSFT,96.0279541015625,65350900
2018-10-31,MSFT,98.8792495727539,51062400
2018-11-01,MSFT,98.05532836914062,33384200
2018-11-02,MSFT,98.27751159667969,37680200
2018-11-05,MSFT,99.52727508544922,27922100
2018-11-06,MSFT,99.72169494628906,24340200
2018-11-07,MSFT,103.64686584472656,37901700
2018-11-08,MSFT,103.45246887207031,25644100
2018-11-09,MSFT,101.43431854248047,32039200
2018-11-12,MSFT,98.934814453125,33621800
2018-11-13,MSFT,98.9996109008789,35374600
2018-11-14,MSFT,97.59567260742188,39495100
2018-11-15,MSFT,99.74340057373047,38505200
2018-11-16,MSFT,100.68245697021484,33502100
2018-11-19,MSFT,97.270263671875,44773900
2018-11-20,MSFT,94.56470489501953,64052500
2018-11-21,MSFT,95.86634826660156,28130600
2018-11-23,MSFT,95.82917022705078,13823100
2018-11-26,MSFT,98.99031066894531,32336200
2018-11-27,MSFT,99.61322021484375,29124500
2018-11-28,MSFT,103.3136215209961,46788500
2018-11-29,MSFT,102.44896697998047,28123200
2018-11-30,MSFT,103.09978485107422,33665600
2018-12-03,MSFT,104.21548461914062,34732800
2018-12-04,MSFT,100.89627075195312,45197000
2018-12-06,MSFT,101.51922607421875,49107400
2018-12-07,MSFT,97.45620727539062,45044900
2018-12-10,MSFT,100.0316390991211,40801500
2018-12-11,MSFT,100.96138000488281,42381900
2018-12-12,MSFT,101.4169692993164,36183000
2018-12-13,MSFT,101.76095581054688,31333400
2018-12-14,MSFT,98.58122253417969,47043100
2018-12-17,MSFT,95.66182708740234,56957300
2018-12-18,MSFT,96.66590118408203,49319200
2018-12-19,MSFT,96.40560150146484,68198200
2018-12-20,MSFT,94.37876892089844,70334200
2018-12-21,MSFT,91.32917785644531,111242100
2018-12-24,MSFT,87.51722717285156,43935200
2018-12-26,MSFT,93.49549865722656,51634800
2018-12-27,MSFT,94.0719223022461,49498500
2018-12-28,MSFT,93.33744049072266,38196300
2018-12-31,MSFT,94.43453216552734,33173800
2019-01-02,MSFT,94.01615905761719,35329300
2019-01-03,MSFT,90.55748748779297,42579100
2019-01-04,MSFT,94.76924133300781,44060600
2019-01-07,MSFT,94.8901138305664,35656100
2019-01-08,MSFT,95.57813262939453,31514400
2019-01-09,MSFT,96.9448471069336,32280800
2019-01-10,MSFT,96.32190704345703,30067600
2019-01-11,MSFT,95.57813262939453,28314200
2019-01-14,MSFT,94.88081359863281,28437100
2019-01-15,MSFT,97.63286590576172,31587600
2019-01-16,MSFT,97.97686767578125,29853900
2019-01-17,MSFT,98.66487121582031,28393000
2019-01-18,MSFT,100.14319610595703,37427600
2019-01-22,MSFT,98.25579833984375,32371300
2019-01-23,MSFT,99.21347045898438,25874300
2019-01-24,MSFT,98.73925018310547,23164800
2019-01-25,MSFT,99.64112091064453,31225600
2019-01-28,MSFT,97.69793701171875,29476700
2019-01-29,MSFT,95.70830535888672,31490500
2019-01-30,MSFT,98.9066162109375,49471900
2019-01-31,MSFT,97.0936050415039,55636400
2019-02-01,MSFT,95.55953979492188,35535700
2019-02-04,MSFT,98.31158447265625,31315100
2019-02-05,MSFT,99.68761444091797,27325400
2019-02-06,MSFT,98.58122253417969,20609800
2019-02-07,MSFT,97.8746109008789,29760700
2019-02-08,MSFT,98.24650573730469,21461100
2019-02-11,MSFT,97.85602569580078,18914100
2019-02-12,MSFT,99.38081359863281,25056600
2019-02-13,MSFT,99.3064193725586,18394900
2019-02-14,MSFT,99.39009094238281,21784700
2019-02-15,MSFT,100.61738586425781,26606900
2019-02-19,MSFT,100.57086944580078,18038500
2019-02-20,MSFT,100.0479965209961,21607700
2019-02-21,MSFT,102.1582260131836,29063200
2019-02-22,MSFT,103.61479187011719,27763200
2019-02-25,MSFT,104.19369506835938,23750600
2019-02-26,MSFT,104.91268157958984,21536700
2019-02-27,MSFT,104.73526000976562,21487100
2019-02-28,MSFT,104.60454559326172,29083900
2019-03-01,MSFT,105.0713882446289,23501200
2019-03-04,MSFT,104.81929779052734,26608000
2019-03-05,MSFT,104.29640197753906,19538300
2019-03-06,MSFT,104.34309387207031,17687000
2019-03-07,MSFT,103.07324981689453,25339000
2019-03-08,MSFT,103.185302734375,22818400
2019-03-11,MSFT,105.35151672363281,26491600
2019-03-12,MSFT,106.08915710449219,26132700
2019-03-13,MSFT,106.91082763671875,35513800
2019-03-14,MSFT,106.99484252929688,30763400
2019-03-15,MSFT,108.22736358642578,54681100
2019-03-18,MSFT,109.77733612060547,31207600
2019-03-19,MSFT,109.85205841064453,37588700
2019-03-20,MSFT,109.73065185546875,28113300
2019-03-21,MSFT,112.25169372558594,29854400
2019-03-22,MSFT,109.29181671142578,33624500
2019-03-25,MSFT,109.86139678955078,27067100
2019-03-26,MSFT,110.09479522705078,26097700
2019-03-27,MSFT,109.03038024902344,22733400
2019-03-28,MSFT,109.17977142333984,18334800
2019-03-29,MSFT,110.12283325195312,25399800
2019-04-01,MSFT,111.13124084472656,22789100
2019-04-02,MSFT,111.28995513916016,18142300
2019-04-03,MSFT,112.0182876586914,22860700
2019-04-04,MSFT,111.4487075805664,20112800
2019-04-05,MSFT,111.94356536865234,15826200
2019-04-08,MSFT,111.98092651367188,15116200
2019-04-09,MSFT,111.3740005493164,17612000
2019-04-10,MSFT,112.22370147705078,16477200
2019-04-11,MSFT,112.35440063476562,14209100
2019-04-12,MSFT,112.93333435058594,19745100
2019-04-15,MSFT,113.02668762207031,15792600
2019-04-16,MSFT,112.7652587890625,14071800
2019-04-17,MSFT,113.69895935058594,19300900
2019-04-18,MSFT,115.19291687011719,27991000
2019-04-22,MSFT,115.55706024169922,15648700
2019-04-23,MSFT,117.1257095336914,24025500
2019-04-24,MSFT,116.72421264648438,31257000
2019-04-25,MSFT,120.58979797363281,38033900
2019-04-26,MSFT,121.28077697753906,23654900
2019-04-29,MSFT,121.16873168945312,16324200
2019-04-30,MSFT,121.94373321533203,24166500
2019-05-01,MSFT,119.40399169921875,26821700
2019-05-02,MSFT,117.84468841552734,27350200
2019-05-03,MSFT,120.35636901855469,24911100
2019-05-06,MSFT,119.65606689453125,24239800
2019-05-07,MSFT,117.20038604736328,36017700
2019-05-08,MSFT,117.19107055664062,28419000
2019-05-09,MSFT,117.18174743652344,27235800
2019-05-10,MSFT,118.70367431640625,30915100
2019-05-13,MSFT,115.17424011230469,33944900
2019-05-14,MSFT,116.46278381347656,25266300
2019-05-15,MSFT,118.10281372070312,24722700
2019-05-16,MSFT,120.83000183105469,30112200
2019-05-17,MSFT,120.02404022216797,25770500
2019-05-20,MSFT,118.2902603149414,23706900
2019-05-21,MSFT,118.92754364013672,15293300
2019-05-22,MSFT,119.649169921875,15396500
2019-05-23,MSFT,118.25277709960938,23603800
2019-05-24,MSFT,118.30902099609375,14123400
2019-05-28,MSFT,118.2340316772461,23128400
2019-05-29,MSFT,117.0906753540039,22763100
2019-05-30,MSFT,117.8310317993164,16829600
2019-05-31,MSFT,115.90982818603516,26646800
2019-06-03,MSFT,112.31107330322266,37983600
2019-06-04,MSFT,115.4225082397461,29382600
2019-06-05,MSFT,117.92475891113281,24926100
2019-06-06,MSFT,119.78973388671875,21459000
2019-06-07,MSFT,123.14481353759766,33885600
2019-06-10,MSFT,124.26945495605469,26477100
2019-06-11,MSFT,123.80084991455078,23913700
2019-06-12,MSFT,123.22917175292969,17092500
2019-06-13,MSFT,124.00706481933594,17200800
2019-06-14,MSFT,124.12890625,17821700
2019-06-17,MSFT,124.50373840332031,14517800
2019-06-18,MSFT,126.6686019897461,25934500
2019-06-19,MSFT,127.16534423828125,23744400
2019-06-20,MSFT,128.34608459472656,33042600
2019-06-21,MSFT,128.36488342285156,36727900
2019-06-24,MSFT,129.12400817871094,20628800
2019-06-25,MSFT,125.04727935791016,33327400
2019-06-26,MSFT,125.51592254638672,23657700
2019-06-27,MSFT,125.72207641601562,16557500
2019-06-28,MSFT,125.54402160644531,30043000
2019-07-01,MSFT,127.15593719482422,22613500
2019-07-02,MSFT,127.99946594238281,15237800
2019-07-03,MSFT,128.82412719726562,13629300
2019-07-05,MSFT,128.44920349121094,18141100
2019-07-08,MSFT,128.3555450439453,16779700
2019-07-09,MSFT,127.88697052001953,19953100
2019-07-10,MSFT,129.18963623046875,24204400
2019-07-11,MSFT,129.70506286621094,22327900
2019-07-12,MSFT,130.17367553710938,18936800
2019-07-15,MSFT,130.17367553710938,16651500
2019-07-16,MSFT,128.468017578125,22726100
2019-07-17,MSFT,127.70887756347656,20211000
2019-07-18,MSFT,127.84941864013672,30381800
2019-07-19,MSFT,128.036865234375,48992400
2019-07-22,MSFT,129.73318481445312,25074900
2019-07-23,MSFT,130.53912353515625,18034600
2019-07-24,MSFT,131.87928771972656,20738300
2019-07-25,MSFT,131.38262939453125,18356900
2019-07-26,MSFT,132.46035766601562,19037600
2019-07-29,MSFT,132.1698455810547,16605900
2019-07-30,MSFT,131.53253173828125,16846500
2019-07-31,MSFT,127.70887756347656,38598800
2019-08-01,MSFT,129.3864288330078,40557500
2019-08-02,MSFT,128.29928588867188,30791600
2019-08-05,MSFT,123.90393829345703,42749600
2019-08-06,MSFT,126.2281494140625,32696700
2019-08-07,MSFT,126.78104400634766,33414500
2019-08-08,MSFT,130.16427612304688,27496500
2019-08-09,MSFT,129.0584259033203,23466700
2019-08-12,MSFT,127.259033203125,20484300
2019-08-13,MSFT,129.89248657226562,25154600
2019-08-14,MSFT,125.9808578491211,32527300
2019-08-15,MSFT,125.69873809814453,28074400
2019-08-16,MSFT,128.0025177001953,24449100
2019-08-19,MSFT,130.1463623046875,24355700
2019-08-20,MSFT,129.06504821777344,21170800
2019-08-21,MSFT,130.50372314453125,14970300
2019-08-22,MSFT,129.55398559570312,18697000
2019-08-23,MSFT,125.42607879638672,38508600
2019-08-26,MSFT,127.3631362915039,20312600
2019-08-27,MSFT,127.63580322265625,23102100
2019-08-28,MSFT,127.46653747558594,17393300
2019-08-29,MSFT,129.8736572265625,20168700
2019-08-30,MSFT,129.62921142578125,23940100
2019-09-03,MSFT,127.91790008544922,18869300
2019-09-04,MSFT,129.4129638671875,17995900
2019-09-05,MSFT,131.68846130371094,26101800
2019-09-06,MSFT,130.79519653320312,20824500
2019-09-09,MSFT,129.30950927734375,25773900
2019-09-10,MSFT,127.95548248291016,28903400
2019-09-11,MSFT,127.99310302734375,24726100
2019-09-12,MSFT,129.30950927734375,27010000
2019-09-13,MSFT,129.1214599609375,23363100
2019-09-16,MSFT,128.1905975341797,16731400
2019-09-17,MSFT,129.18728637695312,17814200
2019-09-18,MSFT,130.2498016357422,23982100
2019-09-19,MSFT,132.64759826660156,35772100
2019-09-20,MSFT,131.11488342285156,39167300
2019-09-23,MSFT,130.83277893066406,17139300
2019-09-24,MSFT,129.17787170410156,29773200
2019-09-25,MSFT,131.03968811035156,21382000
2019-09-26,MSFT,131.20889282226562,17456600
2019-09-27,MSFT,129.50697326660156,22477700
2019-09-30,MSFT,130.72938537597656,17280900
2019-10-01,MSFT,128.8864288330078,21466600
2019-10-02,MSFT,126.6108627319336,30521700
2019-10-03,MSFT,128.14353942871094,24132900
2019-10-04,MSFT,129.8736572265625,22897700
2019-10-07,MSFT,128.93336486816406,15303700
2019-10-08,MSFT,127.56995391845703,25550500
2019-10-09,MSFT,129.98655700683594,19749900
2019-10-10,MSFT,130.79519653320312,17654600
2019-10-11,MSFT,131.34051513671875,25446000
2019-10-14,MSFT,131.21832275390625,13304300
2019-10-15,MSFT,133.11773681640625,19695700
2019-10-16,MSFT,132.02699279785156,20751600
2019-10-17,MSFT,131.3499755859375,21460600
2019-10-18,MSFT,129.20608520507812,32273500
2019-10-21,MSFT,130.16519165039062,20078200
2019-10-22,MSFT,128.22813415527344,27431000
2019-10-23,MSFT,129.0462188720703,29844600
2019-10-24,MSFT,131.58506774902344,37029300
2019-10-25,MSFT,132.32791137695312,25959700
2019-10-28,MSFT,135.58128356933594,35280100
2019-10-29,MSFT,134.30250549316406,20589500
2019-10-30,MSFT,135.9761505126953,18496600
2019-10-31,MSFT,134.81024169921875,24605100
2019-11-01,MSFT,135.1393585205078,33128400
2019-11-04,MSFT,135.9197998046875,16912000
2019-11-05,MSFT,135.83518981933594,18250200
2019-11-06,MSFT,135.45901489257812,16575800
2019-11-07,MSFT,135.64710998535156,17786700
2019-11-08,MSFT,137.2456512451172,16732700
2019-11-11,MSFT,137.38668823242188,14362600
2019-11-12,MSFT,138.28932189941406,18641600
2019-11-13,MSFT,138.5150604248047,16919200
2019-11-14,MSFT,139.22023010253906,19729800
2019-11-15,MSFT,141.01620483398438,23485700
2019-11-18,MSFT,141.36412048339844,21534000
2019-11-19,MSFT,141.4111328125,23935700
2019-11-20,MSFT,141.16578674316406,25696800
2019-11-21,MSFT,141.03370666503906,18576100
2019-11-22,MSFT,141.1374969482422,15901800
2019-11-25,MSFT,142.6848602294922,22420900
2019-11-26,MSFT,143.43963623046875,24620100
2019-11-27,MSFT,143.7132568359375,15184400
2019-11-29,MSFT,142.8263397216797,11977300
2019-12-02,MSFT,141.09974670410156,27418400
2019-12-03,MSFT,140.87330627441406,24066000
2019-12-04,MSFT,141.38278198242188,17574700
2019-12-05,MSFT,141.45826721191406,17869100
2019-12-06,MSFT,143.17544555664062,16403500
2019-12-09,MSFT,142.80747985839844,16687400
2019-12-10,MSFT,142.59051513671875,16476100
2019-12-11,MSFT,143.1282958984375,18856600
2019-12-12,MSFT,144.58128356933594,24612100
2019-12-13,MSFT,145.79835510253906,23845400
2019-12-16,MSFT,146.7418975830078,24144200
2019-12-17,MSFT,145.94935607910156,25425600
2019-12-18,MSFT,145.6474609375,24129200
2019-12-19,MSFT,146.9116973876953,24958900
2019-12-20,MSFT,148.51565551757812,53477500
2019-12-23,MSFT,148.51565551757812,17718200
2019-12-24,MSFT,148.4873504638672,8989200
2019-12-26,MSFT,149.70445251464844,14520600
2019-12-27,MSFT,149.97808837890625,18412800
2019-12-30,MSFT,148.6854705810547,16348400
2019-12-31,MSFT,148.78924560546875,18369400
2020-01-02,MSFT,151.5442657470703,22622100
2020-01-03,MSFT,149.6572723388672,21116200
2020-01-06,MSFT,150.04412841796875,20813700
2020-01-07,MSFT,148.676025390625,21634100
2020-01-08,MSFT,151.04420471191406,27746500
2020-01-09,MSFT,152.93124389648438,21385000
2020-01-10,MSFT,152.2235870361328,20725900
2020-01-13,MSFT,154.05392456054688,21626500
2020-01-14,MSFT,152.9689178466797,23477400
2020-01-15,MSFT,153.95960998535156,21417900
2020-01-16,MSFT,156.78067016601562,23865400
2020-01-17,MSFT,157.65809631347656,34371700
2020-01-21,MSFT,157.09202575683594,29517200
2020-01-22,MSFT,156.33718872070312,24138800
2020-01-23,MSFT,157.29959106445312,19680800
2020-01-24,MSFT,155.71449279785156,24918100
2020-01-27,MSFT,153.11045837402344,32078100
2020-01-28,MSFT,156.11080932617188,24899900
2020-01-29,MSFT,158.5449981689453,34754500
2020-01-30,MSFT,163.01718139648438,51597500
2020-01-31,MSFT,160.6112518310547,36142700
2020-02-03,MSFT,164.52674865722656,30107000
2020-02-04,MSFT,169.94244384765625,36433300
2020-02-05,MSFT,169.73484802246094,39186300
2020-02-06,MSFT,173.25408935546875,27751400
2020-02-07,MSFT,173.4993896484375,33529100
2020-02-10,MSFT,178.03762817382812,35844300
2020-02-11,MSFT,174.01834106445312,53159900
2020-02-12,MSFT,174.2730712890625,47062900
2020-02-13,MSFT,173.32955932617188,35295800
2020-02-14,MSFT,174.87692260742188,23149500
2020-02-18,MSFT,176.65072631835938,27792200
2020-02-19,MSFT,177.18045043945312,29997500
2020-02-20,MSFT,174.47470092773438,36862400
2020-02-21,MSFT,168.9591064453125,48572600
2020-02-24,MSFT,161.6743621826172,68311100
2020-02-25,MSFT,159.0064239501953,68073300
2020-02-26,MSFT,160.9931640625,56206100
2020-02-27,MSFT,149.64976501464844,93174900
2020-02-28,MSFT,153.27320861816406,97012700
2020-03-02,MSFT,163.47190856933594,71030800
2020-03-03,MSFT,155.638427734375,71677000
2020-03-04,MSFT,161.35269165039062,49814400
2020-03-05,MSFT,157.30349731445312,47817300
2020-03-06,MSFT,152.85696411132812,72821100
2020-03-09,MSFT,142.49745178222656,70419300
2020-03-10,MSFT,152.2419891357422,65354400
2020-03-11,MSFT,145.34510803222656,56371600
2020-03-12,MSFT,131.56082153320312,93226400
2020-03-13,MSFT,150.26473999023438,92727400
2020-03-16,MSFT,128.11717224121094,87905900
2020-03-17,MSFT,138.66587829589844,81059800
2020-03-18,MSFT,132.82859802246094,81593200
2020-03-19,MSFT,135.01405334472656,85922700
2020-03-20,MSFT,129.94308471679688,84866200
2020-03-23,MSFT,128.64695739746094,78975200
2020-03-24,MSFT,140.34042358398438,82516700
2020-03-25,MSFT,138.99697875976562,75638200
2020-03-26,MSFT,147.69143676757812,64568100
2020-03-27,MSFT,141.6270751953125,57042300
2020-03-30,MSFT,151.5892333984375,63420300
2020-03-31,MSFT,149.20510864257812,77927200
2020-04-01,MSFT,143.90713500976562,57969900
2020-04-02,MSFT,146.88723754882812,49630700
2020-04-03,MSFT,145.53433227539062,41243300
2020-04-06,MSFT,156.357421875,67111700
2020-04-07,MSFT,154.67343139648438,62769000
2020-04-08,MSFT,156.22500610351562,48318200
2020-04-09,MSFT,156.2344207763672,51385100
2020-04-13,MSFT,156.58447265625,41905300
2020-04-14,MSFT,164.3328094482422,52874300
2020-04-15,MSFT,162.61093139648438,40940800
2020-04-16,MSFT,167.49270629882812,50479600
2020-04-17,MSFT,168.96861267089844,52765600
2020-04-20,MSFT,165.61949157714844,36669600
2020-04-21,MSFT,158.7698974609375,56203700
2020-04-22,MSFT,164.1625213623047,34620200
2020-04-23,MSFT,162.17576599121094,32790800
2020-04-24,MSFT,165.13694763183594,34277600
2020-04-27,MSFT,164.66395568847656,33194400
2020-04-28,MSFT,160.652587890625,34392700
2020-04-29,MSFT,167.86170959472656,51286600
2020-04-30,MSFT,169.5457000732422,53875900
2020-05-01,MSFT,165.15589904785156,39370500
2020-05-04,MSFT,169.19561767578125,30372900
2020-05-05,MSFT,171.0120849609375,36839200
2020-05-06,MSFT,172.6960906982422,32139300
2020-05-07,MSFT,173.69895935058594,28316000
2020-05-08,MSFT,174.720703125,30877800
2020-05-11,MSFT,176.6696319580078,30892700
2020-05-12,MSFT,172.66770935058594,32038200
2020-05-13,MSFT,170.0565643310547,44711500
2020-05-14,MSFT,170.79444885253906,41873900
2020-05-15,MSFT,173.28268432617188,46610400
2020-05-18,MSFT,174.93826293945312,35264500
2020-05-19,MSFT,173.72731018066406,26799100
2020-05-20,MSFT,176.1370849609375,31261300
2020-05-21,MSFT,174.02142333984375,29119500
2020-05-22,MSFT,174.09725952148438,20826900
2020-05-26,MSFT,172.25682067871094,36073600
2020-05-27,MSFT,172.4845428466797,39517100
2020-05-28,MSFT,172.09555053710938,33810200
2020-05-29,MSFT,173.85064697265625,42130400
2020-06-01,MSFT,173.4521942138672,22622400
2020-06-02,MSFT,175.42552185058594,30794600
2020-06-03,MSFT,175.85243225097656,27311000
2020-06-04,MSFT,173.53753662109375,28761800
2020-06-05,MSFT,177.59805297851562,39893600
2020-06-08,MSFT,178.6985626220703,33211600
2020-06-09,MSFT,180.064697265625,29783900
2020-06-10,MSFT,186.7435760498047,43872300
2020-06-11,MSFT,176.7157440185547,52854700
2020-06-12,MSFT,178.1103515625,43373600
2020-06-15,MSFT,179.2488250732422,32770200
2020-06-16,MSFT,183.641357421875,42556700
2020-06-17,MSFT,184.2769317626953,25687800
2020-06-18,MSFT,186.250244140625,23061600
2020-06-19,MSFT,185.1403045654297,44441100
2020-06-22,MSFT,190.28228759765625,32818900
2020-06-23,MSFT,191.55352783203125,30917400
2020-06-24,MSFT,187.69227600097656,36740600
2020-06-25,MSFT,190.06402587890625,27803900
2020-06-26,MSFT,186.25973510742188,54675800
2020-06-29,MSFT,188.26156616210938,26701600
2020-06-30,MSFT,193.07144165039062,34310300
2020-07-01,MSFT,194.20037841796875,32061200
2020-07-02,MSFT,195.680419921875,29315800
2020-07-06,MSFT,199.89271545410156,31897600
2020-07-07,MSFT,197.56832885742188,33600700
2020-07-08,MSFT,201.9134521484375,33600000
2020-07-09,MSFT,203.32699584960938,33121700
2020-07-10,MSFT,202.71031188964844,26177600
2020-07-13,MSFT,196.44886779785156,38135600
2020-07-14,MSFT,197.66322326660156,37591800
2020-07-15,MSFT,197.36911010742188,32179400
2020-07-16,MSFT,193.46046447753906,29940700
2020-07-17,MSFT,192.4737548828125,31635300
2020-07-20,MSFT,200.7465057373047,36884800
2020-07-21,MSFT,198.042724609375,37990400
2020-07-22,MSFT,200.8888397216797,49605700
2020-07-23,MSFT,192.15121459960938,67457000
2020-07-24,MSFT,190.97483825683594,39827000
2020-07-27,MSFT,193.39404296875,30160900
2020-07-28,MSFT,191.6578826904297,23251400
2020-07-29,MSFT,193.59327697753906,19632600
2020-07-30,MSFT,193.44146728515625,25079600
2020-07-31,MSFT,194.49453735351562,51044000
2020-08-03,MSFT,205.43312072753906,78983000
2020-08-04,MSFT,202.34982299804688,49280100
2020-08-05,MSFT,202.01780700683594,28806400
2020-08-06,MSFT,205.25289916992188,32656800
2020-08-07,MSFT,201.58139038085938,27820400
2020-08-10,MSFT,197.56832885742188,36716500
2020-08-11,MSFT,192.94815063476562,36446500
2020-08-12,MSFT,198.46011352539062,28013100
2020-08-13,MSFT,197.99525451660156,22588900
2020-08-14,MSFT,198.1849822998047,17958900
2020-08-17,MSFT,199.49420166015625,20184800
2020-08-18,MSFT,200.64215087890625,21336200
2020-08-19,MSFT,199.4248809814453,27627600
2020-08-20,MSFT,204.0657958984375,26981500
2020-08-21,MSFT,202.58221435546875,36249300
2020-08-24,MSFT,203.2193603515625,25460100
2020-08-25,MSFT,205.86317443847656,23043700
2020-08-26,MSFT,210.31382751464844,39600800
2020-08-27,MSFT,215.47775268554688,57602200
2020-08-28,MSFT,217.69358825683594,26292900
2020-08-31,MSFT,214.479248046875,28774200
2020-09-01,MSFT,216.13397216796875,25725500
2020-09-02,MSFT,220.29934692382812,34080800
2020-09-03,MSFT,206.6524658203125,58400300
2020-09-04,MSFT,203.75193786621094,59664100
2020-09-08,MSFT,192.7298583984375,52924300
2020-09-09,MSFT,200.9369659423828,45679000
2020-09-10,MSFT,195.30706787109375,35461500
2020-09-11,MSFT,194.03274536132812,33620100
2020-09-14,MSFT,195.3450927734375,30375800
2020-09-15,MSFT,198.5499267578125,21823900
2020-09-16,MSFT,195.00270080566406,26328100
2020-09-17,MSFT,192.96759033203125,34011300
2020-09-18,MSFT,190.57107543945312,55225300
2020-09-21,MSFT,192.61570739746094,39839700
2020-09-22,MSFT,197.25656127929688,33517100
2020-09-23,MSFT,190.7613067626953,30803800
2020-09-24,MSFT,193.23385620117188,31202500
2020-09-25,MSFT,197.6370086669922,29437300
2020-09-28,MSFT,199.17758178710938,32004900
2020-09-29,MSFT,197.1044464111328,24221900
2020-09-30,MSFT,200.02403259277344,33829100
2020-10-01,MSFT,202.04965209960938,27158400
2020-10-02,MSFT,196.08688354492188,33154800
2020-10-05,MSFT,200.0715789794922,21331600
2020-10-06,MSFT,195.820556640625,28554300
2020-10-07,MSFT,199.54849243164062,25681100
2020-10-08,MSFT,200.26173400878906,19925800
2020-10-09,MSFT,205.23553466796875,26458000
2020-10-12,MSFT,210.5515594482422,40461400
2020-10-13,MSFT,211.94003295898438,28950800
2020-10-14,MSFT,210.03807067871094,23421700
2020-10-15,MSFT,208.89688110351562,22733100
2020-10-16,MSFT,208.89688110351562,26057900
2020-10-19,MSFT,203.72337341308594,27625800
2020-10-20,MSFT,204.13232421875,22753500
2020-10-21,MSFT,204.27499389648438,22724900
2020-10-22,MSFT,204.36058044433594,22351500
2020-10-23,MSFT,205.63491821289062,18879600
2020-10-26,MSFT,199.7862548828125,37111600
2020-10-27,MSFT,202.80091857910156,36700300
2020-10-28,MSFT,192.74884033203125,51195600
2020-10-29,MSFT,194.68890380859375,31432600
2020-10-30,MSFT,192.5491180419922,36953700
2020-11-02,MSFT,192.416015625,30842200
2020-11-03,MSFT,196.31509399414062,27512000
2020-11-04,MSFT,205.78704833984375,42311800
2020-11-05,MSFT,212.3489532470703,36080100
2020-11-06,MSFT,212.75791931152344,25231900
2020-11-09,MSFT,207.68905639648438,44395000
2020-11-10,MSFT,200.67068481445312,44045100
2020-11-11,MSFT,205.939208984375,29440800
2020-11-12,MSFT,204.88363647460938,21593900
2020-11-13,MSFT,205.90122985839844,18621100
2020-11-16,MSFT,206.58592224121094,24953300
2020-11-17,MSFT,203.95167541503906,24154100
2020-11-18,MSFT,201.26280212402344,28372800
2020-11-19,MSFT,202.54049682617188,24792700
2020-11-20,MSFT,200.60488891601562,22843100
2020-11-23,MSFT,200.33795166015625,25683500
2020-11-24,MSFT,203.9134979248047,33979700
2020-11-25,MSFT,203.9230499267578,21012900
2020-11-27,MSFT,205.21978759765625,14512200
2020-11-30,MSFT,204.11376953125,33064800
2020-12-01,MSFT,206.1542510986328,30904500
2020-12-02,MSFT,205.35330200195312,23724500
2020-12-03,MSFT,204.2758331298828,25120900
2020-12-04,MSFT,204.39024353027344,24666000
2020-12-07,MSFT,204.32351684570312,24620000
2020-12-08,MSFT,205.96351623535156,23284100
2020-12-09,MSFT,201.94932556152344,32440600
2020-12-10,MSFT,200.72886657714844,26733300
2020-12-11,MSFT,203.3413848876953,30979400
2020-12-14,MSFT,204.23770141601562,28798400
2020-12-15,MSFT,204.17091369628906,27000600
2020-12-16,MSFT,209.08139038085938,35023300
2020-12-17,MSFT,209.2149200439453,32515800
2020-12-18,MSFT,208.4235382080078,63354900
2020-12-21,MSFT,212.23753356933594,37181900
2020-12-22,MSFT,213.5247039794922,22612200
2020-12-23,MSFT,210.7405242919922,18699600
2020-12-24,MSFT,212.39002990722656,10550600
2020-12-28,MSFT,214.49729919433594,17933500
2020-12-29,MSFT,213.7249298095703,17403200
2020-12-30,MSFT,211.3698272705078,20272300
2020-12-31,MSFT,212.0753631591797,20942100
2021-01-04,MSFT,207.5653839111328,37130100
2021-01-05,MSFT,207.765625,23823000
2021-01-06,MSFT,202.37838745117188,35930700
2021-01-07,MSFT,208.13746643066406,27694500
2021-01-08,MSFT,209.4056396484375,22956200
2021-01-11,MSFT,207.37469482421875,23031300
2021-01-12,MSFT,204.93373107910156,23249300
2021-01-13,MSFT,206.2781524658203,20087100
2021-01-14,MSFT,203.11257934570312,29480800
2021-01-15,MSFT,202.75975036621094,31746500
2021-01-19,MSFT,206.37351989746094,30480900
2021-01-20,MSFT,213.9060821533203,37777300
2021-01-21,MSFT,214.5067901611328,30709400
2021-01-22,MSFT,215.44119262695312,30172700
2021-01-25,MSFT,218.85467529296875,33152100
2021-01-26,MSFT,221.52447509765625,49169600
2021-01-27,MSFT,222.0679168701172,69870600
2021-01-28,MSFT,227.8175506591797,49111200
2021-01-29,MSFT,221.17169189453125,42503100
2021-02-01,MSFT,228.5040283203125,33314200
2021-02-02,MSFT,228.37054443359375,25916300
2021-02-03,MSFT,231.6982421875,27158100
2021-02-04,MSFT,230.7543182373047,25296100
2021-02-05,MSFT,230.93540954589844,18054800
2021-02-08,MSFT,231.19290161132812,22211900
2021-02-09,MSFT,232.4324493408203,23565000
2021-02-10,MSFT,231.52659606933594,22186700
2021-02-11,MSFT,233.11891174316406,15751100
2021-02-12,MSFT,233.59567260742188,16561100
2021-02-16,MSFT,232.36569213867188,26728500
2021-02-17,MSFT,233.3787078857422,21653500
2021-02-18,MSFT,232.9868621826172,16925600
2021-02-19,MSFT,230.29183959960938,25262600
2021-02-22,MSFT,224.1181182861328,36446900
2021-02-23,MSFT,222.93304443359375,30228700
2021-02-24,MSFT,224.1562957763672,26339700
2021-02-25,MSFT,218.8426971435547,39542200
2021-02-26,MSFT,222.08248901367188,37819200
2021-03-01,MSFT,226.4403839111328,25324000
2021-03-02,MSFT,223.50648498535156,22812500
2021-03-03,MSFT,217.47610473632812,34029500
2021-03-04,MSFT,216.68283081054688,44727800
2021-03-05,MSFT,221.3370361328125,41872800
2021-03-08,MSFT,217.3135986328125,35267400
2021-03-09,MSFT,223.42042541503906,33080500
2021-03-10,MSFT,222.12071228027344,29746800
2021-03-11,MSFT,226.62197875976562,29907600
2021-03-12,MSFT,225.3031463623047,22653700
2021-03-15,MSFT,224.40478515625,26034900
2021-03-16,MSFT,227.17626953125,28092200
2021-03-17,MSFT,226.5359649658203,29562100
2021-03-18,MSFT,220.49603271484375,34833000
2021-03-19,MSFT,220.14244079589844,46430700
2021-03-22,MSFT,225.5325164794922,30127000
2021-03-23,MSFT,227.05203247070312,31638400
2021-03-24,MSFT,225.02598571777344,25620100
2021-03-25,MSFT,222.04425048828125,34061900
2021-03-26,MSFT,226.00076293945312,25479900
2021-03-29,MSFT,224.8157196044922,25227500
2021-03-30,MSFT,221.57598876953125,24792000
2021-03-31,MSFT,225.322265625,43623500
2021-04-01,MSFT,231.61068725585938,30338000
2021-04-05,MSFT,238.03289794921875,36910600
2021-04-06,MSFT,236.8765106201172,22931900
2021-04-07,MSFT,238.8260955810547,22719800
2021-04-08,MSFT,242.02767944335938,23625200
2021-04-09,MSFT,244.512451171875,24326800
2021-04-12,MSFT,244.56979370117188,27148700
2021-04-13,MSFT,247.03549194335938,23837500
2021-04-14,MSFT,244.26394653320312,23070900
2021-04-15,MSFT,248.00074768066406,25627500
2021-04-16,MSFT,249.18576049804688,24878600
2021-04-19,MSFT,247.2743682861328,23209300
2021-04-20,MSFT,246.81564331054688,19722900
2021-04-21,MSFT,249.0328826904297,24030400
2021-04-22,MSFT,245.77391052246094,25606200
2021-04-23,MSFT,249.5775909423828,21462600
2021-04-26,MSFT,249.9598388671875,19763300
2021-04-27,MSFT,250.36122131347656,31014200
2021-04-28,MSFT,243.27960205078125,46903100
2021-04-29,MSFT,241.32046508789062,40589000
2021-04-30,MSFT,241.00502014160156,30945100
2021-05-03,MSFT,240.69921875,19626600
2021-05-04,MSFT,236.80960083007812,32756100
2021-05-05,MSFT,235.548095703125,21901300
2021-05-06,MSFT,238.66368103027344,26491100
2021-05-07,MSFT,241.27267456054688,27032900
2021-05-10,MSFT,236.22665405273438,29299900
2021-05-11,MSFT,235.31874084472656,33641600
2021-05-12,MSFT,228.4091339111328,36684400
2021-05-13,MSFT,232.26055908203125,29624300
2021-05-14,MSFT,237.15365600585938,23901100
2021-05-17,MSFT,234.3152313232422,24970200
2021-05-18,MSFT,232.30831909179688,20168000
2021-05-19,MSFT,232.883056640625,25739800
2021-05-20,MSFT,236.10154724121094,21800700
2021-05-21,MSFT,234.8467559814453,21863100
2021-05-24,MSFT,240.2205047607422,21411500
2021-05-25,MSFT,241.1209259033203,17704300
2021-05-26,MSFT,240.90066528320312,17771600
2021-05-27,MSFT,238.81240844726562,24426200
2021-05-28,MSFT,239.16688537597656,18270200
2021-06-01,MSFT,236.98284912109375,23213300
2021-06-02,MSFT,236.8870391845703,19406700
2021-06-03,MSFT,235.364013671875,25307700
2021-06-04,MSFT,240.23013305664062,25281100
2021-06-07,MSFT,243.12294006347656,23079200
2021-06-08,MSFT,241.9351806640625,22455000
2021-06-09,MSFT,242.9122314453125,17937600
2021-06-10,MSFT,246.40853881835938,24563600
2021-06-11,MSFT,247.03115844726562,18999700
2021-06-14,MSFT,248.9469451904297,19150500
2021-06-15,MSFT,247.4813232421875,18038900
2021-06-16,MSFT,246.5426025390625,27220000
2021-06-17,MSFT,249.9143829345703,27565500
2021-06-18,MSFT,248.50625610351562,37202200
2021-06-21,MSFT,251.5714874267578,26696100
2021-06-22,MSFT,254.330322265625,24694100
2021-06-23,MSFT,254.10037231445312,19518700
2021-06-24,MSFT,255.46070861816406,21446900
2021-06-25,MSFT,253.8608856201172,25611100
2021-06-28,MSFT,257.4051818847656,19590000
2021-06-29,MSFT,259.9723205566406,19937800
2021-06-30,MSFT,259.49334716796875,21656500
2021-07-01,MSFT,260.163818359375,16725300
2021-07-02,MSFT,265.9591369628906,26458000
2021-07-06,MSFT,265.9687194824219,31565600
2021-07-07,MSFT,268.1430358886719,23260000
2021-07-08,MSFT,265.73883056640625,24618600
2021-07-09,MSFT,266.2369689941406,23916700
2021-07-12,MSFT,265.6430358886719,18931700
2021-07-13,MSFT,269.1489562988281,26120100
2021-07-14,MSFT,270.614501953125,23113700
2021-07-15,MSFT,269.1968078613281,22604200
2021-07-16,MSFT,268.9285888671875,26186800
2021-07-19,MSFT,265.3461608886719,32935600
2021-07-20,MSFT,267.5588684082031,26259700
2021-07-21,MSFT,269.5511474609375,24364300
2021-07-22,MSFT,274.0916748046875,23384100
2021-07-23,MSFT,277.4730224609375,22768100
2021-07-26,MSFT,276.8791198730469,23176100
2021-07-27,MSFT,274.4748840332031,33604100
2021-07-28,MSFT,274.168212890625,33566900
2021-07-29,MSFT,274.4365234375,18168300
2021-07-30,MSFT,272.91339111328125,20944800
2021-08-02,MSFT,272.82720947265625,16267400
2021-08-03,MSFT,275.03033447265625,17879000
2021-08-04,MSFT,274.44598388671875,16191300
2021-08-05,MSFT,277.329345703125,13900200
2021-08-06,MSFT,277.2718200683594,16589300
2021-08-09,MSFT,276.18939208984375,16117600
2021-08-10,MSFT,274.3790283203125,18616600
2021-08-11,MSFT,274.8675537109375,13955900
2021-08-12,MSFT,277.60711669921875,14561300
2021-08-13,MSFT,280.51910400390625,18249000
2021-08-16,MSFT,282.1954345703125,22507600
2021-08-17,MSFT,280.7393493652344,20075300
2021-08-18,MSFT,279.0215148925781,21813000
2021-08-19,MSFT,284.81829833984375,29850500
2021-08-20,MSFT,292.10260009765625,40817600
2021-08-23,MSFT,292.3810119628906,22830200
2021-08-24,MSFT,290.43267822265625,18175800
2021-08-25,MSFT,289.8472595214844,20006100
2021-08-26,MSFT,287.0447998046875,17666100
2021-08-27,MSFT,287.6494445800781,22605700
2021-08-30,MSFT,291.3636779785156,16348100
2021-08-31,MSFT,289.7225341796875,26285300
2021-09-01,MSFT,289.6744689941406,18983800
2021-09-02,MSFT,289.02191162109375,16285600
2021-09-03,MSFT,289.01226806640625,14747900
2021-09-07,MSFT,288.0909118652344,17180400
2021-09-08,MSFT,288.1197204589844,15046800
2021-09-09,MSFT,285.2789001464844,19927000
2021-09-10,MSFT,283.80096435546875,19633400
2021-09-13,MSFT,285.02935791015625,23652900
2021-09-14,MSFT,287.7166442871094,21853400
2021-09-15,MSFT,292.54412841796875,28356300
2021-09-16,MSFT,292.9280090332031,19550800
2021-09-17,MSFT,287.79345703125,41372500
2021-09-20,MSFT,282.44769287109375,38278700
2021-09-21,MSFT,282.9275207519531,22364100
2021-09-22,MSFT,286.5552978515625,26626300
2021-09-23,MSFT,287.4958801269531,18604600
2021-09-24,MSFT,287.29437255859375,14999000
2021-09-27,MSFT,282.3230285644531,23571700
2021-09-28,MSFT,272.101806640625,43186200
2021-09-29,MSFT,272.5625,26353700
2021-09-30,MSFT,270.5662841796875,32343600
2021-10-01,MSFT,277.4571838378906,30086300
2021-10-04,MSFT,271.7083740234375,31350700
2021-10-05,MSFT,277.130859375,24993000
2021-10-06,MSFT,281.3055419921875,28002600
2021-10-07,MSFT,282.9755554199219,20430500
2021-10-08,MSFT,282.9755554199219,17685700
2021-10-11,MSFT,282.38055419921875,19298600
2021-10-12,MSFT,281.0849304199219,17974100
2021-10-13,MSFT,284.3768005371094,23416300
2021-10-14,MSFT,290.55743408203125,27262900
2021-10-15,MSFT,291.9585876464844,25384800
2021-10-18,MSFT,294.91461181640625,22729300
2021-10-19,MSFT,295.8167419433594,17682100
2021-10-20,MSFT,295.02978515625,16537100
2021-10-21,MSFT,298.2448425292969,16918100
2021-10-22,MSFT,296.7093505859375,17449300
2021-10-25,MSFT,295.7208251953125,17554500
2021-10-26,MSFT,297.62103271484375,28107300
2021-10-27,MSFT,310.1551208496094,52588700
2021-10-28,MSFT,311.2875671386719,26297900
2021-10-29,MSFT,318.2648010253906,34766000
2021-11-01,MSFT,316.1053771972656,27073200
2021-11-02,MSFT,319.7139892578125,26487100
2021-11-03,MSFT,320.54888916015625,21500100
2021-11-04,MSFT,322.8905944824219,23992200
2021-11-05,MSFT,322.52587890625,22570100
2021-11-08,MSFT,323.4184875488281,20897000
2021-11-09,MSFT,322.4204406738281,21307400
2021-11-10,MSFT,317.47772216796875,25500900
2021-11-11,MSFT,319.0421142578125,16849800
2021-11-12,MSFT,323.159423828125,23831000
2021-11-15,MSFT,322.53564453125,16723000
2021-11-16,MSFT,325.8370056152344,20886800
2021-11-17,MSFT,326.05816650390625,19053400
2021-11-18,MSFT,328.1253356933594,22463500
2021-11-19,MSFT,329.8943786621094,21963400
2021-11-22,MSFT,326.7407531738281,31031100
2021-11-23,MSFT,324.6735534667969,30427600
2021-11-24,MSFT,324.8947448730469,21661300
2021-11-26,MSFT,316.9817199707031,24217200
2021-11-29,MSFT,323.6640319824219,28563500
2021-11-30,MSFT,317.8567199707031,42885600
2021-12-01,MSFT,317.3663024902344,33337600
2021-12-02,MSFT,316.799072265625,30766000
2021-12-03,MSFT,310.56866455078125,41779300
2021-12-06,MSFT,313.6260986328125,30032600
2021-12-07,MSFT,322.0198669433594,31021900
2021-12-08,MSFT,322.0680236816406,24761000
2021-12-09,MSFT,320.2700500488281,22214200
2021-12-10,MSFT,329.3464050292969,38095700
2021-12-13,MSFT,326.3273010253906,28899400
2021-12-14,MSFT,315.693359375,44438700
2021-12-15,MSFT,321.7603454589844,35381100
2021-12-16,MSFT,312.38580322265625,35034800
2021-12-17,MSFT,311.32818603515625,47750300
2021-12-20,MSFT,307.5880432128906,28326500
2021-12-21,MSFT,314.6837463378906,24740600
2021-12-22,MSFT,320.3661804199219,24831500
2021-12-23,MSFT,321.7987976074219,19617800
2021-12-27,MSFT,329.2599182128906,19947000
2021-12-28,MSFT,328.1060485839844,15661500
2021-12-29,MSFT,328.77923583984375,15042000
2021-12-30,MSFT,326.2503967285156,15994500
2021-12-31,MSFT,323.3659973144531,18000800
2022-01-03,MSFT,321.8564453125,28865100
2022-01-04,MSFT,316.3375244140625,32674300
2022-01-05,MSFT,304.194091796875,40054300
2022-01-06,MSFT,301.7903137207031,39646100
2022-01-07,MSFT,301.9441833496094,32720000
2022-01-10,MSFT,302.1653137207031,44289500
2022-01-11,MSFT,302.8479919433594,29386800
2022-01-12,MSFT,306.0112609863281,34372200
2022-01-13,MSFT,293.0600891113281,45366000
2022-01-14,MSFT,298.2520751953125,39846400
2022-01-18,MSFT,290.99285888671875,42333200
2022-01-19,MSFT,291.6466369628906,45933900
2022-01-20,MSFT,289.9832458496094,35380700
2022-01-21,MSFT,284.6277770996094,57984400
2022-01-24,MSFT,284.9547119140625,85731500
2022-01-25,MSFT,277.3782958984375,72848600
2022-01-26,MSFT,285.28167724609375,90428900
2022-01-27,MSFT,288.2911071777344,53481300
2022-01-28,MSFT,296.3868103027344,49743700
2022-01-31,MSFT,299.00201416015625,46444500
2022-02-01,MSFT,296.8675231933594,40950400
2022-02-02,MSFT,301.386474609375,36636000
2022-02-03,MSFT,289.64678955078125,43730000
2022-02-04,MSFT,294.1561279296875,35096500
2022-02-07,MSFT,289.3583068847656,28533300
2022-02-08,MSFT,292.8292236328125,32421200
2022-02-09,MSFT,299.22314453125,31284700
2022-02-10,MSFT,290.7332458496094,45386200
2022-02-11,MSFT,283.67596435546875,39175600
2022-02-14,MSFT,283.63751220703125,36359500
2022-02-15,MSFT,288.8968505859375,27058300
2022-02-16,MSFT,288.55963134765625,29982100
2022-02-17,MSFT,280.1100158691406,32461600
2022-02-18,MSFT,277.4122619628906,34264000
2022-02-22,MSFT,277.2099304199219,41736100
2022-02-23,MSFT,270.0320129394531,37811200
2022-02-24,MSFT,283.8289794921875,56989700
2022-02-25,MSFT,286.4495849609375,32546700
2022-02-28,MSFT,287.8756408691406,34627500
2022-03-01,MSFT,284.17584228515625,31217800
2022-03-02,MSFT,289.2244567871094,31873000
2022-03-03,MSFT,285.1103820800781,27314500
2022-03-04,MSFT,279.27178955078125,32356500
2022-03-07,MSFT,268.7218017578125,43157200
2022-03-08,MSFT,265.7735595703125,48159500
2022-03-09,MSFT,277.96142578125,35204500
2022-03-10,MSFT,275.1577453613281,30628000
2022-03-11,MSFT,269.83935546875,27209300
2022-03-14,MSFT,266.3419494628906,30660700
2022-03-15,MSFT,276.6607360839844,34245100
2022-03-16,MSFT,283.6363220214844,37826300
2022-03-17,MSFT,284.4359436035156,30816600
2022-03-18,MSFT,289.4555969238281,43390600
2022-03-21,MSFT,288.2320861816406,28351200
2022-03-22,MSFT,292.95306396484375,27599700
2022-03-23,MSFT,288.5499267578125,25715400
2022-03-24,MSFT,292.9916687011719,24484500
2022-03-25,MSFT,292.5868835449219,22566500
2022-03-28,MSFT,299.3504943847656,29578200
2022-03-29,MSFT,303.8884582519531,30393400
2022-03-30,MSFT,302.3950500488281,28163600
2022-03-31,MSFT,297.0478210449219,33422100
2022-04-01,MSFT,298.11724853515625,27110500
2022-04-04,MSFT,303.4645080566406,24289600
2022-04-05,MSFT,299.5239562988281,23156700
2022-04-06,MSFT,288.55963134765625,40110400
2022-04-07,MSFT,290.3612976074219,31411200
2022-04-08,MSFT,286.1220703125,24361900
2022-04-11,MSFT,274.8398132324219,34569300
2022-04-12,MSFT,271.75665283203125,30966700
2022-04-13,MSFT,277.113525390625,21907200
2022-04-14,MSFT,269.608154296875,28221600
2022-04-18,MSFT,270.2729187011719,20778000
2022-04-19,MSFT,274.8783264160156,22297700
2022-04-20,MSFT,275.8995666503906,22906700
2022-04-21,MSFT,270.5523376464844,29454600
2022-04-22,MSFT,264.01995849609375,29405800
2022-04-25,MSFT,270.465576171875,35678900
2022-04-26,MSFT,260.3492126464844,46518400
2022-04-27,MSFT,272.87432861328125,63477700
2022-04-28,MSFT,279.0501403808594,33646600
2022-04-29,MSFT,267.38250732421875,37073900
2022-05-02,MSFT,274.07861328125,35151100
2022-05-03,MSFT,271.4869079589844,25978600
2022-05-04,MSFT,279.38739013671875,33599300
2022-05-05,MSFT,267.2186584472656,43260400
2022-05-06,MSFT,264.69439697265625,37780300
2022-05-09,MSFT,254.91522216796875,47726000
2022-05-10,MSFT,259.6554870605469,39336400
2022-05-11,MSFT,251.0324249267578,48975900
2022-05-12,MSFT,246.0223846435547,51033800
2022-05-13,MSFT,251.58160400390625,34925100
2022-05-16,MSFT,251.94773864746094,32550900
2022-05-17,MSFT,257.0733947753906,28828800
2022-05-18,MSFT,245.36891174316406,31356000
2022-05-19,MSFT,244.46112060546875,32692300
2022-05-20,MSFT,243.90103149414062,39199300
2022-05-23,MSFT,251.71368408203125,33175400
2022-05-24,MSFT,250.71900939941406,29043900
2022-05-25,MSFT,253.51954650878906,28547900
2022-05-26,MSFT,256.78369140625,25002100
2022-05-27,MSFT,263.87200927734375,26910800
2022-05-31,MSFT,262.5489501953125,37827700
2022-06-01,MSFT,263.0802001953125,25292200
2022-06-02,MSFT,265.1661071777344,44008200
2022-06-03,MSFT,260.7624206542969,28059000
2022-06-06,MSFT,259.5359191894531,22400300
2022-06-07,MSFT,263.15740966796875,22860700
2022-06-08,MSFT,261.13897705078125,17372300
2022-06-09,MSFT,255.7117462158203,26439700
2022-06-10,MSFT,244.31629943847656,31422800
2022-06-13,MSFT,233.95416259765625,46135800
2022-06-14,MSFT,236.1077423095703,28651500
2022-06-15,MSFT,243.12844848632812,33111700
2022-06-16,MSFT,236.5712432861328,33169200
2022-06-17,MSFT,239.1593475341797,43084800
2022-06-21,MSFT,245.04055786132812,29928300
2022-06-22,MSFT,244.45150756835938,25939900
2022-06-23,MSFT,249.98500061035156,25861400
2022-06-24,MSFT,258.5220031738281,33923200
2022-06-27,MSFT,255.8082733154297,24615100
2022-06-28,MSFT,247.6866455078125,27295500
2022-06-29,MSFT,251.3370361328125,20069800
2022-06-30,MSFT,248.0246124267578,31730900
2022-07-01,MSFT,250.6803436279297,22837700
2022-07-05,MSFT,253.8382568359375,22941000
2022-07-06,MSFT,257.0830383300781,23824400
2022-07-07,MSFT,259.1980285644531,20859900
2022-07-08,MSFT,258.48333740234375,19658800
2022-07-11,MSFT,255.44131469726562,19455200
2022-07-12,MSFT,244.9729461669922,35868500
2022-07-13,MSFT,244.0555419921875,29497400
2022-07-14,MSFT,245.36891174316406,25102800
2022-07-15,MSFT,247.91842651367188,29774100
2022-07-18,MSFT,245.5330810546875,20975000
2022-07-19,MSFT,250.63206481933594,25012600
2022-07-20,MSFT,253.2781524658203,22788300
2022-07-21,MSFT,255.7599639892578,22404700
2022-07-22,MSFT,251.43362426757812,21881300
2022-07-25,MSFT,249.95603942871094,21056000
2022-07-26,MSFT,243.26364135742188,39348000
2022-07-27,MSFT,259.5263977050781,45994000
2022-07-28,MSFT,266.9333190917969,33459300
2022-07-29,MSFT,271.1148681640625,32152800
2022-08-01,MSFT,268.4785461425781,21539600
2022-08-02,MSFT,265.39788818359375,22754200
2022-08-03,MSFT,272.7855529785156,23518900
2022-08-04,MSFT,273.925048828125,18098700
2022-08-05,MSFT,273.21051025390625,16774600
2022-08-08,MSFT,270.7092590332031,18739200
2022-08-09,MSFT,272.62139892578125,23405200
2022-08-10,MSFT,279.24615478515625,24687800
2022-08-11,MSFT,277.1795654296875,20065900
2022-08-12,MSFT,281.9019470214844,22619700
2022-08-15,MSFT,283.4084167480469,18085700
2022-08-16,MSFT,282.6745300292969,18102900
2022-08-17,MSFT,281.9292907714844,18253400
2022-08-18,MSFT,280.81640625,17186200
2022-08-19,MSFT,276.92596435546875,20570000
2022-08-22,MSFT,268.7967224121094,25061100
2022-08-23,MSFT,267.5289611816406,17527400
2022-08-24,MSFT,266.89996337890625,18137000
2022-08-25,MSFT,269.8612976074219,16583400
2022-08-26,MSFT,259.4481506347656,27549300
2022-08-29,MSFT,256.6802978515625,20338500
2022-08-30,MSFT,254.49319458007812,22767100
2022-08-31,MSFT,253.04148864746094,24791800
2022-09-01,MSFT,252.0060272216797,23263400
2022-09-02,MSFT,247.8059539794922,22855400
2022-09-06,MSFT,245.08648681640625,21328200
2022-09-07,MSFT,249.77049255371094,24126700
2022-09-08,MSFT,250.1866455078125,20319900
2022-09-09,MSFT,255.93516540527344,22084700
2022-09-12,MSFT,258.0544738769531,18747700
2022-09-13,MSFT,243.8671417236328,33353300
2022-09-14,MSFT,244.0897216796875,23913000
2022-09-15,MSFT,237.4701690673828,31530900
2022-09-16,MSFT,236.85081481933594,39791800
2022-09-19,MSFT,236.6378936767578,26826900
2022-09-20,MSFT,234.63465881347656,26660300
2022-09-21,MSFT,231.24745178222656,28625600
2022-09-22,MSFT,233.21200561523438,31061200
2022-09-23,MSFT,230.2506561279297,34176000
2022-09-26,MSFT,229.7957763671875,27694200
2022-09-27,MSFT,228.78932189941406,27018700
2022-09-28,MSFT,233.29910278320312,29029700
2022-09-29,MSFT,229.84417724609375,27484200
2022-09-30,MSFT,225.3924560546875,35694800
2022-10-03,MSFT,232.9797821044922,28880400
2022-10-04,MSFT,240.8573760986328,34888400
2022-10-05,MSFT,241.16702270507812,20347100
2022-10-06,MSFT,238.834716796875,20239900
2022-10-07,MSFT,226.6892852783203,37769600
2022-10-10,MSFT,221.8601531982422,29743600
2022-10-11,MSFT,218.1439208984375,30474000
2022-10-12,MSFT,218.4729766845703,21903900
2022-10-13,MSFT,226.6892852783203,42551800
2022-10-14,MSFT,221.19236755371094,30198600
2022-10-17,MSFT,229.8732452392578,28142300
2022-10-18,MSFT,230.81195068359375,26329600
2022-10-19,MSFT,228.85708618164062,19985700
2022-10-20,MSFT,228.53770446777344,21811000
2022-10-21,MSFT,234.3152618408203,26299700
2022-10-24,MSFT,239.27992248535156,24911200
2022-10-25,MSFT,242.57998657226562,34775500
2022-10-26,MSFT,223.8634033203125,82543200
2022-10-27,MSFT,219.4407196044922,40424600
2022-10-28,MSFT,228.26675415039062,40647700
2022-10-31,MSFT,224.64727783203125,28357300
2022-11-01,MSFT,220.81492614746094,30592300
2022-11-02,MSFT,213.00511169433594,38407000
2022-11-03,MSFT,207.34364318847656,36633900
2022-11-04,MSFT,214.2534942626953,36789100
2022-11-07,MSFT,220.5246124267578,33498000
2022-11-08,MSFT,221.4923858642578,28192500
2022-11-09,MSFT,217.27291870117188,27852900
2022-11-10,MSFT,235.1475372314453,46268000
2022-11-11,MSFT,239.14443969726562,34620200
2022-11-14,MSFT,233.76361083984375,31123300
2022-11-15,MSFT,234.1700897216797,31390100
2022-11-16,MSFT,234.59707641601562,24093300
2022-11-17,MSFT,234.54855346679688,23123500
2022-11-18,MSFT,234.10218811035156,27613500
2022-11-21,MSFT,234.9076690673828,26394700
2022-11-22,MSFT,237.79974365234375,19665700
2022-11-23,MSFT,240.27447509765625,19508500
2022-11-25,MSFT,240.1871795654297,9200800
2022-11-28,MSFT,234.626220703125,24778200
2022-11-29,MSFT,233.2384490966797,17956300
2022-11-30,MSFT,247.61141967773438,47594200
2022-12-01,MSFT,247.17469787597656,26041500
2022-12-02,MSFT,247.49496459960938,21528500
2022-12-05,MSFT,242.81719970703125,23435300
2022-12-06,MSFT,237.8870849609375,22463700
2022-12-07,MSFT,237.1592254638672,20481500
2022-12-08,MSFT,240.09979248046875,22611800
2022-12-09,MSFT,238.17820739746094,20609700
2022-12-12,MSFT,245.05905151367188,30665100
2022-12-13,MSFT,249.33888244628906,42196900
2022-12-14,MSFT,249.63006591796875,35410900
2022-12-15,MSFT,241.66232299804688,35560400
2022-12-16,MSFT,237.46974182128906,86102000
2022-12-19,MSFT,233.3548583984375,29696400
2022-12-20,MSFT,234.66505432128906,25150800
2022-12-21,MSFT,237.21742248535156,23690600
2022-12-22,MSFT,231.16159057617188,28651700
2022-12-23,MSFT,231.68563842773438,21207000
2022-12-27,MSFT,229.96788024902344,16688600
2022-12-28,MSFT,227.6095733642578,17457100
2022-12-29,MSFT,233.8983612060547,19770700
2022-12-30,MSFT,232.7434539794922,21938500
2023-01-03,MSFT,232.5105743408203,25740000
2023-01-04,MSFT,222.33981323242188,50623400
2023-01-05,MSFT,215.75015258789062,39585600
2023-01-06,MSFT,218.29283142089844,43613600
2023-01-09,MSFT,220.41822814941406,27369800
2023-01-10,MSFT,222.09716796875,27033900
2023-01-11,MSFT,228.81298828125,28669300
2023-01-12,MSFT,231.4721221923828,27269500
2023-01-13,MSFT,232.1708984375,21333300
2023-01-17,MSFT,233.25779724121094,29831300
2023-01-18,MSFT,228.85177612304688,30028700
2023-01-19,MSFT,225.08627319335938,28623000
2023-01-20,MSFT,233.13165283203125,35389800
2023-01-23,MSFT,235.4220428466797,31934000
2023-01-24,MSFT,234.89796447753906,40234400
2023-01-25,MSFT,233.51016235351562,66526600
2023-01-26,MSFT,240.68209838867188,33454500
2023-01-27,MSFT,240.83738708496094,26498900
2023-01-30,MSFT,235.5482177734375,25867400
2023-01-31,MSFT,240.4977264404297,26541100
2023-02-01,MSFT,245.2919464111328,31259900
2023-02-02,MSFT,256.7922668457031,39940400
2023-02-03,MSFT,250.7266845703125,29077300
2023-02-06,MSFT,249.19332885742188,22518000
2023-02-07,MSFT,259.66497802734375,50841400
2023-02-08,MSFT,258.8594055175781,54686000
2023-02-09,MSFT,255.84121704101562,42375100
2023-02-10,MSFT,255.33656311035156,25818500
2023-02-13,MSFT,263.31402587890625,44630900
2023-02-14,MSFT,264.13885498046875,37047900
2023-02-15,MSFT,262.0276794433594,28922400
2023-02-16,MSFT,255.0518341064453,29603600
2023-02-17,MSFT,251.07257080078125,30000100
2023-02-21,MSFT,245.8284912109375,28397400
2023-02-22,MSFT,244.69989013671875,22491100
2023-02-23,MSFT,247.87161254882812,29219100
2023-02-24,MSFT,242.4718780517578,24990900
2023-02-27,MSFT,243.386474609375,21190000
2023-02-28,MSFT,242.66648864746094,22491000
2023-03-01,MSFT,239.601806640625,27565300
2023-03-02,MSFT,244.3107147216797,24808200
2023-03-03,MSFT,248.3775177001953,30760100
2023-03-06,MSFT,249.91473388671875,24109800
2023-03-07,MSFT,247.2683868408203,21473200
2023-03-08,MSFT,246.83059692382812,17340200
2023-03-09,MSFT,245.4879608154297,26653400
2023-03-10,MSFT,241.85897827148438,28333900
2023-03-13,MSFT,247.0446319580078,33339700
2023-03-14,MSFT,253.72862243652344,33620300
2023-03-15,MSFT,258.25274658203125,46028000
2023-03-16,MSFT,268.72137451171875,54768800
2023-03-17,MSFT,271.86395263671875,69527400
2023-03-20,MSFT,264.8588562011719,43466600
2023-03-21,MSFT,266.366943359375,34558700
2023-03-22,MSFT,264.9172668457031,34873300
2023-03-23,MSFT,270.141845703125,36610900
2023-03-24,MSFT,272.9730224609375,28172000
2023-03-27,MSFT,268.8964538574219,26840200
2023-03-28,MSFT,267.7777099609375,21878600
2023-03-29,MSFT,272.9146728515625,25087000
2023-03-30,MSFT,276.3587646484375,25053400
2023-03-31,MSFT,280.4937744140625,32766000
2023-04-03,MSFT,279.4527587890625,24883300
2023-04-04,MSFT,279.404052734375,25824300
2023-04-05,MSFT,276.64093017578125,22064800
2023-04-06,MSFT,283.7043762207031,29770300
2023-04-10,MSFT,281.5542297363281,23103000
2023-04-11,MSFT,275.17181396484375,27276600
2023-04-12,MSFT,275.81396484375,27403400
2023-04-13,MSFT,281.99200439453125,24222700
2023-04-14,MSFT,278.3922424316406,20987900
2023-04-17,MSFT,280.980224609375,23836200
2023-04-18,MSFT,280.5617980957031,20161800
2023-04-19,MSFT,280.6397399902344,17150300
2023-04-20,MSFT,278.36297607421875,23244400
2023-04-21,MSFT,278.0225830078125,21676400
2023-04-24,MSFT,274.14056396484375,26611000
2023-04-25,MSFT,267.96246337890625,45772200
2023-04-26,MSFT,287.3723449707031,64599200
2023-04-27,MSFT,296.576171875,46462600
2023-04-28,MSFT,298.9403991699219,36469600
2023-05-01,MSFT,297.28643798828125,21294100
2023-05-02,MSFT,297.1404113769531,26404400
2023-05-03,MSFT,296.1578063964844,22360800
2023-05-04,MSFT,297.1404113769531,22519900
2023-05-05,MSFT,302.2385559082031,28197100
2023-05-08,MSFT,300.292724609375,21318600
2023-05-09,MSFT,298.6874084472656,21340800
2023-05-10,MSFT,303.8536071777344,30078000
2023-05-11,MSFT,301.713134765625,31680200
2023-05-12,MSFT,300.6040954589844,19774700
2023-05-15,MSFT,301.080810546875,16336500
2023-05-16,MSFT,303.2990417480469,26730300
2023-05-17,MSFT,306.1656799316406,24315000
2023-05-18,MSFT,310.57293701171875,27276000
2023-05-19,MSFT,310.3974609375,27546700
2023-05-22,MSFT,313.1665954589844,24115700
2023-05-23,MSFT,307.3943176269531,30797200
2023-05-24,MSFT,306.0194091796875,23384900
2023-05-25,MSFT,317.7882995605469,43301700
2023-05-26,MSFT,324.58441162109375,36630600
2023-05-30,MSFT,322.9462890625,29503100
2023-05-31,MSFT,320.1966857910156,45950600
2023-06-01,MSFT,324.2821350097656,26773900
2023-06-02,MSFT,327.0317687988281,25873800
2023-06-05,MSFT,327.5583190917969,21307100
2023-06-06,MSFT,325.35467529296875,20396200
2023-06-07,MSFT,315.3116760253906,40717100
2023-06-08,MSFT,317.1447448730469,23277700
2023-06-09,MSFT,318.6366271972656,22529000
2023-06-12,MSFT,323.5703430175781,24260300
2023-06-13,MSFT,325.9494934082031,22951300
2023-06-14,MSFT,328.92340087890625,26003800
2023-06-15,MSFT,339.4149169921875,38899100
2023-06-16,MSFT,333.788818359375,46552000
2023-06-20,MSFT,329.6156921386719,26375400
2023-06-21,MSFT,325.2377014160156,25117800
2023-06-22,MSFT,331.2342224121094,23556800
2023-06-23,MSFT,326.6612548828125,23146900
2023-06-26,MSFT,320.4014587402344,21520600
2023-06-27,MSFT,326.22247314453125,24354100
2023-06-28,MSFT,327.4705505371094,20259500
2023-06-29,MSFT,326.69049072265625,16997000
2023-06-30,MSFT,332.0435791015625,26832800
2023-07-03,MSFT,329.5571594238281,12508700
2023-07-05,MSFT,329.713134765625,18172400
2023-07-06,MSFT,332.7553405761719,28161200
2023-07-07,MSFT,328.8063659667969,21214800
2023-07-10,MSFT,323.55084228515625,32791400
2023-07-11,MSFT,324.1748962402344,26698200
2023-07-12,MSFT,328.7868957519531,29995300
2023-07-13,MSFT,334.110595703125,20567200
2023-07-14,MSFT,336.62628173828125,28352700
2023-07-17,MSFT,337.1041259765625,20363900
2023-07-18,MSFT,350.520751953125,64738600
2023-07-19,MSFT,346.2208251953125,39732900
2023-07-20,MSFT,338.2156066894531,33778400
2023-07-21,MSFT,335.19293212890625,69405400
2023-07-24,MSFT,336.4994812011719,26678100
2023-07-25,MSFT,342.2230529785156,41637700
2023-07-26,MSFT,329.34259033203125,58383700
2023-07-27,MSFT,322.4685363769531,39635300
2023-07-28,MSFT,329.92767333984375,28484900
2023-07-31,MSFT,327.5387878417969,25446000
2023-08-01,MSFT,327.94830322265625,18311900
2023-08-02,MSFT,319.3288879394531,27761300
2023-08-03,MSFT,318.50982666015625,18253700
2023-08-04,MSFT,319.6019287109375,23741500
2023-08-07,MSFT,321.87371826171875,17741500
2023-08-08,MSFT,317.9150695800781,22327600
2023-08-09,MSFT,314.1903991699219,22373300
2023-08-10,MSFT,314.8729248046875,20113700
2023-08-11,MSFT,313.0008544921875,24355500
2023-08-14,MSFT,315.9552307128906,18836100
2023-08-15,MSFT,313.82958984375,16966300
2023-08-16,MSFT,313.0674743652344,20698900
2023-08-17,MSFT,309.62799072265625,21257200
2023-08-18,MSFT,309.23724365234375,24755000
2023-08-21,MSFT,314.51361083984375,24040000
2023-08-22,MSFT,315.080322265625,16084600
2023-08-23,MSFT,319.5164489746094,21166400
2023-08-24,MSFT,312.6473388671875,23281400
2023-08-25,MSFT,315.5884094238281,21684100
2023-08-28,MSFT,316.29193115234375,14808500
2023-08-29,MSFT,320.8941345214844,19284600
2023-08-30,MSFT,321.26544189453125,15222100
2023-08-31,MSFT,320.2590026855469,26411000
2023-09-01,MSFT,321.1384582519531,14942000
2023-09-05,MSFT,325.9164733886719,18553900
2023-09-06,MSFT,325.2618713378906,17535800
2023-09-07,MSFT,322.3598327636719,18381000
2023-09-08,MSFT,326.6200256347656,19530100
2023-09-11,MSFT,330.2060546875,16583300
2023-09-12,MSFT,324.17724609375,17565500
2023-09-13,MSFT,328.3690490722656,16544400
2023-09-14,MSFT,330.9486999511719,20267000
2023-09-15,MSFT,322.6627197265625,37679800
2023-09-18,MSFT,321.529296875,16834200
2023-09-19,MSFT,321.128662109375,16505900
2023-09-20,MSFT,313.4289855957031,21436500
2023-09-21,MSFT,312.21734619140625,35560400
2023-09-22,MSFT,309.7550354003906,21447900
2023-09-25,MSFT,310.27288818359375,17836000
2023-09-26,MSFT,304.9964599609375,26297600
2023-09-27,MSFT,305.6316223144531,19410100
2023-09-28,MSFT,306.4621887207031,19683600
2023-09-29,MSFT,308.52386474609375,24147300
2023-10-02,MSFT,314.4353942871094,20570000
2023-10-03,MSFT,306.21795654296875,21033500
2023-10-04,MSFT,311.6604309082031,20720100
2023-10-05,MSFT,312.0511779785156,16965600
2023-10-06,MSFT,319.7705078125,25673600
2023-10-09,MSFT,322.27191162109375,19891200
2023-10-10,MSFT,320.87457275390625,20557100
2023-10-11,MSFT,324.8123779296875,20063200
2023-10-12,MSFT,323.5812072753906,19313100
2023-10-13,MSFT,320.2297058105469,21072400
2023-10-16,MSFT,325.02740478515625,22158000
2023-10-17,MSFT,324.4606628417969,18338500
2023-10-18,MSFT,322.55523681640625,23153600
2023-10-19,MSFT,323.737548828125,25052100
2023-10-20,MSFT,319.1939392089844,25027700
2023-10-23,MSFT,321.7833251953125,24374700
2023-10-24,MSFT,322.965576171875,31153600
2023-10-25,MSFT,332.8736267089844,55053800
2023-10-26,MSFT,320.3860778808594,37828500
2023-10-27,MSFT,322.2621154785156,29856500
2023-10-30,MSFT,329.5904235839844,22828100
2023-10-31,MSFT,330.37213134765625,20265300
2023-11-01,MSFT,338.1499328613281,28158800
2023-11-02,MSFT,340.34857177734375,24348100
2023-11-03,MSFT,344.7259521484375,23637700
2023-11-06,MSFT,348.37060546875,23828300
2023-11-07,MSFT,352.2790832519531,25833900
2023-11-08,MSFT,354.8879699707031,26767800
2023-11-09,MSFT,352.4354248046875,24847300
2023-11-10,MSFT,361.2098388671875,28042100
2023-11-13,MSFT,358.28826904296875,19986500
2023-11-14,MSFT,361.7961730957031,27683900
2023-11-15,MSFT,361.9430236816406,26860100
2023-11-16,MSFT,368.3071594238281,27182300
2023-11-17,MSFT,362.1192321777344,40157000
2023-11-20,MSFT,369.55059814453125,52465100
2023-11-21,MSFT,365.2719421386719,28423100
2023-11-22,MSFT,369.9520568847656,23345300
2023-11-24,MSFT,369.54083251953125,10176600
2023-11-27,MSFT,370.6961669921875,22179200
2023-11-28,MSFT,374.7007141113281,20453100
2023-11-29,MSFT,370.9311828613281,28963400
2023-11-30,MSFT,370.9898376464844,30554400
2023-12-01,MSFT,366.681884765625,33040500
2023-12-04,MSFT,361.4241027832031,32063300
2023-12-05,MSFT,364.7334289550781,23065000
2023-12-06,MSFT,361.0911865234375,21182100
2023-12-07,MSFT,363.1962585449219,23118900
2023-12-08,MSFT,366.4077453613281,20154400
2023-12-11,MSFT,363.5389099121094,27708800
2023-12-12,MSFT,366.5545349121094,24838300
2023-12-13,MSFT,366.5447998046875,30955500
2023-12-14,MSFT,358.2811584472656,43277500
2023-12-15,MSFT,362.9808349609375,78502300
2023-12-18,MSFT,364.8607482910156,21802900
2023-12-19,MSFT,365.4579772949219,20603700
2023-12-20,MSFT,362.8731384277344,26316700
2023-12-21,MSFT,365.7320861816406,17708000
2023-12-22,MSFT,366.7503356933594,17107500
2023-12-26,MSFT,366.8287048339844,12673100
2023-12-27,MSFT,366.2510070800781,14905400
2023-12-28,MSFT,367.435791015625,14327000
2023-12-29,MSFT,368.1799011230469,18730800
2024-01-02,MSFT,363.117919921875,25258600
2024-01-03,MSFT,362.8536071777344,23083500
2024-01-04,MSFT,360.2491760253906,20901500
2024-01-05,MSFT,360.0631408691406,21004600
2024-01-08,MSFT,366.85809326171875,23134000
2024-01-09,MSFT,367.9351501464844,20830000
2024-01-10,MSFT,374.7691955566406,25514200
2024-01-11,MSFT,376.5903015136719,27850800
2024-01-12,MSFT,380.3500671386719,21661200
2024-01-16,MSFT,382.1124267578125,27202300
2024-01-17,MSFT,381.32916259765625,22234100
2024-01-18,MSFT,385.6371765136719,23392100
2024-01-19,MSFT,390.3368225097656,29331100
2024-01-22,MSFT,388.22198486328125,27016900
2024-01-23,MSFT,390.5619812011719,20525900
2024-01-24,MSFT,394.1455078125,24867000
2024-01-25,MSFT,396.4072265625,21021200
2024-01-26,MSFT,395.4868469238281,17803300
2024-01-29,MSFT,401.1559143066406,24510200
2024-01-30,MSFT,400.04949951171875,33477600
2024-01-31,MSFT,389.2696228027344,47871100
2024-02-01,MSFT,395.3399963378906,30657700
2024-02-02,MSFT,402.62451171875,28256700
2024-02-05,MSFT,397.1709899902344,25352300
2024-02-06,MSFT,397.0142822265625,18382600
2024-02-07,MSFT,405.3953857421875,22340500
2024-02-08,MSFT,405.4541320800781,21225300
2024-02-09,MSFT,411.7594909667969,22032800
2024-02-12,MSFT,406.580078125,21202900
2024-02-13,MSFT,397.826904296875,27824900
2024-02-14,MSFT,401.672119140625,20401200
2024-02-15,MSFT,398.7979736328125,21825500
2024-02-16,MSFT,396.34576416015625,22296500
2024-02-20,MSFT,395.10003662109375,24307900
2024-02-21,MSFT,394.5016174316406,18518900
2024-02-22,MSFT,403.7908630371094,27009900
2024-02-23,MSFT,402.5058898925781,16295900
2024-02-26,MSFT,399.75933837890625,16193500
2024-02-27,MSFT,399.70050048828125,14835800
2024-02-28,MSFT,399.9359130859375,13183100
2024-02-29,MSFT,405.7428894042969,31947300
2024-03-01,MSFT,407.56732177734375,17823400
2024-03-04,MSFT,406.9984436035156,17596000
2024-03-05,MSFT,394.962646484375,26919200
2024-03-06,MSFT,394.4133605957031,22344100
2024-03-07,MSFT,401.3287353515625,18718500
2024-03-08,MSFT,398.4645080566406,18002200
2024-03-11,MSFT,396.79693603515625,16120800
2024-03-12,MSFT,407.3515625,22457000
2024-03-13,MSFT,407.175048828125,17115900
2024-03-14,MSFT,417.10174560546875,34157300
2024-03-15,MSFT,408.4698181152344,45079900
2024-03-18,MSFT,409.3525695800781,20106000
2024-03-19,MSFT,413.364501953125,19837900
2024-03-20,MSFT,417.11163330078125,17860100
2024-03-21,MSFT,421.17254638671875,21296200
2024-03-22,MSFT,420.5545959472656,17648500
2024-03-25,MSFT,414.7868347167969,18060500
2024-03-26,MSFT,413.5998840332031,16725600
2024-03-27,MSFT,413.38409423828125,16705000
2024-03-28,MSFT,412.68768310546875,21871200
2024-04-01,MSFT,416.4642333984375,16316000
2024-04-02,MSFT,413.39398193359375,17912000
2024-04-03,MSFT,412.4228210449219,16502300
2024-04-04,MSFT,409.9019470214844,19370900
2024-04-05,MSFT,417.39605712890625,16554800
2024-04-08,MSFT,416.4837951660156,14272400
2024-04-09,MSFT,418.14154052734375,12496900
2024-04-10,MSFT,415.1792297363281,16216600
2024-04-11,MSFT,419.7601013183594,17966400
2024-04-12,MSFT,413.8451843261719,19253800
2024-04-15,MSFT,405.7428894042969,20273500
2024-04-16,MSFT,406.6648864746094,16765600
2024-04-17,MSFT,403.97723388671875,15855500
2024-04-18,MSFT,396.5517272949219,21029900
2024-04-19,MSFT,391.50006103515625,30565800
2024-04-22,MSFT,393.304931640625,20286900
2024-04-23,MSFT,399.78875732421875,15734500
2024-04-24,MSFT,401.2503356933594,15065300
2024-04-25,MSFT,391.42156982421875,40586500
2024-04-26,MSFT,398.5626525878906,29694700
2024-04-29,MSFT,394.57037353515625,19582100
2024-04-30,MSFT,381.89697265625,28781400
2024-05-01,MSFT,387.39990234375,23562500
2024-05-02,MSFT,390.2445068359375,17709400
2024-05-03,MSFT,398.8960876464844,17446700
2024-05-06,MSFT,405.644775390625,16996600
2024-05-07,MSFT,401.5249328613281,20018200
2024-05-08,MSFT,402.7020263671875,11792300
2024-05-09,MSFT,404.44805908203125,14689700
2024-05-10,MSFT,406.8218994140625,13402300
2024-05-13,MSFT,405.8213195800781,15440200
2024-05-14,MSFT,408.60711669921875,15109300
2024-05-15,MSFT,415.7511901855469,22239500
2024-05-16,MSFT,413.6973571777344,17530100
2024-05-17,MSFT,412.930908203125,15352200
2024-05-20,MSFT,417.97198486328125,16272100
2024-05-21,MSFT,421.6079406738281,21453300
2024-05-22,MSFT,423.06231689453125,18073700
2024-05-23,MSFT,419.6033020019531,17211700
2024-05-24,MSFT,422.70855712890625,11855300
2024-05-28,MSFT,422.8657531738281,15718000
2024-05-29,MSFT,421.7356872558594,15517100
2024-05-30,MSFT,407.48687744140625,28394500
2024-05-31,MSFT,407.93896484375,47995300
2024-06-03,MSFT,406.3567810058594,17484700
2024-06-04,MSFT,408.8626403808594,14348900
2024-06-05,MSFT,416.6650695800781,16988000
2024-06-06,MSFT,417.1662292480469,14861300
2024-06-07,MSFT,416.50787353515625,13621700
2024-06-10,MSFT,420.458251953125,13982900
2024-06-11,MSFT,425.1849365234375,14551100
2024-06-12,MSFT,433.4197082519531,22366200
2024-06-13,MSFT,433.9307556152344,15960600
2024-06-14,MSFT,434.9035949707031,13582000
2024-06-17,MSFT,440.6031188964844,20790000
2024-06-18,MSFT,438.6082458496094,17112500
2024-06-20,MSFT,437.9793395996094,19877400
2024-06-21,MSFT,441.9886779785156,34187100
2024-06-24,MSFT,439.9151916503906,15913700
2024-06-25,MSFT,443.138427734375,16413400
2024-06-26,MSFT,444.32745361328125,16507000
2024-06-27,MSFT,445.0055236816406,14806300
2024-06-28,MSFT,439.20770263671875,28362300
2024-07-01,MSFT,448.81829833984375,17662800
2024-07-02,MSFT,451.3241271972656,13979800
2024-07-03,MSFT,452.7882995605469,9932800
2024-07-05,MSFT,459.460693359375,16000300
2024-07-08,MSFT,458.1635437011719,12962300
2024-07-09,MSFT,451.57965087890625,17207200
2024-07-10,MSFT,458.17340087890625,18196100
2024-07-11,MSFT,446.8234558105469,23111200
2024-07-12,MSFT,445.693359375,16324300
2024-07-15,MSFT,446.09625244140625,14429400
2024-07-16,MSFT,441.73321533203125,17175700
2024-07-17,MSFT,435.8370666503906,21778000
2024-07-18,MSFT,432.74169921875,20794800
2024-07-19,MSFT,429.53814697265625,20940400
2024-07-22,MSFT,435.2671813964844,15808800
2024-07-23,MSFT,437.1440734863281,13107100
2024-07-24,MSFT,421.47039794921875,26805800
2024-07-25,MSFT,411.15228271484375,29943800
2024-07-26,MSFT,417.9032287597656,23583800
2024-07-29,MSFT,419.3379211425781,15125800
2024-07-30,MSFT,415.5939636230469,32687600
2024-07-31,MSFT,411.1031494140625,42891400
2024-08-01,MSFT,409.88458251953125,30296400
2024-08-02,MSFT,401.4139404296875,29437900
2024-08-05,MSFT,388.30499267578125,40709200
2024-08-06,MSFT,392.6877746582031,24946500
2024-08-07,MSFT,391.5281982421875,20650900
2024-08-08,MSFT,395.71441650390625,20203000
2024-08-09,MSFT,398.9866638183594,19276700
2024-08-12,MSFT,399.7630310058594,16762900
2024-08-13,MSFT,406.8383483886719,19414300
2024-08-14,MSFT,409.6389465332031,18267000
2024-08-15,MSFT,414.482421875,20752100
2024-08-16,MSFT,411.9622497558594,22775600
2024-08-19,MSFT,414.9746398925781,15234000
2024-08-20,MSFT,418.1938171386719,16387600
2024-08-21,MSFT,417.5440673828125,16067300
2024-08-22,MSFT,409.087646484375,19361900
2024-08-23,MSFT,410.3083801269531,18493800
2024-08-26,MSFT,407.0597229003906,13152800
2024-08-27,MSFT,407.4042663574219,13492900
2024-08-28,MSFT,404.2146301269531,14882700
2024-08-29,MSFT,406.6954650878906,17045200
2024-08-30,MSFT,410.6529541015625,24308300
2024-09-03,MSFT,403.0726623535156,20313600
2024-09-04,MSFT,402.5410461425781,15135800
2024-09-05,MSFT,402.0389709472656,14195500
2024-09-06,MSFT,395.4530334472656,19609500
2024-09-09,MSFT,399.4105224609375,15295100
2024-09-10,MSFT,407.7586669921875,19594300
2024-09-11,MSFT,416.4611511230469,19266900
2024-09-12,MSFT,420.359619140625,17395700
2024-09-13,MSFT,423.8937683105469,15874600
2024-09-16,MSFT,424.632080078125,13834700
2024-09-17,MSFT,428.3828430175781,18874200
2024-09-18,MSFT,424.1103515625,18898000
2024-09-19,MSFT,431.8677978515625,21706600
2024-09-20,MSFT,428.5009765625,55167100
2024-09-23,MSFT,426.76837158203125,15128900
2024-09-24,MSFT,422.495849609375,17015800
2024-09-25,MSFT,425.39007568359375,13396400
2024-09-26,MSFT,424.6025390625,14492000
2024-09-27,MSFT,421.36376953125,14896100
2024-09-30,MSFT,423.6082458496094,16807300
2024-10-01,MSFT,414.147705078125,19092900
2024-10-02,MSFT,410.64312744140625,16582300
2024-10-03,MSFT,410.0622863769531,13686400
2024-10-04,MSFT,409.5897216796875,19169700
2024-10-07,MSFT,403.1711120605469,20919800
2024-10-08,MSFT,408.2607421875,19229300
2024-10-09,MSFT,410.9678955078125,14974300
2024-10-10,MSFT,409.37310791015625,13848400
2024-10-11,MSFT,409.845703125,14144900
2024-10-14,MSFT,412.621826171875,16653100
2024-10-15,MSFT,412.22802734375,18900200
2024-10-16,MSFT,409.64874267578125,15508900
2024-10-17,MSFT,410.2394714355469,14820000
2024-10-18,MSFT,411.6570739746094,17145300
2024-10-21,MSFT,412.2674560546875,14206100
2024-10-22,MSFT,420.8616638183594,25482200
2024-10-23,MSFT,417.9969177246094,19654400
2024-10-24,MSFT,418.1248779296875,13581600
2024-10-25,MSFT,421.49169921875,16899100
2024-10-28,MSFT,419.95599365234375,14882400
2024-10-29,MSFT,425.2326354980469,17644100
2024-10-30,MSFT,425.8036193847656,29749100
2024-10-31,MSFT,400.0307312011719,53971000
2024-11-01,MSFT,403.9881896972656,24230400
2024-11-04,MSFT,402.1078796386719,19672300
2024-11-05,MSFT,405.06121826171875,17626000
2024-11-06,MSFT,413.6456604003906,26681800
2024-11-07,MSFT,418.8139953613281,19901800
2024-11-08,MSFT,415.96893310546875,16891400
2024-11-11,MSFT,411.5093994140625,24503300
2024-11-12,MSFT,416.4513244628906,19401200
2024-11-13,MSFT,418.58758544921875,21502200
2024-11-14,MSFT,420.2513122558594,30246900
2024-11-15,MSFT,408.5461730957031,28247600
2024-11-18,MSFT,409.2944030761719,24727000
2024-11-19,MSFT,411.2928161621094,18133500
2024-11-20,MSFT,409.0285949707031,19191700
2024-11-21,MSFT,407.26287841796875,20780200
2024-11-22,MSFT,411.33685302734375,24814600
2024-11-25,MSFT,413.1024475097656,27691100
2024-11-26,MSFT,422.1775817871094,23458900
2024-11-27,MSFT,417.2454528808594,18332400
2024-11-29,MSFT,417.7090759277344,16271900
2024-12-02,MSFT,425.126953125,20207200
2024-12-03,MSFT,425.3439636230469,18302000
2024-12-04,MSFT,431.4794921875,26009400
2024-12-05,MSFT,436.60882568359375,21697800
2024-12-06,MSFT,437.54595947265625,18821000
2024-12-09,MSFT,439.9626770019531,19144400
2024-12-10,MSFT,437.3092346191406,18469500
2024-12-11,MSFT,442.892333984375,19200200
2024-12-12,MSFT,443.45458984375,20834800
2024-12-13,MSFT,441.1956481933594,20177800
2024-12-16,MSFT,445.45703125,23598800
2024-12-17,MSFT,448.2880859375,22733500
2024-12-18,MSFT,431.4499206542969,24444500
2024-12-19,MSFT,431.09478759765625,22963700
2024-12-20,MSFT,430.670654296875,64263700
2024-12-23,MSFT,429.3389587402344,19152500
2024-12-24,MSFT,433.363525390625,7164500
2024-12-26,MSFT,432.1601257324219,8194200
2024-12-27,MSFT,424.6830749511719,18117700
2024-12-30,MSFT,419.0604248046875,13158700
2024-12-31,MSFT,415.77569580078125,13246500
2025-01-02,MSFT,412.8953552246094,16896500
2025-01-03,MSFT,417.6005859375,16662900
2025-01-06,MSFT,422.0394592285156,20573600
2025-01-07,MSFT,416.6338195800781,18139100
2025-01-08,MSFT,418.794189453125,15054600
2025-01-10,MSFT,413.2603454589844,20201100
2025-01-13,MSFT,411.52423095703125,17604800
2025-01-14,MSFT,410.0249328613281,16935900
2025-01-15,MSFT,420.5203857421875,19637800
2025-01-16,MSFT,418.8138122558594,15300000
2025-01-17,MSFT,423.2034606933594,26197500
2025-01-21,MSFT,422.6806335449219,26085700
2025-01-22,MSFT,440.1402587890625,27803800
2025-01-23,MSFT,440.643310546875,18389300
2025-01-24,MSFT,438.0292663574219,15549500
2025-01-27,MSFT,428.6583251953125,35647800
2025-01-28,MSFT,441.126708984375,23491700
2025-01-29,MSFT,436.3227844238281,23581400
2025-01-30,MSFT,409.35406494140625,54586300
2025-01-31,MSFT,409.4231872558594,34161900
2025-02-03,MSFT,405.3393859863281,25679100
2025-02-04,MSFT,406.7696838378906,20532100
2025-02-05,MSFT,407.67718505859375,16316700
2025-02-06,MSFT,410.1728515625,16309800
2025-02-07,MSFT,404.185302734375,22886800
2025-02-10,MSFT,406.62176513671875,20817900
2025-02-11,MSFT,405.852294921875,18140600
2025-02-12,MSFT,403.48492431640625,19121700
2025-02-13,MSFT,404.9645080566406,23891700
2025-02-14,MSFT,402.8831787109375,22758500
2025-02-18,MSFT,404.0767517089844,21423100
2025-02-19,MSFT,409.1370544433594,24114200
2025-02-20,MSFT,411.30169677734375,23508700
2025-02-21,MSFT,403.47357177734375,27524800
2025-02-24,MSFT,399.31243896484375,26443700
2025-02-25,MSFT,393.2831726074219,29387400
2025-02-26,MSFT,395.09197998046875,19619000
2025-02-27,MSFT,387.97552490234375,21127400
2025-02-28,MSFT,392.3837585449219,32845700
2025-03-03,MSFT,383.98236083984375,23007700
2025-03-04,MSFT,384.10101318359375,29342900
2025-03-05,MSFT,396.3669738769531,23433100
2025-03-06,MSFT,392.284912109375,23304600
2025-03-07,MSFT,388.7464599609375,22034100
2025-03-10,MSFT,375.7490539550781,32840100
2025-03-11,MSFT,376.0356750488281,30380200
2025-03-12,MSFT,378.82293701171875,24253600
2025-03-13,MSFT,374.3751525878906,20473000
2025-03-14,MSFT,384.0516052246094,19952800
2025-03-17,MSFT,384.18994140625,22474300
2025-03-18,MSFT,379.070068359375,19486900
2025-03-19,MSFT,383.3201599121094,19185500
2025-03-20,MSFT,382.3515319824219,18470500
2025-03-21,MSFT,386.72027587890625,39675900
2025-03-24,MSFT,388.5191345214844,21004500
2025-03-25,MSFT,390.57501220703125,15775000
2025-03-26,MSFT,385.4452209472656,16108400
2025-03-27,MSFT,386.048095703125,13766800
2025-03-28,MSFT,374.40478515625,21632000
2025-03-31,MSFT,371.0343933105469,35184700
2025-04-01,MSFT,377.7554931640625,19689500
2025-04-02,MSFT,377.7060852050781,16092600
2025-04-03,MSFT,368.78082275390625,30198000
2025-04-04,MSFT,355.664794921875,49209900
2025-04-07,MSFT,353.707763671875,50425000
2025-04-08,MSFT,350.44610595703125,35868900
2025-04-09,MSFT,385.95916748046875,50199700
2025-04-10,MSFT,376.92523193359375,38024400
2025-04-11,MSFT,383.9428405761719,23839200
2025-04-14,MSFT,383.3103332519531,19251200
2025-04-15,MSFT,381.25439453125,17199900
2025-04-16,MSFT,367.2982177734375,21967800
2025-04-17,MSFT,363.5126647949219,21120200
2025-04-21,MSFT,354.95318603515625,20807300
2025-04-22,MSFT,362.5638122558594,19485000
2025-04-23,MSFT,370.0459899902344,20545500
2025-04-24,MSFT,382.8061828613281,22232300
2025-04-25,MSFT,387.30340576171875,18973200
2025-04-28,MSFT,386.62139892578125,16579400
2025-04-29,MSFT,389.4679870605469,14974000
2025-04-30,MSFT,390.6738586425781,36461100
2025-05-01,MSFT,420.4640808105469,58938100
2025-05-02,MSFT,430.2294921875,30757400
2025-05-05,MSFT,431.1092224121094,20136100
2025-05-06,MSFT,428.2823486328125,15104200
2025-05-07,MSFT,428.3219299316406,23295300
2025-05-08,MSFT,433.0859375,23491300
2025-05-09,MSFT,433.6394348144531,15324200
2025-05-12,MSFT,444.0472412109375,22821900
2025-05-13,MSFT,443.9287109375,23618800
2025-05-14,MSFT,447.6845703125,19902800
2025-05-15,MSFT,448.6946105957031,21992300
2025-05-16,MSFT,449.82342529296875,23849800
2025-05-19,MSFT,454.37841796875,21336500
2025-05-20,MSFT,453.6852722167969,15441800
2025-05-21,MSFT,448.1401062011719,19216900
2025-05-22,MSFT,450.40765380859375,18025600
2025-05-23,MSFT,445.7734680175781,16883500
2025-05-27,MSFT,456.1806335449219,20974300
2025-05-28,MSFT,452.8832092285156,17086300
2025-05-29,MSFT,454.1902770996094,13974800
2025-05-30,MSFT,455.85382080078125,34770500
2025-06-02,MSFT,457.4480895996094,16626500
2025-06-03,MSFT,458.43829345703125,15743800
2025-06-04,MSFT,459.3294677734375,14162700
2025-06-05,MSFT,463.1022033691406,20131700
2025-06-06,MSFT,465.7757263183594,15285600
2025-06-09,MSFT,468.1225280761719,16469900
2025-06-10,MSFT,466.3104553222656,15375900
2025-06-11,MSFT,467.9938049316406,16399200
2025-06-12,MSFT,474.1826171875,18950600
2025-06-13,MSFT,470.3109130859375,16814500
2025-06-16,MSFT,474.45001220703125,15626100
2025-06-17,MSFT,473.3608093261719,15414100
2025-06-18,MSFT,475.53924560546875,17526500
2025-06-20,MSFT,472.7270202636719,37576200
2025-06-23,MSFT,481.2428283691406,24864000
2025-06-24,MSFT,485.3126220703125,22305600
2025-06-25,MSFT,487.45147705078125,17495100
2025-06-26,MSFT,492.58074951171875,21578900
2025-06-27,MSFT,491.0855712890625,34539200
2025-06-30,MSFT,492.5411682128906,28369000
2025-07-01,MSFT,487.2336120605469,19945400
2025-07-02,MSFT,486.2830505371094,16319600
2025-07-03,MSFT,493.9571838378906,13984800
2025-07-07,MSFT,492.84814453125,13981600
2025-07-08,MSFT,491.7589111328125,11846600
2025-07-09,MSFT,498.5814514160156,18659500
2025-07-10,MSFT,496.5713195800781,16492100
2025-07-11,MSFT,498.3933410644531,16459500
2025-07-14,MSFT,498.09625244140625,12058800
2025-07-15,MSFT,500.8688659667969,14927200
2025-07-16,MSFT,500.6708068847656,15154400
2025-07-17,MSFT,506.6913146972656,17503100
2025-07-18,MSFT,505.05743408203125,21209700
2025-07-21,MSFT,505.06732177734375,14066800
2025-07-22,MSFT,500.32421875,13868600
2025-07-23,MSFT,500.9183654785156,16396600
2025-07-24,MSFT,505.87933349609375,16107000
2025-07-25,MSFT,508.681640625,19125700
2025-07-28,MSFT,507.4834899902344,14308000
2025-07-29,MSFT,507.55279541015625,16469200
2025-07-30,MSFT,508.21624755859375,26380400
2025-07-31,MSFT,528.2778930664062,51617300
2025-08-01,MSFT,518.9798583984375,28977600
2025-08-04,MSFT,530.39697265625,25349000
2025-08-05,MSFT,522.584228515625,19171600
2025-08-06,MSFT,519.8016967773438,21355700
2025-08-07,MSFT,515.7418212890625,16079100
2025-08-08,MSFT,516.9300537109375,15531000
2025-08-11,MSFT,516.6627197265625,20194400
2025-08-12,MSFT,524.0595092773438,18667000
2025-08-13,MSFT,515.4844360351562,19619200
2025-08-14,MSFT,517.36572265625,20269100
2025-08-15,MSFT,515.0783081054688,25213300
2025-08-18,MSFT,512.0383911132812,23760600
2025-08-19,MSFT,504.7801818847656,21481000
2025-08-20,MSFT,500.76983642578125,27723000
2025-08-21,MSFT,500.1251525878906,18443300
2025-08-22,MSFT,503.0907287597656,24324200
2025-08-25,MSFT,500.1449890136719,21638600
2025-08-26,MSFT,497.9430847167969,30835700
2025-08-27,MSFT,502.6047058105469,17277900
2025-08-28,MSFT,505.4810791015625,18015600
2025-08-29,MSFT,502.5551452636719,20961600
2025-09-02,MSFT,500.9979553222656,18128000
2025-09-03,MSFT,501.2261047363281,16345100
2025-09-04,MSFT,503.8246765136719,15509500
2025-09-05,MSFT,490.96051025390625,31994800
2025-09-08,MSFT,494.1344299316406,16771000
2025-09-09,MSFT,494.3426818847656,14410500
2025-09-10,MSFT,496.2867126464844,21611800
2025-09-11,MSFT,496.9215087890625,18881600
2025-09-12,MSFT,505.73895263671875,23624900
2025-09-15,MSFT,511.15435791015625,17143800
2025-09-16,MSFT,504.885986328125,19711900
2025-09-17,MSFT,505.8579406738281,15816600
2025-09-18,MSFT,504.3008117675781,18913700
2025-09-19,MSFT,513.7034912109375,52474100
2025-09-22,MSFT,510.2518615722656,20009300
2025-09-23,MSFT,505.0744323730469,19799600
2025-09-24,MSFT,505.9869079589844,13533700
2025-09-25,MSFT,502.8923645019531,15786500
2025-09-26,MSFT,507.28619384765625,16213100
2025-09-29,MSFT,510.4004821777344,17617800
2025-09-30,MSFT,513.7232666015625,19728200
2025-10-01,MSFT,515.4688720703125,22632300
2025-10-02,MSFT,511.53131103515625,21222900
2025-10-03,MSFT,513.1280517578125,15112300
2025-10-06,MSFT,524.256591796875,21388600
2025-10-07,MSFT,519.7039794921875,14615200
2025-10-08,MSFT,520.5668334960938,13363400
2025-10-09,MSFT,518.136962890625,18343600
2025-10-10,MSFT,506.790283203125,24133800
2025-10-13,MSFT,509.8550720214844,14284200
2025-10-14,MSFT,509.3790283203125,14684300
2025-10-15,MSFT,509.2401123046875,14694700
2025-10-16,MSFT,507.43499755859375,15559600
2025-10-17,MSFT,509.3889465332031,19867800
2025-10-20,MSFT,512.57275390625,14665600
2025-10-21,MSFT,513.4356079101562,15586200
2025-10-22,MSFT,516.2921142578125,18962700
2025-10-23,MSFT,516.3118896484375,14023500
2025-10-24,MSFT,519.3369750976562,15532400
2025-10-27,MSFT,527.1825561523438,18734700
2025-10-28,MSFT,537.6463623046875,29986700
2025-10-29,MSFT,537.130615234375,36023000
2025-10-30,MSFT,521.4695434570312,41023100
2025-10-31,MSFT,513.5843505859375,34006400
2025-11-03,MSFT,512.8107299804688,22374700
2025-11-04,MSFT,510.1328125,20958700
2025-11-05,MSFT,503.02130126953125,23024300
2025-11-06,MSFT,493.0434265136719,27406500
2025-11-07,MSFT,492.76568603515625,24019800
2025-11-10,MSFT,501.8707580566406,26101500
2025-11-11,MSFT,504.5289001464844,17980000
2025-11-12,MSFT,506.9688415527344,26574900
2025-11-13,MSFT,499.1828918457031,25273100
2025-11-14,MSFT,506.01666259765625,28505700
2025-11-17,MSFT,503.34857177734375,19092800
2025-11-18,MSFT,489.76043701171875,33815100
2025-11-19,MSFT,483.14483642578125,23245300
2025-11-20,MSFT,475.41387939453125,26802500
2025-11-21,MSFT,469.1436462402344,31769200
2025-11-24,MSFT,471.0118103027344,34421000
2025-11-25,MSFT,473.9829406738281,28019800
2025-11-26,MSFT,482.4393310546875,25709100
2025-11-28,MSFT,488.9082946777344,14386700
2025-12-01,MSFT,483.6715087890625,23964000
2025-12-02,MSFT,486.91094970703125,19562700
2025-12-03,MSFT,474.71832275390625,34615100
2025-12-04,MSFT,477.8087158203125,22318200
2025-12-05,MSFT,480.11407470703125,22608700
2025-12-08,MSFT,487.92449951171875,21965900
2025-12-09,MSFT,488.918212890625,14696100
2025-12-10,MSFT,475.5430603027344,35756200
2025-12-11,MSFT,480.422119140625,24669200
2025-12-12,MSFT,475.51324462890625,21248100
2025-12-15,MSFT,471.8266296386719,23727700
2025-12-16,MSFT,473.38677978515625,20705600
2025-12-17,MSFT,473.1184387207031,24527200
2025-12-18,MSFT,480.9289245605469,28573500
2025-12-19,MSFT,482.8566589355469,70836100
2025-12-22,MSFT,481.8630065917969,16963000
2025-12-23,MSFT,483.7807922363281,14683600
2025-12-24,MSFT,484.9433898925781,5855900
2025-12-26,MSFT,484.6353454589844,8842200
2025-12-29,MSFT,484.02923583984375,10893400
2025-12-30,MSFT,484.4068603515625,13944500
2025-12-31,MSFT,480.5711669921875,15601600
2026-01-02,MSFT,469.95849609375,25571600
2026-01-05,MSFT,469.86907958984375,25250300
2026-01-06,MSFT,475.493408203125,23037700
2026-01-07,MSFT,480.422119140625,25564200
2026-01-08,MSFT,475.09588623046875,18162600
2026-01-09,MSFT,476.2585144042969,18491000
2026-01-12,MSFT,474.1717529296875,23519900
2026-01-13,MSFT,467.70281982421875,28545800
2026-01-14,MSFT,456.4839782714844,28184300
2026-01-15,MSFT,453.7811279296875,23225800
2026-01-16,MSFT,456.9609069824219,34246700
2026-01-20,MSFT,451.6546325683594,26130000
2026-01-21,MSFT,441.31024169921875,37980500
2026-01-22,MSFT,448.2959289550781,25349400
2026-01-23,MSFT,463.0125732421875,38000200
2026-01-26,MSFT,467.3152770996094,29291200
2026-01-27,MSFT,477.55029296875,29213900
2026-01-28,MSFT,478.5937194824219,36875400
2026-01-29,MSFT,430.7671203613281,128855300
2026-01-30,MSFT,427.577392578125,58566800
2026-02-02,MSFT,420.70098876953125,42219900
2026-02-03,MSFT,408.6176452636719,61424100
2026-02-04,MSFT,411.578857421875,45012400
2026-02-05,MSFT,391.188232421875,66289200
2026-02-06,MSFT,398.61114501953125,53515300
2026-02-09,MSFT,410.99261474609375,45480500
2026-02-10,MSFT,410.6646728515625,44857900
2026-02-11,MSFT,401.8207702636719,42491000
2026-02-12,MSFT,399.30670166015625,40802400
2026-02-13,MSFT,398.7900085449219,34091600
2026-02-17,MSFT,394.35809326171875,32078800
2026-02-18,MSFT,397.08087158203125,23223400
2026-02-19,MSFT,396.8517761230469,28234000
2026-02-20,MSFT,395.6267395019531,34015200
2026-02-23,MSFT,382.918212890625,43238300
2026-02-24,MSFT,387.4299621582031,33884700
2026-02-25,MSFT,398.9831237792969,43625500
2026-02-26,MSFT,400.0986022949219,34405900
2026-02-27,MSFT,391.15484619140625,51367200
2026-03-02,MSFT,396.9413757324219,35474900
2026-03-03,MSFT,402.2996826171875,38199200
2026-03-04,MSFT,403.5645751953125,35808000
2026-03-05,MSFT,409.0224304199219,39001300
2026-03-06,MSFT,407.30938720703125,31123900
2026-03-09,MSFT,407.757568359375,30131900
2026-03-10,MSFT,404.122314453125,31706400
2026-03-11,MSFT,403.245849609375,25512100
2026-03-12,MSFT,400.238037109375,27263900
2026-03-13,MSFT,393.9534912109375,26848000
2026-03-16,MSFT,398.33575439453125,27733700
2026-03-17,MSFT,397.79791259765625,26228300
2026-03-18,MSFT,390.2087097167969,25908500
2026-03-19,MSFT,387.4498596191406,25138800
2026-03-20,MSFT,380.3287353515625,50853200
2026-03-23,MSFT,381.4541931152344,29680100
2026-03-24,MSFT,371.2355651855469,42733600
2026-03-25,MSFT,369.5424499511719,31181200
2026-03-26,MSFT,364.492919921875,36836600
2026-03-27,MSFT,355.33001708984375,37883400
2026-03-30,MSFT,357.51116943359375,44797000
2026-03-31,MSFT,368.67596435546875,45244400
2026-04-01,MSFT,367.8791809082031,29417200
2026-04-02,MSFT,371.9526672363281,24099100
2026-04-06,MSFT,371.375,16146600
2026-04-07,MSFT,370.78741455078125,21443300
2026-04-08,MSFT,372.81915283203125,33064800
2026-04-09,MSFT,371.56427001953125,30435300
2026-04-10,MSFT,369.3731384277344,28111100
2026-04-13,MSFT,382.8186340332031,35745800
2026-04-14,MSFT,391.5233459472656,37504500
2026-04-15,MSFT,409.5602722167969,45063400
2026-04-16,MSFT,418.56378173828125,41642400
2026-04-17,MSFT,421.0835876464844,48568200
2026-04-20,MSFT,416.38262939453125,27582200
2026-04-21,MSFT,422.44805908203125,32048500
2026-04-22,MSFT,431.1726989746094,29378200
2026-04-23,MSFT,414.07196044921875,38308000
2026-04-24,MSFT,422.90618896484375,27457400
2026-04-27,MSFT,423.1053771972656,30867300
2026-04-28,MSFT,427.5174865722656,30438100
2026-04-29,MSFT,422.7467956542969,38288300
2026-04-30,MSFT,406.1341552734375,70909400
2026-05-01,MSFT,412.76727294921875,31372400
2026-05-04,MSFT,411.9505615234375,28066500
2026-05-05,MSFT,409.7196350097656,25700900
2026-05-06,MSFT,412.2891845703125,30285900
2026-05-07,MSFT,419.07171630859375,34942400
2026-05-08,MSFT,413.44451904296875,33383800
2026-05-11,MSFT,410.99444580078125,35657900
2026-05-12,MSFT,406.1241760253906,38594200
2026-05-13,MSFT,403.57452392578125,29667100
2026-05-14,MSFT,407.7774963378906,27077500
2026-05-15,MSFT,420.2170715332031,50771200
2026-05-18,MSFT,421.83056640625,32564100
2026-05-19,MSFT,415.7352600097656,33018700
2026-05-20,MSFT,419.36053466796875,27864000
2026-05-21,MSFT,418.3025207519531,31393500
2026-05-22,MSFT,417.7835388183594,22390300
2026-05-26,MSFT,415.248291015625,30398000
2026-05-27,MSFT,411.8946228027344,28901500
2026-05-28,MSFT,426.18768310546875,47250500
2026-05-29,MSFT,449.3940124511719,79654400
2026-06-01,MSFT,459.6546936035156,53628900
2026-06-02,MSFT,440.48077392578125,37036800
2026-06-03,MSFT,426.53704833984375,39037000
2026-06-04,MSFT,427.2456970214844,26899500
2026-06-05,MSFT,415.8870849609375,34782200
2026-06-08,MSFT,410.9663391113281,32086700
2026-06-09,MSFT,402.6520080566406,35317300
2026-06-10,MSFT,396.61334228515625,32576000
2026-06-11,MSFT,389.6065673828125,47224100
2026-06-12,MSFT,390.00579833984375,34865800
2026-06-15,MSFT,399.0088806152344,32266400
2026-06-16,MSFT,393.0899963378906,31506800
2026-06-17,MSFT,378.1980285644531,41987800
2026-06-18,MSFT,378.6871032714844,59714200
2026-06-22,MSFT,366.6497802734375,45171100
2026-06-23,MSFT,373.23736572265625,40647600
2026-06-24,MSFT,364.7733154296875,44509900
2026-06-25,MSFT,352.1670227050781,66179000
2026-06-26,MSFT,372.2691955566406,186201600
2026-06-29,MSFT,367.8774719238281,51229900
2026-06-30,MSFT,372.319091796875,44945700
2026-07-01,MSFT,383.5579528808594,48065800
2026-07-02,MSFT,389.7562561035156,42128900
2026-07-06,MSFT,386.0133056640625,34224500
2026-07-07,MSFT,388.109375,29297500
2026-07-08,MSFT,382.6197204589844,25908300
2026-07-09,MSFT,383.6377868652344,31083200
2026-07-10,MSFT,384.37640380859375,24644600
2026-07-13,MSFT,390.2553405761719,28914900
2026-07-14,MSFT,384.20672607421875,27863900
2026-07-15,MSFT,394.8866271972656,36253700
2026-07-16,MSFT,400.3463439941406,37047400
2026-07-17,MSFT,393.08001708984375,33049800
2026-07-20,MSFT,401.53411865234375,27915800
2026-07-21,MSFT,397.00262451171875,24126600
2026-07-22,MSFT,389.6065673828125,28142500
2026-07-23,MSFT,380.8630065917969,30351800
2026-07-24,MSFT,380.9828186035156,27659400
2026-07-27,MSFT,388.368896484375,27856200
2026-07-28,MSFT,392.61090087890625,32367500
2026-07-29,MSFT,389.8061828613281,47209000
2026-07-30,MSFT,450.2524108886719,110160700
2026-07-31,MSFT,463.8468017578125,60846000
2026-08-03,MSFT,486.73370361328125,66762100
2026-08-04,MSFT,491.884033203125,50455500
2026-08-05,MSFT,486.5440673828125,33388900
2026-08-06,MSFT,498.9207458496094,36441500
2026-08-07,MSFT,499.0505065917969,28846200
2026-08-10,MSFT,505.109130859375,31206100
2026-08-11,MSFT,502.86334228515625,23049800
2026-08-12,MSFT,491.5047302246094,29001500
2026-08-13,MSFT,495.9463806152344,23039000
2026-08-14,MSFT,494.4691467285156,16217600
2026-08-17,MSFT,479.44744873046875,29635800
2026-08-18,MSFT,480.72503662109375,24087600
2026-08-19,MSFT,483.3999938964844,19961900
2026-08-20,MSFT,481.1499938964844,20020800
2026-08-21,MSFT,483.239990234375,22510800
2026-08-24,MSFT,487.30999755859375,17230800
2026-08-25,MSFT,491.7099914550781,19519000
2026-08-26,MSFT,496.3699951171875,20758900
2026-08-27,MSFT,505.05999755859375,28688800
2026-08-28,MSFT,513.530029296875,29207300
2026-08-31,MSFT,507.2900085449219,27208900
2026-09-01,MSFT,501.0199890136719,21046900
2026-09-02,MSFT,496.82000732421875,15336100
2026-09-03,MSFT,510.1199951171875,24125900
2026-09-04,MSFT,499.70001220703125,18101800
2026-09-08,MSFT,493.95001220703125,18882300
2026-09-09,MSFT,491.6499938964844,12889600
2026-09-10,MSFT,492.44000244140625,16038800
2026-09-11,MSFT,495.6300048828125,14510500
2026-09-14,MSFT,505.4100036621094,23091900
2026-09-15,MSFT,497.1199951171875,17794600
2018-01-02,NVDA,4.917026519775391,355616000
2018-01-03,NVDA,5.240635395050049,914704000
2018-01-04,NVDA,5.268261909484863,583268000
2018-01-05,NVDA,5.312907695770264,580124000
2018-01-08,NVDA,5.4756951332092285,881216000
2018-01-09,NVDA,5.474216461181641,497000000
2018-01-10,NVDA,5.5171332359313965,582664000
2018-01-11,NVDA,5.527000904083252,406032000
2018-01-12,NVDA,5.499868392944336,359916000
2018-01-16,NVDA,5.429078578948975,702348000
2018-01-17,NVDA,5.542786598205566,538408000
2018-01-18,NVDA,5.535879135131836,408632000
2018-01-19,NVDA,5.675732135772705,609380000
2018-01-22,NVDA,5.764034748077393,550944000
2018-01-23,NVDA,5.89278507232666,475228000
2018-01-24,NVDA,5.816076755523682,579972000
2018-01-25,NVDA,5.829643726348877,409884000
2018-01-26,NVDA,6.001806259155273,516356000
2018-01-29,NVDA,6.088628768920898,455116000
2018-01-30,NVDA,5.986761569976807,570832000
2018-01-31,NVDA,6.062730312347412,478576000
2018-02-01,NVDA,5.932005882263184,519224000
2018-02-02,NVDA,5.75984001159668,718464000
2018-02-05,NVDA,5.2709736824035645,1165204000
2018-02-06,NVDA,5.563998699188232,1114800000
2018-02-07,NVDA,5.643420219421387,802932000
2018-02-08,NVDA,5.365194797515869,1144000000
2018-02-09,NVDA,5.724325180053711,1674604000
2018-02-12,NVDA,5.6244282722473145,1093172000
2018-02-13,NVDA,5.737889289855957,625524000
2018-02-14,NVDA,5.954694747924805,744988000
2018-02-15,NVDA,6.079995632171631,698900000
2018-02-16,NVDA,6.0143866539001465,637656000
2018-02-20,NVDA,6.143632411956787,686240000
2018-02-21,NVDA,5.956915855407715,892292000
2018-02-22,NVDA,5.976414203643799,534364000
2018-02-23,NVDA,6.069706439971924,415300000
2018-02-26,NVDA,6.085749626159668,469312000
2018-02-27,NVDA,6.072915554046631,455436000
2018-02-28,NVDA,5.972711563110352,523116000
2018-03-01,NVDA,5.731088161468506,1040120000
2018-03-02,NVDA,5.837955474853516,913428000
2018-03-05,NVDA,5.815989971160889,620776000
2018-03-06,NVDA,5.976661682128906,636808000
2018-03-07,NVDA,5.968761444091797,581208000
2018-03-08,NVDA,5.952473163604736,411912000
2018-03-09,NVDA,6.054897785186768,505524000
2018-03-12,NVDA,6.164233684539795,605060000
2018-03-13,NVDA,6.113637447357178,619772000
2018-03-14,NVDA,6.1390604972839355,505496000
2018-03-15,NVDA,6.153866291046143,401952000
2018-03-16,NVDA,6.182004451751709,399456000
2018-03-19,NVDA,5.948031425476074,713772000
2018-03-20,NVDA,6.159791946411133,554696000
2018-03-21,NVDA,6.134615898132324,438688000
2018-03-22,NVDA,5.969008445739746,551196000
2018-03-23,NVDA,5.749846458435059,735620000
2018-03-26,NVDA,6.0339202880859375,611424000
2018-03-27,NVDA,5.565975189208984,1409000000
2018-03-28,NVDA,5.463057518005371,945904000
2018-03-29,NVDA,5.715787410736084,916628000
2018-04-02,NVDA,5.455653190612793,922092000
2018-04-03,NVDA,5.5617804527282715,667432000
2018-04-04,NVDA,5.583744049072266,789168000
2018-04-05,NVDA,5.4637980461120605,701240000
2018-04-06,NVDA,5.2878241539001465,662988000
2018-04-09,NVDA,5.31645393371582,499524000
2018-04-10,NVDA,5.624960899353027,761676000
2018-04-11,NVDA,5.583744049072266,460244000
2018-04-12,NVDA,5.790074348449707,593920000
2018-04-13,NVDA,5.713565349578857,503036000
2018-04-16,NVDA,5.713318824768066,350792000
2018-04-17,NVDA,5.862636566162109,447224000
2018-04-18,NVDA,5.83375883102417,391364000
2018-04-19,NVDA,5.652851104736328,471996000
2018-04-20,NVDA,5.6447062492370605,386200000
2018-04-23,NVDA,5.525497913360596,427508000
2018-04-24,NVDA,5.459354877471924,414596000
2018-04-25,NVDA,5.3473029136657715,588492000
2018-04-26,NVDA,5.558571815490723,375824000
2018-04-27,NVDA,5.585966110229492,400848000
2018-04-30,NVDA,5.550673484802246,327844000
2018-05-01,NVDA,5.605957984924316,253788000
2018-05-02,NVDA,5.585472583770752,268248000
2018-05-03,NVDA,5.750338554382324,443144000
2018-05-04,NVDA,5.900149822235107,400660000
2018-05-07,NVDA,6.137579441070557,687616000
2018-05-08,NVDA,6.1800312995910645,506616000
2018-05-09,NVDA,6.31281042098999,596760000
2018-05-10,NVDA,6.420170783996582,994080000
2018-05-11,NVDA,6.2819600105285645,1214456000
2018-05-14,NVDA,6.302443981170654,523140000
2018-05-15,NVDA,6.060574531555176,963528000
2018-05-16,NVDA,6.071680068969727,553828000
2018-05-17,NVDA,6.113637447357178,519784000
2018-05-18,NVDA,6.069953441619873,483716000
2018-05-21,NVDA,6.0279951095581055,640624000
2018-05-22,NVDA,5.989988327026367,518264000
2018-05-23,NVDA,6.113219738006592,442956000
2018-05-24,NVDA,6.11692476272583,437372000
2018-05-25,NVDA,6.156190872192383,292112000
2018-05-29,NVDA,6.139151096343994,352684000
2018-05-30,NVDA,6.247811317443848,390996000
2018-05-31,NVDA,6.228058815002441,493868000
2018-06-01,NVDA,6.362155914306641,421968000
2018-06-04,NVDA,6.540707111358643,642024000
2018-06-05,NVDA,6.546139717102051,391712000
2018-06-06,NVDA,6.548117160797119,371356000
2018-06-07,NVDA,6.492550373077393,369448000
2018-06-08,NVDA,6.477238178253174,360456000
2018-06-11,NVDA,6.436243057250977,265372000
2018-06-12,NVDA,6.484647274017334,319160000
2018-06-13,NVDA,6.480201244354248,338208000
2018-06-14,NVDA,6.591578960418701,430016000
2018-06-15,NVDA,6.5508294105529785,432260000
2018-06-18,NVDA,6.546635627746582,356268000
2018-06-19,NVDA,6.425131320953369,594932000
2018-06-20,NVDA,6.4779791831970215,369780000
2018-06-21,NVDA,6.349560260772705,359516000
2018-06-22,NVDA,6.197432518005371,434160000
2018-06-25,NVDA,5.905282020568848,665816000
2018-06-26,NVDA,5.97615909576416,478884000
2018-06-27,NVDA,5.821316719055176,453892000
2018-06-28,NVDA,5.9482526779174805,338012000
2018-06-29,NVDA,5.850455284118652,392300000
2018-07-02,NVDA,5.982333183288574,357572000
2018-07-03,NVDA,5.84897518157959,222732000
2018-07-05,NVDA,5.9944329261779785,306216000
2018-07-06,NVDA,6.108034133911133,296352000
2018-07-09,NVDA,6.15545129776001,303880000
2018-07-10,NVDA,6.254234313964844,360016000
2018-07-11,NVDA,6.112972259521484,367508000
2018-07-12,NVDA,6.204349040985107,345508000
2018-07-13,NVDA,6.157177925109863,246988000
2018-07-16,NVDA,6.129518985748291,197036000
2018-07-17,NVDA,6.265100002288818,362136000
2018-07-18,NVDA,6.215954780578613,277640000
2018-07-19,NVDA,6.224104881286621,235752000
2018-07-20,NVDA,6.19595193862915,222352000
2018-07-23,NVDA,6.159402370452881,301584000
2018-07-24,NVDA,6.142115592956543,354620000
2018-07-25,NVDA,6.220154762268066,319112000
2018-07-26,NVDA,6.29349946975708,325124000
2018-07-27,NVDA,6.22385835647583,295420000
2018-07-30,NVDA,6.0290069580078125,340340000
2018-07-31,NVDA,6.047036170959473,283988000
2018-08-01,NVDA,6.086794376373291,283556000
2018-08-02,NVDA,6.189282417297363,269668000
2018-08-03,NVDA,6.225832939147949,214288000
2018-08-06,NVDA,6.273495197296143,207508000
2018-08-07,NVDA,6.345608234405518,258132000
2018-08-08,NVDA,6.381911754608154,262100000
2018-08-09,NVDA,6.333508491516113,204280000
2018-08-10,NVDA,6.29226541519165,256396000
2018-08-13,NVDA,6.325110912322998,375208000
2018-08-14,NVDA,6.4562458992004395,466220000
2018-08-15,NVDA,6.39821195602417,591136000
2018-08-16,NVDA,6.3577094078063965,801260000
2018-08-17,NVDA,6.046048164367676,1143188000
2018-08-20,NVDA,6.120628833770752,854388000
2018-08-21,NVDA,6.255962371826172,673988000
2018-08-22,NVDA,6.490574359893799,749856000
2018-08-23,NVDA,6.589850902557373,720684000
2018-08-24,NVDA,6.722714424133301,531512000
2018-08-27,NVDA,6.813596248626709,505776000
2018-08-28,NVDA,6.776058197021484,475384000
2018-08-29,NVDA,6.881319999694824,420108000
2018-08-30,NVDA,6.864518165588379,346608000
2018-08-31,NVDA,6.935434818267822,306592000
2018-09-04,NVDA,7.010056972503662,391720000
2018-09-05,NVDA,6.8795905113220215,393156000
2018-09-06,NVDA,6.738746166229248,322796000
2018-09-07,NVDA,6.717496871948242,295420000
2018-09-10,NVDA,6.788413047790527,220140000
2018-09-11,NVDA,6.740723609924316,243112000
2018-09-12,NVDA,6.627060890197754,419092000
2018-09-13,NVDA,6.704648494720459,305536000
2018-09-14,NVDA,6.830417633056641,386936000
2018-09-17,NVDA,6.768645763397217,205528000
2018-09-18,NVDA,6.696740627288818,299520000
2018-09-19,NVDA,6.720459938049316,224860000
2018-09-20,NVDA,6.579618453979492,430584000
2018-09-21,NVDA,6.509690284729004,435128000
2018-09-24,NVDA,6.5652875900268555,293912000
2018-09-25,NVDA,6.632249355316162,280388000
2018-09-26,NVDA,6.595431804656982,268548000
2018-09-27,NVDA,6.607293128967285,214428000
2018-09-28,NVDA,6.943835735321045,709396000
2018-10-01,NVDA,7.1499128341674805,622060000
2018-10-02,NVDA,7.078749179840088,383964000
2018-10-03,NVDA,7.084926605224609,320552000
2018-10-04,NVDA,6.901087284088135,391220000
2018-10-05,NVDA,6.66807746887207,426636000
2018-10-08,NVDA,6.5670166015625,408612000
2018-10-09,NVDA,6.561334133148193,273500000
2018-10-10,NVDA,6.070851802825928,684940000
2018-10-11,NVDA,5.8099212646484375,725436000
2018-10-12,NVDA,6.091854095458984,608236000
2018-10-15,NVDA,5.816099166870117,449760000
2018-10-16,NVDA,6.074310302734375,408712000
2018-10-17,NVDA,6.005866050720215,329668000
2018-10-18,NVDA,5.918641090393066,524020000
2018-10-19,NVDA,5.662652492523193,613608000
2018-10-22,NVDA,5.7133073806762695,368844000
2018-10-23,NVDA,5.462260723114014,626436000
2018-10-24,NVDA,4.927300930023193,884288000
2018-10-25,NVDA,5.13560152053833,951720000
2018-10-26,NVDA,4.899626731872559,664784000
2018-10-29,NVDA,4.586559772491455,758016000
2018-10-30,NVDA,5.016007900238037,807192000
2018-10-31,NVDA,5.209482669830322,745772000
2018-11-01,NVDA,5.389367580413818,566528000
2018-11-02,NVDA,5.310543537139893,452960000
2018-11-05,NVDA,5.232709884643555,379332000
2018-11-06,NVDA,5.21516752243042,299012000
2018-11-07,NVDA,5.282622337341309,483812000
2018-11-08,NVDA,5.089888572692871,511352000
2018-11-09,NVDA,5.081982135772705,413240000
2018-11-12,NVDA,4.683419704437256,617116000
2018-11-13,NVDA,4.924829959869385,644712000
2018-11-14,NVDA,4.872446537017822,526580000
2018-11-15,NVDA,5.000935077667236,840708000
2018-11-16,NVDA,4.062966823577881,1963520000
2018-11-19,NVDA,3.5754497051239014,1697820000
2018-11-20,NVDA,3.6836767196655273,1692032000
2018-11-21,NVDA,3.5756964683532715,1025496000
2018-11-23,NVDA,3.582862138748169,411968000
2018-11-26,NVDA,3.7817740440368652,814832000
2018-11-27,NVDA,3.7985761165618896,738060000
2018-11-28,NVDA,3.955233573913574,804524000
2018-11-29,NVDA,3.8921613693237305,549172000
2018-11-30,NVDA,4.042297840118408,729564000
2018-12-03,NVDA,4.205790042877197,890804000
2018-12-04,NVDA,3.8859782218933105,812112000
2018-12-06,NVDA,3.9151644706726074,692308000
2018-12-07,NVDA,3.651003837585449,681676000
2018-12-10,NVDA,3.7561233043670654,629472000
2018-12-11,NVDA,3.6653494834899902,671912000
2018-12-12,NVDA,3.682910203933716,654136000
2018-12-13,NVDA,3.6826634407043457,471384000
2018-12-14,NVDA,3.62231183052063,471820000
2018-12-17,NVDA,3.5513246059417725,662868000
2018-12-18,NVDA,3.634431838989258,564372000
2018-12-19,NVDA,3.4259228706359863,745364000
2018-12-20,NVDA,3.3415799140930176,749588000
2018-12-21,NVDA,3.204800605773926,863740000
2018-12-24,NVDA,3.143211841583252,463840000
2018-12-26,NVDA,3.2921111583709717,695100000
2018-12-27,NVDA,3.2443747520446777,637044000
2018-12-28,NVDA,3.3057150840759277,628728000
2018-12-31,NVDA,3.3020057678222656,465140000
2019-01-02,NVDA,3.3692822456359863,508752000
2019-01-03,NVDA,3.165719509124756,705552000
2019-01-04,NVDA,3.368540048599243,585620000
2019-01-07,NVDA,3.5468735694885254,709160000
2019-01-08,NVDA,3.4585726261138916,786016000
2019-01-09,NVDA,3.5265917778015137,617260000
2019-01-10,NVDA,3.5921366214752197,523156000
2019-01-11,NVDA,3.681180238723755,874764000
2019-01-14,NVDA,3.721001148223877,730168000
2019-01-15,NVDA,3.7069032192230225,617012000
2019-01-16,NVDA,3.681427478790283,470104000
2019-01-17,NVDA,3.7526607513427734,493436000
2019-01-18,NVDA,3.8815255165100098,651336000
2019-01-22,NVDA,3.679694652557373,661552000
2019-01-23,NVDA,3.692556858062744,591020000
2019-01-24,NVDA,3.90403413772583,708972000
2019-01-25,NVDA,3.9611692428588867,1154572000
2019-01-28,NVDA,3.4135563373565674,2511528000
2019-01-29,NVDA,3.2550103664398193,1153932000
2019-01-30,NVDA,3.3982205390930176,974228000
2019-01-31,NVDA,3.555530071258545,842852000
2019-02-01,NVDA,3.5797691345214844,625048000
2019-02-04,NVDA,3.6898367404937744,528592000
2019-02-05,NVDA,3.708881139755249,542424000
2019-02-06,NVDA,3.784320116043091,702464000
2019-02-07,NVDA,3.646304130554199,637120000
2019-02-08,NVDA,3.66485595703125,461604000
2019-02-11,NVDA,3.62231183052063,495180000
2019-02-12,NVDA,3.7390575408935547,591060000
2019-02-13,NVDA,3.7813522815704346,605372000
2019-02-14,NVDA,3.8221635818481445,827264000
2019-02-15,NVDA,3.891666889190674,1516748000
2019-02-19,NVDA,3.8743526935577393,551892000
2019-02-20,NVDA,3.9215950965881348,540988000
2019-02-21,NVDA,3.8528342247009277,448548000
2019-02-22,NVDA,3.937424659729004,401740000
2019-02-25,NVDA,3.9250576496124268,656020000
2019-02-26,NVDA,3.885730743408203,488464000
2019-02-27,NVDA,3.843930244445801,500256000
2019-02-28,NVDA,3.8194174766540527,324944000
2019-03-01,NVDA,3.8736417293548584,357188000
2019-03-04,NVDA,3.881812572479248,409992000
2019-03-05,NVDA,3.8753743171691895,362924000
2019-03-06,NVDA,3.7646994590759277,403524000
2019-03-07,NVDA,3.695619821548462,450104000
2019-03-08,NVDA,3.7297887802124023,422416000
2019-03-11,NVDA,3.989764451980591,859728000
2019-03-12,NVDA,4.023932456970215,579576000
2019-03-13,NVDA,4.174964904785156,768900000
2019-03-14,NVDA,4.099201202392578,519384000
2019-03-15,NVDA,4.20443058013916,661484000
2019-03-18,NVDA,4.183138370513916,486992000
2019-03-19,NVDA,4.3505120277404785,854972000
2019-03-20,NVDA,4.3180766105651855,719148000
2019-03-21,NVDA,4.554283142089844,824312000
2019-03-22,NVDA,4.394831657409668,747644000
2019-03-25,NVDA,4.302725315093994,525212000
2019-03-26,NVDA,4.379231929779053,703508000
2019-03-27,NVDA,4.3700714111328125,474372000
2019-03-28,NVDA,4.388641834259033,480264000
2019-03-29,NVDA,4.445838451385498,456896000
2019-04-01,NVDA,4.513184070587158,483824000
2019-04-02,NVDA,4.531008720397949,440920000
2019-04-03,NVDA,4.6701579093933105,783504000
2019-04-04,NVDA,4.661245346069336,457376000
2019-04-05,NVDA,4.727848529815674,481744000
2019-04-08,NVDA,4.748646259307861,424192000
2019-04-09,NVDA,4.686005115509033,439972000
2019-04-10,NVDA,4.756321430206299,444772000
2019-04-11,NVDA,4.742455959320068,374600000
2019-04-12,NVDA,4.704574108123779,471708000
2019-04-15,NVDA,4.5731000900268555,440092000
2019-04-16,NVDA,4.660006523132324,394964000
2019-04-17,NVDA,4.637228488922119,351004000
2019-04-18,NVDA,4.612714767456055,380988000
2019-04-22,NVDA,4.666445255279541,279936000
2019-04-23,NVDA,4.720915794372559,346856000
2019-04-24,NVDA,4.733295440673828,318204000
2019-04-25,NVDA,4.627820014953613,499296000
2019-04-26,NVDA,4.409440517425537,868988000
2019-04-29,NVDA,4.440141677856445,391920000
2019-04-30,NVDA,4.481490135192871,362920000
2019-05-01,NVDA,4.468369007110596,354280000
2019-05-02,NVDA,4.535712718963623,394684000
2019-05-03,NVDA,4.531256198883057,336824000
2019-05-06,NVDA,4.4530158042907715,422176000
2019-05-07,NVDA,4.286137104034424,555220000
2019-05-08,NVDA,4.306192874908447,419168000
2019-05-09,NVDA,4.213840007781982,660248000
2019-05-10,NVDA,4.179920673370361,569500000
2019-05-13,NVDA,3.9231605529785156,656912000
2019-05-14,NVDA,4.012048721313477,524880000
2019-05-15,NVDA,3.951138973236084,502320000
2019-05-16,NVDA,3.966242790222168,781088000
2019-05-17,NVDA,3.8756229877471924,1022068000
2019-05-20,NVDA,3.7572717666625977,572064000
2019-05-21,NVDA,3.839226245880127,361848000
2019-05-22,NVDA,3.7684133052825928,325868000
2019-05-23,NVDA,3.6475868225097656,591844000
2019-05-24,NVDA,3.593858003616333,357584000
2019-05-28,NVDA,3.548794746398926,428356000
2019-05-29,NVDA,3.474763870239258,559800000
2019-05-30,NVDA,3.4482414722442627,394300000
2019-05-31,NVDA,3.3577651977539062,389720000
2019-06-03,NVDA,3.3161213397979736,478644000
2019-06-04,NVDA,3.5446665287017822,641836000
2019-06-05,NVDA,3.502030611038208,511616000
2019-06-06,NVDA,3.5640008449554443,408140000
2019-06-07,NVDA,3.606635570526123,348856000
2019-06-10,NVDA,3.6792640686035156,402780000
2019-06-11,NVDA,3.736772060394287,383872000
2019-06-12,NVDA,3.6239869594573975,358892000
2019-06-13,NVDA,3.6750502586364746,308080000
2019-06-14,NVDA,3.585317611694336,394428000
2019-06-17,NVDA,3.5949859619140625,276040000
2019-06-18,NVDA,3.7895700931549072,581920000
2019-06-19,NVDA,3.7955195903778076,331644000
2019-06-20,NVDA,3.8198115825653076,350168000
2019-06-21,NVDA,3.761807680130005,434428000
2019-06-24,NVDA,3.7841169834136963,282948000
2019-06-25,NVDA,3.7548675537109375,311868000
2019-06-26,NVDA,3.947716474533081,584072000
2019-06-27,NVDA,4.046125411987305,445440000
2019-06-28,NVDA,4.070912837982178,397668000
2019-07-01,NVDA,4.11899995803833,709756000
2019-07-02,NVDA,4.021337985992432,400228000
2019-07-03,NVDA,4.034225940704346,246636000
2019-07-05,NVDA,3.971761465072632,396552000
2019-07-08,NVDA,3.896901845932007,329788000
2019-07-09,NVDA,3.899380922317505,342860000
2019-07-10,NVDA,3.967547655105591,452076000
2019-07-11,NVDA,4.121727466583252,682560000
2019-07-12,NVDA,4.154693603515625,506392000
2019-07-15,NVDA,4.146268367767334,289840000
2019-07-16,NVDA,4.141557216644287,341444000
2019-07-17,NVDA,4.206750392913818,348204000
2019-07-18,NVDA,4.218400955200195,442192000
2019-07-19,NVDA,4.175268173217773,344896000
2019-07-22,NVDA,4.2466583251953125,315940000
2019-07-23,NVDA,4.354238033294678,428176000
2019-07-24,NVDA,4.4286017417907715,366236000
2019-07-25,NVDA,4.2977213859558105,392700000
2019-07-26,NVDA,4.33961296081543,274160000
2019-07-29,NVDA,4.33341646194458,248160000
2019-07-30,NVDA,4.349031925201416,197772000
2019-07-31,NVDA,4.182210445404053,359416000
2019-08-01,NVDA,4.088017463684082,421212000
2019-08-02,NVDA,3.9955568313598633,428348000
2019-08-05,NVDA,3.7377634048461914,589156000
2019-08-06,NVDA,3.776432752609253,361272000
2019-08-07,NVDA,3.814605712890625,372560000
2019-08-08,NVDA,3.922928810119629,309300000
2019-08-09,NVDA,3.821794271469116,341816000
2019-08-12,NVDA,3.7541236877441406,279200000
2019-08-13,NVDA,3.868147373199463,351956000
2019-08-14,NVDA,3.719916820526123,419880000
2019-08-15,NVDA,3.6876919269561768,477200000
2019-08-16,NVDA,3.955152988433838,1007960000
2019-08-19,NVDA,4.233273029327393,815112000
2019-08-20,NVDA,4.161141395568848,463188000
2019-08-21,NVDA,4.24442720413208,427244000
2019-08-22,NVDA,4.250625133514404,303488000
2019-08-23,NVDA,4.0265421867370605,568056000
2019-08-26,NVDA,4.1011528968811035,318208000
2019-08-27,NVDA,4.010677814483643,290968000
2019-08-28,NVDA,4.0002570152282715,255612000
2019-08-29,NVDA,4.143673419952393,357976000
2019-08-30,NVDA,4.156327247619629,290616000
2019-09-03,NVDA,4.073453426361084,296140000
2019-09-04,NVDA,4.187342166900635,227728000
2019-09-05,NVDA,4.459784507751465,695676000
2019-09-06,NVDA,4.432737827301025,376976000
2019-09-09,NVDA,4.478640556335449,417524000
2019-09-10,NVDA,4.545138359069824,352812000
2019-09-11,NVDA,4.573672771453857,361512000
2019-09-12,NVDA,4.572182655334473,327840000
2019-09-13,NVDA,4.514369964599609,324592000
2019-09-16,NVDA,4.471444129943848,231832000
2019-09-17,NVDA,4.4927825927734375,223048000
2019-09-18,NVDA,4.465737342834473,258152000
2019-09-19,NVDA,4.39030647277832,245476000
2019-09-20,NVDA,4.284855365753174,350244000
2019-09-23,NVDA,4.338201522827148,249712000
2019-09-24,NVDA,4.280886650085449,317268000
2019-09-25,NVDA,4.422317028045654,308432000
2019-09-26,NVDA,4.400232315063477,234564000
2019-09-27,NVDA,4.261780738830566,362056000
2019-09-30,NVDA,4.319096088409424,186184000
2019-10-01,NVDA,4.3173604011535645,366008000
2019-10-02,NVDA,4.293539524078369,293372000
2019-10-03,NVDA,4.498739719390869,450588000
2019-10-04,NVDA,4.515115261077881,265524000
2019-10-07,NVDA,4.573672771453857,480984000
2019-10-08,NVDA,4.3975043296813965,444436000
2019-10-09,NVDA,4.483850002288818,292412000
2019-10-10,NVDA,4.541415214538574,309124000
2019-10-11,NVDA,4.6148600578308105,446404000
2019-10-14,NVDA,4.628259181976318,200040000
2019-10-15,NVDA,4.87241268157959,664124000
2019-10-16,NVDA,4.818817615509033,428944000
2019-10-17,NVDA,4.820803642272949,263436000
2019-10-18,NVDA,4.726515769958496,307440000
2019-10-21,NVDA,4.8634819984436035,261868000
2019-10-22,NVDA,4.853556156158447,328720000
2019-10-23,NVDA,4.840652942657471,279916000
2019-10-24,NVDA,4.884571552276611,232020000
2019-10-25,NVDA,5.075130939483643,423092000
2019-10-28,NVDA,5.130958557128906,330792000
2019-10-29,NVDA,5.034934997558594,211236000
2019-10-30,NVDA,5.036919116973877,205960000
2019-10-31,NVDA,4.987790584564209,209732000
2019-11-01,NVDA,5.026745319366455,283640000
2019-11-04,NVDA,5.223012924194336,376716000
2019-11-05,NVDA,5.200929164886475,300868000
2019-11-06,NVDA,5.151800155639648,269012000
2019-11-07,NVDA,5.169417858123779,280340000
2019-11-08,NVDA,5.15552282333374,189100000
2019-11-11,NVDA,5.1654486656188965,243436000
2019-11-12,NVDA,5.200929164886475,283504000
2019-11-13,NVDA,5.1751251220703125,300188000
2019-11-14,NVDA,5.20539665222168,518080000
2019-11-15,NVDA,5.066445827484131,1053628000
2019-11-18,NVDA,5.267179489135742,574588000
2019-11-19,NVDA,5.160734176635742,414564000
2019-11-20,NVDA,5.2398858070373535,472588000
2019-11-21,NVDA,5.215071678161621,288388000
2019-11-22,NVDA,5.232687950134277,224100000
2019-11-25,NVDA,5.488753795623779,506476000
2019-11-26,NVDA,5.384293079376221,385244000
2019-11-27,NVDA,5.419056415557861,215784000
2019-11-29,NVDA,5.381810665130615,141556000
2019-12-02,NVDA,5.195828437805176,372036000
2019-12-03,NVDA,5.15634822845459,465232000
2019-12-04,NVDA,5.200048923492432,273424000
2019-12-05,NVDA,5.183164596557617,184884000
2019-12-06,NVDA,5.268333911895752,232236000
2019-12-09,NVDA,5.268333911895752,211880000
2019-12-10,NVDA,5.313277721405029,256388000
2019-12-11,NVDA,5.396708011627197,233796000
2019-12-12,NVDA,5.563819408416748,404348000
2019-12-13,NVDA,5.561831951141357,454704000
2019-12-16,NVDA,5.590635776519775,320976000
2019-12-17,NVDA,5.668604850769043,321196000
2019-12-18,NVDA,5.6988983154296875,343548000
2019-12-19,NVDA,5.8466410636901855,445360000
2019-12-20,NVDA,5.943728446960449,603044000
2019-12-23,NVDA,5.930070400238037,355060000
2019-12-24,NVDA,5.925105094909668,138864000
2019-12-26,NVDA,5.939260482788086,182852000
2019-12-27,NVDA,5.881651401519775,254644000
2019-12-30,NVDA,5.768671989440918,258056000
2019-12-31,NVDA,5.8426690101623535,231004000
2020-01-02,NVDA,5.957137584686279,237536000
2020-01-03,NVDA,5.861788272857666,205384000
2020-01-06,NVDA,5.886370658874512,262636000
2020-01-07,NVDA,5.957635402679443,314856000
2020-01-08,NVDA,5.968809127807617,277108000
2020-01-09,NVDA,6.034361839294434,255112000
2020-01-10,NVDA,6.0666422843933105,316296000
2020-01-13,NVDA,6.256844997406006,319840000
2020-01-14,NVDA,6.140141010284424,359088000
2020-01-15,NVDA,6.097679615020752,263104000
2020-01-16,NVDA,6.181111812591553,284192000
2020-01-17,NVDA,6.189802169799805,253792000
2020-01-21,NVDA,6.156528472900391,217916000
2020-01-22,NVDA,6.210410118103027,239240000
2020-01-23,NVDA,6.278695583343506,244516000
2020-01-24,NVDA,6.219597816467285,373512000
2020-01-27,NVDA,5.964338302612305,470536000
2020-01-28,NVDA,6.1572747230529785,310976000
2020-01-29,NVDA,6.096936225891113,258848000
2020-01-30,NVDA,6.103639125823975,290504000
2020-01-31,NVDA,5.870725154876709,370420000
2020-02-03,NVDA,5.96756649017334,255564000
2020-02-04,NVDA,6.136415481567383,271544000
2020-02-05,NVDA,6.226551532745361,208220000
2020-02-06,NVDA,6.313210964202881,218284000
2020-02-07,NVDA,6.2471604347229,189752000
2020-02-10,NVDA,6.529734134674072,529608000
2020-02-11,NVDA,6.651900768280029,638556000
2020-02-12,NVDA,6.767364501953125,374644000
2020-02-13,NVDA,6.723662853240967,528016000
2020-02-14,NVDA,7.195693492889404,1041924000
2020-02-18,NVDA,7.3640456199646,620164000
2020-02-19,NVDA,7.8142266273498535,694332000
2020-02-20,NVDA,7.665243148803711,810052000
2020-02-21,NVDA,7.301969051361084,768180000
2020-02-24,NVDA,6.785738468170166,856916000
2020-02-25,NVDA,6.506890773773193,1055496000
2020-02-26,NVDA,6.645940780639648,747732000
2020-02-27,NVDA,6.275990962982178,906416000
2020-02-28,NVDA,6.7100443840026855,1133252000
2020-03-02,NVDA,6.86806058883667,890744000
2020-03-03,NVDA,6.606188774108887,652792000
2020-03-04,NVDA,7.068812370300293,597408000
2020-03-05,NVDA,6.7900471687316895,540328000
2020-03-06,NVDA,6.609915733337402,515412000
2020-03-09,NVDA,6.098097801208496,614160000
2020-03-10,NVDA,6.48668098449707,580648000
2020-03-11,NVDA,6.123688220977783,499964000
2020-03-12,NVDA,5.374344825744629,816540000
2020-03-13,NVDA,5.983808517456055,634836000
2020-03-16,NVDA,4.8796706199646,726972000
2020-03-17,NVDA,5.398196697235107,833632000
2020-03-18,NVDA,5.039178848266602,874268000
2020-03-19,NVDA,5.291361331939697,765512000
2020-03-20,NVDA,5.11197566986084,804636000
2020-03-23,NVDA,5.284405708312988,643876000
2020-03-24,NVDA,6.191019535064697,1101644000
2020-03-25,NVDA,6.102568626403809,793432000
2020-03-26,NVDA,6.391273498535156,696108000
2020-03-27,NVDA,6.279220104217529,638828000
2020-03-30,NVDA,6.598735809326172,602252000
2020-03-31,NVDA,6.54929256439209,949960000
2020-04-01,NVDA,6.039212703704834,656912000
2020-04-02,NVDA,6.347297191619873,675764000
2020-04-03,NVDA,6.060084342956543,663212000
2020-04-06,NVDA,6.668551445007324,727884000
2020-04-07,NVDA,6.43574857711792,784520000
2020-04-08,NVDA,6.632525444030762,542444000
2020-04-09,NVDA,6.53314208984375,525564000
2020-04-13,NVDA,6.704577922821045,398408000
2020-04-14,NVDA,7.0548996925354,530948000
2020-04-15,NVDA,6.977629661560059,366148000
2020-04-16,NVDA,7.3219895362854,745620000
2020-04-17,NVDA,7.262856483459473,539120000
2020-04-20,NVDA,7.131920337677002,449388000
2020-04-21,NVDA,6.696130275726318,735160000
2020-04-22,NVDA,7.109559535980225,483356000
2020-04-23,NVDA,7.056389808654785,424160000
2020-04-24,NVDA,7.195029258728027,352328000
2020-04-27,NVDA,7.38112211227417,479388000
2020-04-28,NVDA,7.239006042480469,442904000
2020-04-29,NVDA,7.415408134460449,379160000
2020-04-30,NVDA,7.261862277984619,375916000
2020-05-01,NVDA,7.025830268859863,342096000
2020-05-04,NVDA,7.237267971038818,317556000
2020-05-05,NVDA,7.29813814163208,368896000
2020-05-06,NVDA,7.398763179779053,323464000
2020-05-07,NVDA,7.57466983795166,373732000
2020-05-08,NVDA,7.7642412185668945,339216000
2020-05-11,NVDA,8.015679359436035,469060000
2020-05-12,NVDA,7.754302024841309,493060000
2020-05-13,NVDA,7.731941223144531,625852000
2020-05-14,NVDA,7.980894088745117,602312000
2020-05-15,NVDA,8.438302040100098,987660000
2020-05-18,NVDA,8.696198463439941,774460000
2020-05-19,NVDA,8.75110912322998,717320000
2020-05-20,NVDA,8.914593696594238,587536000
2020-05-21,NVDA,8.721043586730957,761068000
2020-05-22,NVDA,8.97049331665039,1038764000
2020-05-26,NVDA,8.663898468017578,770780000
2020-05-27,NVDA,8.472587585449219,1175892000
2020-05-28,NVDA,8.434575080871582,734896000
2020-05-29,NVDA,8.820674896240234,745256000
2020-06-01,NVDA,8.751853942871094,389876000
2020-06-02,NVDA,8.770733833312988,391320000
2020-06-03,NVDA,8.71532917022705,365440000
2020-06-04,NVDA,8.716324806213379,424280000
2020-06-05,NVDA,8.868946075439453,481748000
2020-06-08,NVDA,8.754602432250977,387736000
2020-06-09,NVDA,8.994226455688477,468488000
2020-06-10,NVDA,9.31313705444336,632180000
2020-06-11,NVDA,8.745904922485352,583652000
2020-06-12,NVDA,8.881375312805176,570908000
2020-06-15,NVDA,9.121243476867676,400004000
2020-06-16,NVDA,9.016595840454102,535716000
2020-06-17,NVDA,9.183135986328125,408304000
2020-06-18,NVDA,9.165242195129395,254408000
2020-06-19,NVDA,9.208242416381836,524160000
2020-06-22,NVDA,9.472222328186035,398468000
2020-06-23,NVDA,9.395910263061523,375108000
2020-06-24,NVDA,9.182640075683594,449372000
2020-06-25,NVDA,9.43568229675293,376072000
2020-06-26,NVDA,9.102601051330566,592084000
2020-06-29,NVDA,9.147344589233398,342248000
2020-06-30,NVDA,9.443391799926758,367892000
2020-07-01,NVDA,9.475454330444336,326648000
2020-07-02,NVDA,9.557233810424805,364056000
2020-07-06,NVDA,9.782933235168457,315892000
2020-07-07,NVDA,9.81524658203125,357800000
2020-07-08,NVDA,10.157526969909668,365480000
2020-07-09,NVDA,10.448850631713867,494548000
2020-07-10,NVDA,10.419271469116211,497676000
2020-07-13,NVDA,9.994715690612793,457076000
2020-07-14,NVDA,10.317605018615723,542676000
2020-07-15,NVDA,10.168712615966797,403984000
2020-07-16,NVDA,10.076742172241211,344964000
2020-07-17,NVDA,10.143110275268555,266284000
2020-07-20,NVDA,10.450591087341309,284852000
2020-07-21,NVDA,10.26938247680664,277036000
2020-07-22,NVDA,10.379003524780273,367292000
2020-07-23,NVDA,10.071773529052734,411660000
2020-07-24,NVDA,10.136150360107422,473292000
2020-07-27,NVDA,10.361852645874023,292132000
2020-07-28,NVDA,10.157029151916504,271636000
2020-07-29,NVDA,10.405599594116211,284508000
2020-07-30,NVDA,10.55324935913086,308880000
2020-07-31,NVDA,10.553996086120605,386080000
2020-08-03,NVDA,10.947229385375977,412720000
2020-08-04,NVDA,11.163485527038574,310336000
2020-08-05,NVDA,11.222146987915039,249924000
2020-08-06,NVDA,11.270618438720703,244316000
2020-08-07,NVDA,11.135397911071777,342516000
2020-08-10,NVDA,11.101095199584961,427796000
2020-08-11,NVDA,10.7878999710083,354512000
2020-08-12,NVDA,11.374770164489746,464412000
2020-08-13,NVDA,11.377504348754883,374460000
2020-08-14,NVDA,11.497810363769531,366436000
2020-08-17,NVDA,12.266383171081543,621300000
2020-08-18,NVDA,12.190574645996094,503448000
2020-08-19,NVDA,12.069024085998535,622624000
2020-08-20,NVDA,12.071510314941406,921388000
2020-08-21,NVDA,12.610906600952148,999868000
2020-08-24,NVDA,12.647445678710938,490564000
2020-08-25,NVDA,12.677022933959961,289076000
2020-08-26,NVDA,12.6998929977417,321244000
2020-08-27,NVDA,12.5559720993042,317604000
2020-08-28,NVDA,13.072495460510254,537160000
2020-08-31,NVDA,13.297950744628906,500840000
2020-09-01,NVDA,13.746005058288574,511316000
2020-09-02,NVDA,14.268653869628906,874012000
2020-09-03,NVDA,12.944873809814453,945128000
2020-09-04,NVDA,12.554009437561035,1463684000
2020-09-08,NVDA,11.848359107971191,795728000
2020-09-09,NVDA,12.646007537841797,736200000
2020-09-10,NVDA,12.244943618774414,698684000
2020-09-11,NVDA,12.098493576049805,636928000
2020-09-14,NVDA,12.802406311035156,1201744000
2020-09-15,NVDA,12.92050838470459,727556000
2020-09-16,NVDA,12.446593284606934,556384000
2020-09-17,NVDA,12.39587116241455,792512000
2020-09-18,NVDA,12.1231107711792,698460000
2020-09-21,NVDA,12.44933032989502,721044000
2020-09-22,NVDA,12.569175720214844,646452000
2020-09-23,NVDA,12.057967185974121,647012000
2020-09-24,NVDA,12.281001091003418,731240000
2020-09-25,NVDA,12.803895950317383,588016000
2020-09-28,NVDA,12.96427059173584,573808000
2020-09-29,NVDA,13.153985977172852,621460000
2020-09-30,NVDA,13.457080841064453,689184000
2020-10-01,NVDA,13.540626525878906,525004000
2020-10-02,NVDA,12.991372108459473,552496000
2020-10-05,NVDA,13.568472862243652,479820000
2020-10-06,NVDA,13.661962509155273,784420000
2020-10-07,NVDA,13.888228416442871,418084000
2020-10-08,NVDA,13.76366138458252,378900000
2020-10-09,NVDA,13.688072204589844,346892000
2020-10-12,NVDA,14.148807525634766,434744000
2020-10-13,NVDA,14.170936584472656,344604000
2020-10-14,NVDA,14.018767356872559,276100000
2020-10-15,NVDA,13.894196510314941,267224000
2020-10-16,NVDA,13.736556053161621,242392000
2020-10-19,NVDA,13.424509048461914,298068000
2020-10-20,NVDA,13.571456909179688,229212000
2020-10-21,NVDA,13.451363563537598,219596000
2020-10-22,NVDA,13.28850269317627,290480000
2020-10-23,NVDA,13.516507148742676,233484000
2020-10-26,NVDA,13.069945335388184,336896000
2020-10-27,NVDA,13.324058532714844,250520000
2020-10-28,NVDA,12.55848217010498,376520000
2020-10-29,NVDA,12.953333854675293,320080000
2020-10-30,NVDA,12.46599006652832,416820000
2020-11-02,NVDA,12.51248550415039,299652000
2020-11-03,NVDA,12.948853492736816,272900000
2020-11-04,NVDA,13.719400405883789,410228000
2020-11-05,NVDA,14.083166122436523,319028000
2020-11-06,NVDA,14.48298454284668,383348000
2020-11-09,NVDA,13.55678653717041,582976000
2020-11-10,NVDA,12.700708389282227,644068000
2020-11-11,NVDA,13.34519100189209,404744000
2020-11-12,NVDA,13.383729934692383,365812000
2020-11-13,NVDA,13.224847793579102,346312000
2020-11-16,NVDA,13.441914558410645,413776000
2020-11-17,NVDA,13.349420547485352,312028000
2020-11-18,NVDA,13.35588550567627,510924000
2020-11-19,NVDA,13.367321968078613,565936000
2020-11-20,NVDA,13.016732215881348,341088000
2020-11-23,NVDA,13.068704605102539,361356000
2020-11-24,NVDA,12.88743782043457,346500000
2020-11-25,NVDA,13.16293716430664,259916000
2020-11-27,NVDA,13.189292907714844,167276000
2020-11-30,NVDA,13.328779220581055,286952000
2020-12-01,NVDA,13.317346572875977,296948000
2020-12-02,NVDA,13.4710054397583,283360000
2020-12-03,NVDA,13.327247619628906,199520000
2020-12-04,NVDA,13.488665580749512,202244000
2020-12-07,NVDA,13.536913871765137,223244000
2020-12-08,NVDA,13.281482696533203,271920000
2020-12-09,NVDA,12.864384651184082,401300000
2020-12-10,NVDA,12.90567398071289,207764000
2020-12-11,NVDA,12.946462631225586,209264000
2020-12-14,NVDA,13.240446090698242,270156000
2020-12-15,NVDA,13.2919282913208,193016000
2020-12-16,NVDA,13.174538612365723,223116000
2020-12-17,NVDA,13.27277946472168,231384000
2020-12-18,NVDA,13.203885078430176,342064000
2020-12-21,NVDA,13.263823509216309,302332000
2020-12-22,NVDA,13.210101127624512,185580000
2020-12-23,NVDA,12.942482948303223,179144000
2020-12-24,NVDA,12.927061080932617,97884000
2020-12-28,NVDA,12.83379077911377,212564000
2020-12-29,NVDA,12.876822471618652,170372000
2020-12-30,NVDA,13.078282356262207,225396000
2020-12-31,NVDA,12.987998008728027,192424000
2021-01-04,NVDA,13.046197891235352,560640000
2021-01-05,NVDA,13.335951805114746,322760000
2021-01-06,NVDA,12.549758911132812,580424000
2021-01-07,NVDA,13.27551555633545,461480000
2021-01-08,NVDA,13.208609580993652,292528000
2021-01-11,NVDA,13.551591873168945,518344000
2021-01-12,NVDA,13.41554069519043,291476000
2021-01-13,NVDA,13.462302207946777,210028000
2021-01-14,NVDA,13.1325044631958,283120000
2021-01-15,NVDA,12.793499946594238,277780000
2021-01-19,NVDA,12.958398818969727,226188000
2021-01-20,NVDA,13.29715347290039,258572000
2021-01-21,NVDA,13.796329498291016,337780000
2021-01-22,NVDA,13.642123222351074,246820000
2021-01-25,NVDA,13.58317756652832,251112000
2021-01-26,NVDA,13.366296768188477,163980000
2021-01-27,NVDA,12.851451873779297,371272000
2021-01-28,NVDA,12.984020233154297,228316000
2021-01-29,NVDA,12.92308235168457,271552000
2021-02-01,NVDA,13.16906452178955,217204000
2021-02-02,NVDA,13.48717212677002,220440000
2021-02-03,NVDA,13.461060523986816,245408000
2021-02-04,NVDA,13.594120025634766,201340000
2021-02-05,NVDA,13.521246910095215,169152000
2021-02-08,NVDA,14.36464786529541,434624000
2021-02-09,NVDA,14.190046310424805,287560000
2021-02-10,NVDA,14.688475608825684,485352000
2021-02-11,NVDA,15.172477722167969,450828000
2021-02-12,NVDA,14.884462356567383,374756000
2021-02-16,NVDA,15.251571655273438,321960000
2021-02-17,NVDA,14.829497337341309,274756000
2021-02-18,NVDA,14.752893447875977,233868000
2021-02-19,NVDA,14.84989070892334,271724000
2021-02-22,NVDA,14.282073020935059,325884000
2021-02-23,NVDA,14.069417953491211,391780000
2021-02-24,NVDA,14.424585342407227,448320000
2021-02-25,NVDA,13.239201545715332,824436000
2021-02-26,NVDA,13.644115447998047,500932000
2021-03-01,NVDA,13.770709037780762,353184000
2021-03-02,NVDA,13.337446212768555,264116000
2021-03-03,NVDA,12.739032745361328,377592000
2021-03-04,NVDA,12.306761741638184,573344000
2021-03-05,NVDA,12.397544860839844,542840000
2021-03-08,NVDA,11.533748626708984,543112000
2021-03-09,NVDA,12.46029281616211,521824000
2021-03-10,NVDA,12.40854263305664,384376000
2021-03-11,NVDA,12.93127727508545,299916000
2021-03-12,NVDA,12.794432640075684,243964000
2021-03-15,NVDA,13.128076553344727,221988000
2021-03-16,NVDA,13.22760009765625,272128000
2021-03-17,NVDA,13.277359962463379,243864000
2021-03-18,NVDA,12.661572456359863,293896000
2021-03-19,NVDA,12.784232139587402,299208000
2021-03-22,NVDA,13.123102188110352,297804000
2021-03-23,NVDA,13.008156776428223,222048000
2021-03-24,NVDA,12.582456588745117,245840000
2021-03-25,NVDA,12.4752197265625,295144000
2021-03-26,NVDA,12.777764320373535,363968000
2021-03-29,NVDA,12.886241912841797,273520000
2021-03-30,NVDA,12.81010913848877,200204000
2021-03-31,NVDA,13.284327507019043,314776000
2021-04-01,NVDA,13.745607376098633,308276000
2021-04-05,NVDA,13.920516967773438,255672000
2021-04-06,NVDA,13.795116424560547,191744000
2021-04-07,NVDA,14.075769424438477,251284000
2021-04-08,NVDA,14.248437881469727,244416000
2021-04-09,NVDA,14.331038475036621,195172000
2021-04-12,NVDA,15.136164665222168,869324000
2021-04-13,NVDA,15.604412078857422,676212000
2021-04-14,NVDA,15.203840255737305,385500000
2021-04-15,NVDA,16.05997085571289,598480000
2021-04-16,NVDA,15.836294174194336,335208000
2021-04-19,NVDA,15.288182258605957,404420000
2021-04-20,NVDA,15.098597526550293,334132000
2021-04-21,NVDA,15.286940574645996,216776000
2021-04-22,NVDA,14.779135704040527,277788000
2021-04-23,NVDA,15.192143440246582,227500000
2021-04-26,NVDA,15.403878211975098,197796000
2021-04-27,NVDA,15.308088302612305,164572000
2021-04-28,NVDA,15.203591346740723,209416000
2021-04-29,NVDA,15.251362800598145,173196000
2021-04-30,NVDA,14.937618255615234,201912000
2021-05-03,NVDA,14.76569938659668,203912000
2021-05-04,NVDA,14.282523155212402,405324000
2021-05-05,NVDA,14.389261245727539,292024000
2021-05-06,NVDA,14.453450202941895,193380000
2021-05-07,NVDA,14.741315841674805,229328000
2021-05-10,NVDA,14.197432518005371,268904000
2021-05-11,NVDA,14.237739562988281,285584000
2021-05-12,NVDA,13.692610740661621,303408000
2021-05-13,NVDA,13.599809646606445,285404000
2021-05-14,NVDA,14.174792289733887,258616000
2021-05-17,NVDA,14.097660064697266,216980000
2021-05-18,NVDA,13.948631286621094,186256000
2021-05-19,NVDA,13.998392105102539,344000000
2021-05-20,NVDA,14.542522430419922,321592000
2021-05-21,NVDA,14.91995620727539,672992000
2021-05-24,NVDA,15.537235260009766,554816000
2021-05-25,NVDA,15.572813034057617,435408000
2021-05-26,NVDA,15.624814987182617,370440000
2021-05-27,NVDA,15.41382884979248,581476000
2021-05-28,NVDA,16.166704177856445,644536000
2021-06-01,NVDA,16.186613082885742,472804000
2021-06-02,NVDA,16.697904586791992,594168000
2021-06-03,NVDA,16.88848304748535,580008000
2021-06-04,NVDA,17.49407386779785,617120000
2021-06-07,NVDA,17.534622192382812,575756000
2021-06-08,NVDA,17.373395919799805,323848000
2021-06-09,NVDA,17.27907943725586,381656000
2021-06-10,NVDA,17.345523834228516,287772000
2021-06-11,NVDA,17.74395179748535,416308000
2021-06-14,NVDA,17.936569213867188,321376000
2021-06-15,NVDA,17.70737075805664,243032000
2021-06-16,NVDA,17.729021072387695,307124000
2021-06-17,NVDA,18.572153091430664,809656000
2021-06-18,NVDA,18.553739547729492,968856000
2021-06-21,NVDA,18.343210220336914,672384000
2021-06-22,NVDA,18.800609588623047,580144000
2021-06-23,NVDA,18.970335006713867,332356000
2021-06-24,NVDA,19.117910385131836,320924000
2021-06-25,NVDA,18.94420623779297,278364000
2021-06-28,NVDA,19.893848419189453,495436000
2021-06-29,NVDA,19.935413360595703,367632000
2021-06-30,NVDA,19.911272048950195,326568000
2021-07-01,NVDA,20.119815826416016,480136000
2021-07-02,NVDA,20.3935604095459,342764000
2021-07-06,NVDA,20.604097366333008,446708000
2021-07-07,NVDA,20.27883529663086,418428000
2021-07-08,NVDA,19.811973571777344,503300000
2021-07-09,NVDA,19.958803176879883,296624000
2021-07-12,NVDA,20.4189453125,321984000
2021-07-13,NVDA,20.157642364501953,290708000
2021-07-14,NVDA,19.751005172729492,380100000
2021-07-15,NVDA,18.879749298095703,550564000
2021-07-16,NVDA,18.078174591064453,688224000
2021-07-19,NVDA,18.69409942626953,749060000
2021-07-20,NVDA,18.527114868164062,434687000
2021-07-21,NVDA,19.321474075317383,371017000
2021-07-22,NVDA,19.504634857177734,323826000
2021-07-23,NVDA,19.46880340576172,195672000
2021-07-26,NVDA,19.20600128173828,203943000
2021-07-27,NVDA,19.12039566040039,248863000
2021-07-28,NVDA,19.41405487060547,202191000
2021-07-29,NVDA,19.572328567504883,190781000
2021-07-30,NVDA,19.410070419311523,183497000
2021-08-02,NVDA,19.65992546081543,217444000
2021-08-03,NVDA,19.724626541137695,301811000
2021-08-04,NVDA,20.181537628173828,231309000
2021-08-05,NVDA,20.542875289916992,211435000
2021-08-06,NVDA,20.273117065429688,178497000
2021-08-09,NVDA,20.202434539794922,146443000
2021-08-10,NVDA,19.845073699951172,179238000
2021-08-11,NVDA,19.60915756225586,185925000
2021-08-12,NVDA,19.81421661376953,151652000
2021-08-13,NVDA,20.095924377441406,183063000
2021-08-16,NVDA,19.8590145111084,210876000
2021-08-17,NVDA,19.36925506591797,204585000
2021-08-18,NVDA,18.95316505432129,285913000
2021-08-19,NVDA,19.707704544067383,766555000
2021-08-20,NVDA,20.72105598449707,675741000
2021-08-23,NVDA,21.85785675048828,575807000
2021-08-24,NVDA,21.693607330322266,297299000
2021-08-25,NVDA,22.1116886138916,347701000
2021-08-26,NVDA,21.967355728149414,237940000
2021-08-27,NVDA,22.532764434814453,304722000
2021-08-30,NVDA,22.584522247314453,262580000
2021-08-31,NVDA,22.286834716796875,259850000
2021-09-01,NVDA,22.342588424682617,201767000
2021-09-02,NVDA,22.297786712646484,187834000
2021-09-03,NVDA,22.74283218383789,280532000
2021-09-07,NVDA,22.562620162963867,198107000
2021-09-08,NVDA,22.241039276123047,254434000
2021-09-09,NVDA,22.079742431640625,196856000
2021-09-10,NVDA,22.379425048828125,248376000
2021-09-13,NVDA,22.05485725402832,297500000
2021-09-14,NVDA,22.144458770751953,199755000
2021-09-15,NVDA,22.243026733398438,166538000
2021-09-16,NVDA,22.144458770751953,156033000
2021-09-17,NVDA,21.803956985473633,294503000
2021-09-20,NVDA,21.02041244506836,349440000
2021-09-21,NVDA,21.152830123901367,204688000
2021-09-22,NVDA,21.84478187561035,268726000
2021-09-23,NVDA,22.383411407470703,248555000
2021-09-24,NVDA,21.98416519165039,217655000
2021-09-27,NVDA,21.565013885498047,245215000
2021-09-28,NVDA,20.608226776123047,343069000
2021-09-29,NVDA,20.42702865600586,218394000
2021-09-30,NVDA,20.625154495239258,221009000
2021-10-01,NVDA,20.65103530883789,240978000
2021-10-04,NVDA,19.645469665527344,345635000
2021-10-05,NVDA,20.361316680908203,279282000
2021-10-06,NVDA,20.609222412109375,297202000
2021-10-07,NVDA,20.982580184936523,256919000
2021-10-08,NVDA,20.739646911621094,151258000
2021-10-11,NVDA,20.604244232177734,163388000
2021-10-12,NVDA,20.58034896850586,162134000
2021-10-13,NVDA,20.847177505493164,180652000
2021-10-14,NVDA,21.650636672973633,243589000
2021-10-15,NVDA,21.766130447387695,226994000
2021-10-18,NVDA,22.124547958374023,189494000
2021-10-19,NVDA,22.192251205444336,161473000
2021-10-20,NVDA,22.00607681274414,146276000
2021-10-21,NVDA,22.592485427856445,187590000
2021-10-22,NVDA,22.6263427734375,249384000
2021-10-25,NVDA,23.064414978027344,230235000
2021-10-26,NVDA,24.608606338500977,485898000
2021-10-27,NVDA,24.343778610229492,245990000
2021-10-28,NVDA,24.831621170043945,234204000
2021-10-29,NVDA,25.454877853393555,292503000
2021-11-01,NVDA,25.713741302490234,265740000
2021-11-02,NVDA,26.285219192504883,294112000
2021-11-03,NVDA,26.481359481811523,239910000
2021-11-04,NVDA,29.670312881469727,1153631000
2021-11-05,NVDA,29.62153434753418,851260000
2021-11-08,NVDA,30.668914794921875,503101000
2021-11-09,NVDA,30.522560119628906,646746000
2021-11-10,NVDA,29.329811096191406,636206000
2021-11-11,NVDA,30.256729125976562,332172000
2021-11-12,NVDA,30.256729125976562,413054000
2021-11-15,NVDA,29.893329620361328,384909000
2021-11-16,NVDA,30.07054901123047,264484000
2021-11-17,NVDA,29.13268280029297,428508000
2021-11-18,NVDA,31.536102294921875,781711000
2021-11-19,NVDA,32.840354919433594,533867000
2021-11-22,NVDA,31.815866470336914,754335000
2021-11-23,NVDA,31.60679054260254,532163000
2021-11-24,NVDA,32.53071212768555,435162000
2021-11-26,NVDA,31.364850997924805,283069000
2021-11-29,NVDA,33.229637145996094,454964000
2021-11-30,NVDA,32.53269577026367,622066000
2021-12-01,NVDA,31.300979614257812,484368000
2021-12-02,NVDA,31.989030838012695,472890000
2021-12-03,NVDA,30.562145233154297,544325000
2021-12-06,NVDA,29.908937454223633,658938000
2021-12-07,NVDA,32.28874969482422,593053000
2021-12-08,NVDA,31.690309524536133,475551000
2021-12-09,NVDA,30.360010147094727,488507000
2021-12-10,NVDA,30.069257736206055,488825000
2021-12-13,NVDA,28.040937423706055,598344000
2021-12-14,NVDA,28.2161922454834,667035000
2021-12-15,NVDA,30.329143524169922,698297000
2021-12-16,NVDA,28.265972137451172,707366000
2021-12-17,NVDA,27.68247413635254,713758000
2021-12-20,NVDA,27.600826263427734,461847000
2021-12-21,NVDA,28.9510440826416,524385000
2021-12-22,NVDA,29.274656295776367,395184000
2021-12-23,NVDA,29.513628005981445,343022000
2021-12-27,NVDA,30.813068389892578,403686000
2021-12-28,NVDA,30.192726135253906,420591000
2021-12-29,NVDA,29.873092651367188,343139000
2021-12-30,NVDA,29.45986557006836,308864000
2021-12-31,NVDA,29.285612106323242,266530000
2022-01-03,NVDA,29.992584228515625,391547000
2022-01-04,NVDA,29.165122985839844,527154000
2022-01-05,NVDA,27.48631477355957,498064000
2022-01-06,NVDA,28.0578670501709,454186000
2022-01-07,NVDA,27.13083839416504,409939000
2022-01-10,NVDA,27.283184051513672,594681000
2022-01-11,NVDA,27.698408126831055,404089000
2022-01-12,NVDA,27.87963104248047,383413000
2022-01-13,NVDA,26.46169662475586,540171000
2022-01-14,NVDA,26.827138900756836,395832000
2022-01-18,NVDA,25.792564392089844,424270000
2022-01-19,NVDA,24.96013069152832,488315000
2022-01-20,NVDA,24.047039031982422,435181000
2022-01-21,NVDA,23.274349212646484,718958000
2022-01-24,NVDA,23.272354125976562,913982000
2022-01-25,NVDA,22.228824615478516,664616000
2022-01-26,NVDA,22.67491340637207,755959000
2022-01-27,NVDA,21.850444793701172,573353000
2022-01-28,NVDA,22.74262809753418,543774000
2022-01-31,NVDA,24.38160514831543,564680000
2022-02-01,NVDA,24.532960891723633,518925000
2022-02-02,NVDA,25.13438606262207,543419000
2022-02-03,NVDA,23.84589958190918,410178000
2022-02-04,NVDA,24.215320587158203,354829000
2022-02-07,NVDA,24.62257194519043,376868000
2022-02-08,NVDA,25.000957489013672,410359000
2022-02-09,NVDA,26.591142654418945,524282000
2022-02-10,NVDA,25.71390151977539,513200000
2022-02-11,NVDA,23.846893310546875,605472000
2022-02-14,NVDA,24.163537979125977,440424000
2022-02-15,NVDA,26.382043838500977,699869000
2022-02-16,NVDA,26.397972106933594,732676000
2022-02-17,NVDA,24.402511596679688,810595000
2022-02-18,NVDA,23.54120445251465,761255000
2022-02-22,NVDA,23.290279388427734,633422000
2022-02-23,NVDA,22.291555404663086,566511000
2022-02-24,NVDA,23.646751403808594,735801000
2022-02-25,NVDA,24.05401039123535,528866000
2022-02-28,NVDA,24.281036376953125,477319000
2022-03-01,NVDA,23.376907348632812,412056000
2022-03-02,NVDA,24.120847702026367,389642000
2022-03-03,NVDA,23.61692237854004,365095000
2022-03-04,NVDA,22.84210777282715,431415000
2022-03-07,NVDA,21.264589309692383,450821000
2022-03-08,NVDA,21.425926208496094,557467000
2022-03-09,NVDA,22.919788360595703,492742000
2022-03-10,NVDA,22.56524658203125,428066000
2022-03-11,NVDA,22.009532928466797,367209000
2022-03-14,NVDA,21.24268341064453,385354000
2022-03-15,NVDA,22.878955841064453,491996000
2022-03-16,NVDA,24.395719528198242,671422000
2022-03-17,NVDA,24.664613723754883,471941000
2022-03-18,NVDA,26.344707489013672,730719000
2022-03-21,NVDA,26.62455940246582,591727000
2022-03-22,NVDA,26.415416717529297,547007000
2022-03-23,NVDA,25.529062271118164,502120000
2022-03-24,NVDA,28.034759521484375,877379000
2022-03-25,NVDA,27.578636169433594,579016000
2022-03-28,NVDA,28.103479385375977,425494000
2022-03-29,NVDA,28.5386905670166,488984000
2022-03-30,NVDA,27.576650619506836,463487000
2022-03-31,NVDA,27.174297332763672,523440000
2022-04-01,NVDA,26.602649688720703,517235000
2022-04-04,NVDA,27.24799919128418,397120000
2022-04-05,NVDA,25.824844360351562,436615000
2022-04-06,NVDA,24.30708122253418,703833000
2022-04-07,NVDA,24.10890007019043,557992000
2022-04-08,NVDA,23.024356842041016,524781000
2022-04-11,NVDA,21.82727813720703,575207000
2022-04-12,NVDA,21.415966033935547,662258000
2022-04-13,NVDA,22.11210823059082,516943000
2022-04-14,NVDA,21.170974731445312,569097000
2022-04-18,NVDA,21.69382667541504,525701000
2022-04-19,NVDA,22.107126235961914,512781000
2022-04-20,NVDA,21.394060134887695,468974000
2022-04-21,NVDA,20.10037612915039,656209000
2022-04-22,NVDA,19.43511390686035,624713000
2022-04-25,NVDA,19.820528030395508,641566000
2022-04-26,NVDA,18.711088180541992,653143000
2022-04-27,NVDA,18.33961296081543,499460000
2022-04-28,NVDA,19.701013565063477,570327000
2022-04-29,NVDA,18.471071243286133,500435000
2022-05-02,NVDA,19.45303726196289,572049000
2022-05-03,NVDA,19.521753311157227,475751000
2022-05-04,NVDA,20.25075340270996,648855000
2022-05-05,NVDA,18.766862869262695,626331000
2022-05-06,NVDA,18.598548889160156,633297000
2022-05-09,NVDA,16.880611419677734,644455000
2022-05-10,NVDA,17.522972106933594,761474000
2022-05-11,NVDA,16.561922073364258,670167000
2022-05-12,NVDA,16.108781814575195,708728000
2022-05-13,NVDA,17.633516311645508,670437000
2022-05-16,NVDA,17.19332504272461,521446000
2022-05-17,NVDA,18.10259246826172,585830000
2022-05-18,NVDA,16.86865997314453,545161000
2022-05-19,NVDA,17.053895950317383,621310000
2022-05-20,NVDA,16.62565803527832,739105000
2022-05-23,NVDA,16.82882308959961,639889000
2022-05-24,NVDA,16.087871551513672,588550000
2022-05-25,NVDA,16.90550994873047,781132000
2022-05-26,NVDA,17.777921676635742,996575000
2022-05-27,NVDA,18.73399543762207,738379000
2022-05-31,NVDA,18.595563888549805,664100000
2022-06-01,NVDA,18.245006561279297,544514000
2022-06-02,NVDA,19.51179313659668,648656000
2022-06-03,NVDA,18.64336395263672,598779000
2022-06-06,NVDA,18.70909309387207,422406000
2022-06-07,NVDA,18.848526000976562,388914000
2022-06-08,NVDA,18.575586318969727,363252000
2022-06-09,NVDA,17.977916717529297,395574000
2022-06-10,NVDA,16.908084869384766,465248000
2022-06-13,NVDA,15.586241722106934,604153000
2022-06-14,NVDA,15.774506568908691,469680000
2022-06-15,NVDA,16.46282386779785,563936000
2022-06-16,NVDA,15.540417671203613,545749000
2022-06-17,NVDA,15.818333625793457,630334000
2022-06-21,NVDA,16.501672744750977,483089000
2022-06-22,NVDA,16.296472549438477,437135000
2022-06-23,NVDA,16.16199493408203,463680000
2022-06-24,NVDA,17.059497833251953,472153000
2022-06-27,NVDA,16.803495407104492,427968000
2022-06-28,NVDA,15.919939041137695,461149000
2022-06-29,NVDA,15.481646537780762,482352000
2022-06-30,NVDA,15.100135803222656,686070000
2022-07-01,NVDA,14.466604232788086,577610000
2022-07-05,NVDA,14.905893325805664,651397000
2022-07-06,NVDA,15.071249961853027,529066000
2022-07-07,NVDA,15.79642105102539,492903000
2022-07-08,NVDA,15.776498794555664,467972000
2022-07-11,NVDA,15.093160629272461,437321000
2022-07-12,NVDA,15.02343463897705,458483000
2022-07-13,NVDA,15.105116844177246,521918000
2022-07-14,NVDA,15.312309265136719,456235000
2022-07-15,NVDA,15.70079231262207,385935000
2022-07-18,NVDA,16.03847885131836,670517000
2022-07-19,NVDA,16.9260196685791,702366000
2022-07-20,NVDA,17.737852096557617,760538000
2022-07-21,NVDA,17.979907989501953,557049000
2022-07-22,NVDA,17.25174903869629,536671000
2022-07-25,NVDA,16.9578914642334,480748000
2022-07-26,NVDA,16.468799591064453,397865000
2022-07-27,NVDA,17.72092056274414,569776000
2022-07-28,NVDA,17.914165496826172,474646000
2022-07-29,NVDA,18.092466354370117,435460000
2022-08-01,NVDA,18.3693904876709,476469000
2022-08-02,NVDA,18.454059600830078,489527000
2022-08-03,NVDA,18.81963539123535,418146000
2022-08-04,NVDA,19.140384674072266,409652000
2022-08-05,NVDA,18.915264129638672,386068000
2022-08-08,NVDA,17.723909378051758,981859000
2022-08-09,NVDA,17.019651412963867,668263000
2022-08-10,NVDA,18.026729583740234,597422000
2022-08-11,NVDA,17.87232780456543,509327000
2022-08-12,NVDA,18.6363468170166,478094000
2022-08-15,NVDA,18.958099365234375,457666000
2022-08-16,NVDA,18.805688858032227,451240000
2022-08-17,NVDA,18.263797760009766,446799000
2022-08-18,NVDA,18.700101852416992,415447000
2022-08-19,NVDA,17.779691696166992,441588000
2022-08-22,NVDA,16.967853546142578,409593000
2022-08-23,NVDA,17.11428451538086,369986000
2022-08-24,NVDA,17.155122756958008,522661000
2022-08-25,NVDA,17.84343719482422,770691000
2022-08-26,NVDA,16.196857452392578,769127000
2022-08-29,NVDA,15.739642143249512,496132000
2022-08-30,NVDA,15.40793514251709,530181000
2022-08-31,NVDA,15.03538703918457,573710000
2022-09-01,NVDA,13.882881164550781,1178865000
2022-09-02,NVDA,13.594006538391113,743157000
2022-09-06,NVDA,13.412714958190918,535751000
2022-09-07,NVDA,13.664804458618164,512657000
2022-09-08,NVDA,13.93981647491455,624873000
2022-09-09,NVDA,14.3353910446167,486612000
2022-09-12,NVDA,14.452969551086426,484159000
2022-09-13,NVDA,13.08389663696289,714956000
2022-09-14,NVDA,13.08090877532959,588507000
2022-09-15,NVDA,12.882620811462402,523625000
2022-09-16,NVDA,13.150654792785645,670751000
2022-09-19,NVDA,13.333995819091797,569685000
2022-09-20,NVDA,13.12873363494873,524818000
2022-09-21,NVDA,13.213428497314453,807679000
2022-09-22,NVDA,12.515939712524414,759162000
2022-09-23,NVDA,12.471102714538574,663309000
2022-09-26,NVDA,12.184135437011719,547343000
2022-09-27,NVDA,12.368473052978516,553854000
2022-09-28,NVDA,12.690312385559082,542414000
2022-09-29,NVDA,12.176163673400879,532763000
2022-09-30,NVDA,12.09545612335205,565638000
2022-10-03,NVDA,12.467118263244629,547478000
2022-10-04,NVDA,13.119767189025879,584182000
2022-10-05,NVDA,13.161615371704102,507131000
2022-10-06,NVDA,13.082900047302246,644157000
2022-10-07,NVDA,12.032681465148926,672478000
2022-10-10,NVDA,11.62813663482666,698699000
2022-10-11,NVDA,11.544437408447266,667482000
2022-10-12,NVDA,11.458745956420898,492590000
2022-10-13,NVDA,11.917097091674805,850103000
2022-10-14,NVDA,11.186727523803711,713432000
2022-10-17,NVDA,11.845352172851562,580774000
2022-10-18,NVDA,11.924074172973633,659362000
2022-10-19,NVDA,12.007768630981445,523131000
2022-10-20,NVDA,12.15025806427002,652398000
2022-10-21,NVDA,12.421282768249512,609494000
2022-10-24,NVDA,12.553805351257324,517457000
2022-10-25,NVDA,13.213428497314453,505482000
2022-10-26,NVDA,12.849740028381348,532953000
2022-10-27,NVDA,13.12873363494873,583113000
2022-10-28,NVDA,13.78437328338623,521040000
2022-10-31,NVDA,13.448582649230957,486341000
2022-11-01,NVDA,13.49441909790039,432817000
2022-11-02,NVDA,13.171581268310547,672628000
2022-11-03,NVDA,13.372855186462402,500065000
2022-11-04,NVDA,14.10522174835205,612576000
2022-11-07,NVDA,14.249698638916016,410061000
2022-11-08,NVDA,14.549620628356934,595292000
2022-11-09,NVDA,13.726583480834961,454414000
2022-11-10,NVDA,15.693501472473145,700819000
2022-11-11,NVDA,16.2684326171875,655487000
2022-11-14,NVDA,16.236541748046875,527852000
2022-11-15,NVDA,16.606210708618164,545876000
2022-11-16,NVDA,15.852928161621094,649547000
2022-11-17,NVDA,15.620763778686523,710894000
2022-11-18,NVDA,15.35372543334961,492072000
2022-11-21,NVDA,15.262057304382324,404739000
2022-11-22,NVDA,15.980466842651367,472866000
2022-11-23,NVDA,16.459745407104492,427241000
2022-11-25,NVDA,16.211639404296875,167934000
2022-11-28,NVDA,15.770227432250977,303741000
2022-11-29,NVDA,15.582900047302246,298384000
2022-11-30,NVDA,16.866607666015625,565298000
2022-12-01,NVDA,17.07790184020996,470977000
2022-12-02,NVDA,16.819765090942383,371389000
2022-12-05,NVDA,16.554645538330078,352255000
2022-12-06,NVDA,15.933728218078613,352694000
2022-12-07,NVDA,16.066282272338867,372388000
2022-12-08,NVDA,17.11178970336914,515456000
2022-12-09,NVDA,16.94434928894043,465338000
2022-12-12,NVDA,17.476572036743164,457328000
2022-12-13,NVDA,18.01177978515625,656589000
2022-12-14,NVDA,17.615108489990234,496888000
2022-12-15,NVDA,16.895511627197266,478542000
2022-12-16,NVDA,16.515777587890625,478232000
2022-12-19,NVDA,16.199832916259766,354039000
2022-12-20,NVDA,16.031394958496094,403260000
2022-12-21,NVDA,16.446008682250977,325025000
2022-12-22,NVDA,15.287886619567871,565045000
2022-12-23,NVDA,15.155330657958984,349326000
2022-12-27,NVDA,14.073945999145508,464902000
2022-12-28,NVDA,13.989228248596191,351066000
2022-12-29,NVDA,14.554337501525879,354923000
2022-12-30,NVDA,14.56530475616455,310490000
2023-01-03,NVDA,14.267297744750977,401277000
2023-01-04,NVDA,14.69985294342041,431324000
2023-01-05,NVDA,14.217466354370117,389168000
2023-01-06,NVDA,14.809486389160156,405044000
2023-01-09,NVDA,15.575922966003418,504231000
2023-01-10,NVDA,15.855986595153809,384101000
2023-01-11,NVDA,15.947680473327637,353285000
2023-01-12,NVDA,16.45598030090332,551409000
2023-01-13,NVDA,16.842689514160156,447287000
2023-01-17,NVDA,17.64301300048828,511102000
2023-01-18,NVDA,17.319095611572266,439624000
2023-01-19,NVDA,16.709136962890625,452932000
2023-01-20,NVDA,17.77955436706543,564967000
2023-01-23,NVDA,19.129047393798828,655163000
2023-01-24,NVDA,19.200803756713867,496204000
2023-01-25,NVDA,19.258607864379883,449537000
2023-01-26,NVDA,19.73601531982422,489535000
2023-01-27,NVDA,20.297138214111328,542142000
2023-01-30,NVDA,19.098148345947266,488611000
2023-01-31,NVDA,19.47189712524414,498017000
2023-02-01,NVDA,20.87321662902832,660477000
2023-02-02,NVDA,21.636659622192383,564276000
2023-02-03,NVDA,21.029687881469727,429366000
2023-02-06,NVDA,21.018726348876953,452197000
2023-02-07,NVDA,22.0991153717041,664150000
2023-02-08,NVDA,22.131006240844727,559651000
2023-02-09,NVDA,22.262563705444336,523876000
2023-02-10,NVDA,21.194137573242188,550737000
2023-02-13,NVDA,21.715396881103516,474919000
2023-02-14,NVDA,22.894454956054688,675474000
2023-02-15,NVDA,22.688142776489258,420575000
2023-02-16,NVDA,21.928686141967773,412026000
2023-02-17,NVDA,21.31673240661621,465888000
2023-02-21,NVDA,20.586170196533203,410015000
2023-02-22,NVDA,20.684843063354492,513184000
2023-02-23,NVDA,23.58514404296875,1117995000
2023-02-24,NVDA,23.20840835571289,589716000
2023-02-27,NVDA,23.422685623168945,452994000
2023-02-28,NVDA,23.138639450073242,455963000
2023-03-01,NVDA,22.622365951538086,460026000
2023-03-02,NVDA,23.23630714416504,389415000
2023-03-03,NVDA,23.810394287109375,412393000
2023-03-06,NVDA,23.475513458251953,437429000
2023-03-07,NVDA,23.214336395263672,515154000
2023-03-08,NVDA,24.10451316833496,513573000
2023-03-09,NVDA,23.361875534057617,501257000
2023-03-10,NVDA,22.892356872558594,474866000
2023-03-13,NVDA,22.893356323242188,421890000
2023-03-14,NVDA,23.986886978149414,474910000
2023-03-15,NVDA,24.151363372802734,524486000
2023-03-16,NVDA,25.46021270751953,583253000
2023-03-17,NVDA,25.64362907409668,848547000
2023-03-20,NVDA,25.818077087402344,432747000
2023-03-21,NVDA,26.116134643554688,547408000
2023-03-22,NVDA,26.384281158447266,797295000
2023-03-23,NVDA,27.104997634887695,564889000
2023-03-24,NVDA,26.69430160522461,454920000
2023-03-27,NVDA,26.447084426879883,361026000
2023-03-28,NVDA,26.326465606689453,356104000
2023-03-29,NVDA,26.89864730834961,393694000
2023-03-30,NVDA,27.29638671875,364516000
2023-03-31,NVDA,27.689138412475586,433933000
2023-04-03,NVDA,27.87654685974121,398716000
2023-04-04,NVDA,27.36616325378418,368592000
2023-04-05,NVDA,26.795974731445312,515015000
2023-04-06,NVDA,26.951478958129883,397654000
2023-04-10,NVDA,27.49176597595215,395279000
2023-04-11,NVDA,27.083065032958984,314378000
2023-04-12,NVDA,26.411197662353516,446259000
2023-04-13,NVDA,26.379291534423828,353615000
2023-04-14,NVDA,26.673362731933594,395660000
2023-04-17,NVDA,26.916593551635742,321471000
2023-04-18,NVDA,27.579490661621094,604812000
2023-04-19,NVDA,27.842653274536133,358660000
2023-04-20,NVDA,27.018268585205078,427713000
2023-04-21,NVDA,27.033222198486328,345103000
2023-04-24,NVDA,26.956464767456055,339282000
2023-04-25,NVDA,26.157997131347656,378527000
2023-04-26,NVDA,26.870738983154297,406337000
2023-04-27,NVDA,27.13988494873047,377161000
2023-04-28,NVDA,27.661231994628906,292216000
2023-05-01,NVDA,28.818559646606445,570329000
2023-05-02,NVDA,28.120773315429688,402730000
2023-05-03,NVDA,27.714061737060547,383387000
2023-05-04,NVDA,27.474822998046875,321850000
2023-05-05,NVDA,28.589284896850586,361494000
2023-05-08,NVDA,29.058794021606445,344979000
2023-05-09,NVDA,28.48063087463379,314869000
2023-05-10,NVDA,28.793636322021484,369350000
2023-05-11,NVDA,28.48760414123535,322149000
2023-05-12,NVDA,28.25035858154297,274222000
2023-05-15,NVDA,28.86142349243164,293926000
2023-05-16,NVDA,29.1205997467041,449405000
2023-05-17,NVDA,30.082548141479492,432535000
2023-05-18,NVDA,31.577802658081055,748725000
2023-05-19,NVDA,31.165111541748047,473908000
2023-05-22,NVDA,31.077392578125,372000000
2023-05-23,NVDA,30.59093475341797,356253000
2023-05-24,NVDA,30.441410064697266,721419000
2023-05-25,NVDA,37.8598747253418,1543911000
2023-05-26,NVDA,38.82280731201172,714397000
2023-05-30,NVDA,39.984130859375,923401000
2023-05-31,NVDA,37.714332580566406,1002580000
2023-06-01,NVDA,39.64420700073242,635873000
2023-06-02,NVDA,39.20261001586914,482731000
2023-06-05,NVDA,39.04710388183594,396094000
2023-06-06,NVDA,38.531742095947266,388729000
2023-06-07,NVDA,37.36033248901367,511998000
2023-06-08,NVDA,38.39216232299805,417772000
2023-06-09,NVDA,38.651371002197266,427717000
2023-06-12,NVDA,39.361183166503906,388701000
2023-06-13,NVDA,40.8964729309082,613208000
2023-06-14,NVDA,42.865447998046875,740465000
2023-06-15,NVDA,42.52249526977539,568622000
2023-06-16,NVDA,42.561370849609375,655709000
2023-06-20,NVDA,43.6739501953125,451153000
2023-06-21,NVDA,42.913291931152344,551603000
2023-06-22,NVDA,42.893348693847656,417737000
2023-06-23,NVDA,42.07984924316406,358140000
2023-06-26,NVDA,40.50767135620117,594322000
2023-06-27,NVDA,41.747867584228516,462175000
2023-06-28,NVDA,40.99118423461914,582639000
2023-06-29,NVDA,40.69709396362305,380514000
2023-06-30,NVDA,42.172569274902344,501148000
2023-07-03,NVDA,42.2832145690918,198209000
2023-07-05,NVDA,42.18751525878906,323618000
2023-07-06,NVDA,41.97417068481445,303582000
2023-07-07,NVDA,42.372947692871094,355881000
2023-07-10,NVDA,42.05093002319336,353908000
2023-07-11,NVDA,42.275238037109375,298244000
2023-07-12,NVDA,43.767662048339844,481277000
2023-07-13,NVDA,45.83631896972656,478204000
2023-07-14,NVDA,45.32987594604492,772075000
2023-07-17,NVDA,46.31883239746094,510488000
2023-07-18,NVDA,47.34867858886719,569164000
2023-07-19,NVDA,46.93294906616211,427502000
2023-07-20,NVDA,45.38071823120117,537865000
2023-07-21,NVDA,44.17341613769531,963769000
2023-07-24,NVDA,44.47549819946289,382516000
2023-07-25,NVDA,45.53922653198242,348081000
2023-07-26,NVDA,45.312923431396484,364237000
2023-07-27,NVDA,45.759559631347656,455976000
2023-07-28,NVDA,46.60694885253906,331194000
2023-07-31,NVDA,46.58601760864258,251055000
2023-08-01,NVDA,46.36469268798828,237858000
2023-08-02,NVDA,44.133548736572266,530142000
2023-08-03,NVDA,44.378787994384766,324176000
2023-08-04,NVDA,44.54328536987305,362666000
2023-08-07,NVDA,45.27803039550781,322154000
2023-08-08,NVDA,44.527339935302734,353843000
2023-08-09,NVDA,42.42379379272461,586449000
2023-08-10,NVDA,42.25830078125,492705000
2023-08-11,NVDA,40.72998046875,533085000
2023-08-14,NVDA,43.619117736816406,690286000
2023-08-15,NVDA,43.80554962158203,676512000
2023-08-16,NVDA,43.352935791015625,527451000
2023-08-17,NVDA,43.21137237548828,452395000
2023-08-18,NVDA,43.16651153564453,583768000
2023-08-21,NVDA,46.823280334472656,692573000
2023-08-22,NVDA,45.52825927734375,755293000
2023-08-23,NVDA,46.97184371948242,779046000
2023-08-24,NVDA,47.01869201660156,1156044000
2023-08-25,NVDA,45.877193450927734,925341000
2023-08-28,NVDA,46.691688537597656,685192000
2023-08-29,NVDA,48.63472366333008,701397000
2023-08-30,NVDA,49.11326217651367,735206000
2023-08-31,NVDA,49.2039794921875,528570000
2023-09-01,NVDA,48.360565185546875,463830000
2023-09-05,NVDA,48.39945602416992,382653000
2023-09-06,NVDA,46.92086410522461,468670000
2023-09-07,NVDA,46.10331726074219,433330000
2023-09-08,NVDA,45.436302185058594,473069000
2023-09-11,NVDA,45.04347229003906,473966000
2023-09-12,NVDA,44.73638916015625,349256000
2023-09-13,NVDA,45.34955978393555,398355000
2023-09-14,NVDA,45.44527053833008,370097000
2023-09-15,NVDA,43.7692756652832,506831000
2023-09-18,NVDA,43.83507537841797,500271000
2023-09-19,NVDA,43.39041519165039,373064000
2023-09-20,NVDA,42.11322021484375,367108000
2023-09-21,NVDA,40.894859313964844,450736000
2023-09-22,NVDA,41.48609924316406,479236000
2023-09-25,NVDA,42.096282958984375,419091000
2023-09-26,NVDA,41.78620147705078,402282000
2023-09-27,NVDA,42.34153747558594,444935000
2023-09-28,NVDA,42.960693359375,424663000
2023-09-29,NVDA,43.369476318359375,397830000
2023-10-02,NVDA,44.64864730834961,433298000
2023-10-03,NVDA,43.38741683959961,470850000
2023-10-04,NVDA,43.90986251831055,361821000
2023-10-05,NVDA,44.554931640625,393483000
2023-10-06,NVDA,45.625736236572266,434436000
2023-10-09,NVDA,45.13818359375,409675000
2023-10-10,NVDA,45.66162872314453,368582000
2023-10-11,NVDA,46.66661834716797,378137000
2023-10-12,NVDA,46.80521774291992,481325000
2023-10-13,NVDA,45.32563018798828,474115000
2023-10-16,NVDA,45.957740783691406,375099000
2023-10-17,NVDA,43.80716323852539,812333000
2023-10-18,NVDA,42.070350646972656,627294000
2023-10-19,NVDA,41.97563934326172,501233000
2023-10-20,NVDA,41.263763427734375,477266000
2023-10-23,NVDA,42.84703063964844,478530000
2023-10-24,NVDA,43.532981872558594,401463000
2023-10-25,NVDA,41.654598236083984,398379000
2023-10-26,NVDA,40.20592498779297,541001000
2023-10-27,NVDA,40.3794059753418,416784000
2023-10-30,NVDA,41.03843688964844,388028000
2023-10-31,NVDA,40.6585693359375,517969000
2023-11-01,NVDA,42.19896697998047,437593000
2023-11-02,NVDA,43.37644958496094,409172000
2023-11-03,NVDA,44.87097930908203,424610000
2023-11-06,NVDA,45.61476135253906,400733000
2023-11-07,NVDA,45.81816101074219,343165000
2023-11-08,NVDA,46.43531036376953,346719000
2023-11-09,NVDA,46.81019973754883,540496000
2023-11-10,NVDA,48.191070556640625,421245000
2023-11-13,NVDA,48.4752197265625,384136000
2023-11-14,NVDA,49.50812530517578,416954000
2023-11-15,NVDA,48.742431640625,475497000
2023-11-16,NVDA,49.33266830444336,339756000
2023-11-17,NVDA,49.15121078491211,325205000
2023-11-20,NVDA,50.25889587402344,414120000
2023-11-21,NVDA,49.79528045654297,565747000
2023-11-22,NVDA,48.57093811035156,899420000
2023-11-24,NVDA,47.63374328613281,294645000
2023-11-27,NVDA,48.09834289550781,395662000
2023-11-28,NVDA,47.67860412597656,401491000
2023-11-29,NVDA,47.99665451049805,382005000
2023-11-30,NVDA,46.6307373046875,526247000
2023-12-01,NVDA,46.62574768066406,369317000
2023-12-04,NVDA,45.37447738647461,437543000
2023-12-05,NVDA,46.431419372558594,371718000
2023-12-06,NVDA,45.37148666381836,380590000
2023-12-07,NVDA,46.46133804321289,350823000
2023-12-08,NVDA,47.36870574951172,359224000
2023-12-11,NVDA,46.492244720458984,509728000
2023-12-12,NVDA,47.5192756652832,372387000
2023-12-13,NVDA,47.94902420043945,447792000
2023-12-14,NVDA,48.210262298583984,391232000
2023-12-15,NVDA,48.74870681762695,479948000
2023-12-18,NVDA,49.93227005004883,412587000
2023-12-19,NVDA,49.46063995361328,464444000
2023-12-20,NVDA,47.97195816040039,397894000
2023-12-21,NVDA,48.848419189453125,300425000
2023-12-22,NVDA,48.688873291015625,252507000
2023-12-26,NVDA,49.13657760620117,244200000
2023-12-27,NVDA,49.27418518066406,233648000
2023-12-28,NVDA,49.378875732421875,246587000
2023-12-29,NVDA,49.378875732421875,389293000
2024-01-02,NVDA,48.02878189086914,411254000
2024-01-03,NVDA,47.431522369384766,320896000
2024-01-04,NVDA,47.85928726196289,306535000
2024-01-05,NVDA,48.955108642578125,415039000
2024-01-08,NVDA,52.101985931396484,642510000
2024-01-09,NVDA,52.98642349243164,773100000
2024-01-10,NVDA,54.19292449951172,533796000
2024-01-11,NVDA,54.6635627746582,596759000
2024-01-12,NVDA,54.55188751220703,352994000
2024-01-16,NVDA,56.21904754638672,449580000
2024-01-17,NVDA,55.8910026550293,474394000
2024-01-18,NVDA,56.94195556640625,491650000
2024-01-19,NVDA,59.31907272338867,543501000
2024-01-22,NVDA,59.48160171508789,452955000
2024-01-23,NVDA,59.6999626159668,294654000
2024-01-24,NVDA,61.18466567993164,560271000
2024-01-25,NVDA,61.43892288208008,482777000
2024-01-26,NVDA,60.854610443115234,390309000
2024-01-29,NVDA,62.28447341918945,348733000
2024-01-30,NVDA,62.59257888793945,410735000
2024-01-31,NVDA,61.349185943603516,453795000
2024-02-01,NVDA,62.844852447509766,369146000
2024-02-02,NVDA,65.96879577636719,476578000
2024-02-05,NVDA,69.13162231445312,680078000
2024-02-06,NVDA,68.02583312988281,683111000
2024-02-07,NVDA,69.89640808105469,495575000
2024-02-08,NVDA,69.43974304199219,414422000
2024-02-09,NVDA,71.92453002929688,436637000
2024-02-12,NVDA,72.03919219970703,613710000
2024-02-13,NVDA,71.91954040527344,602580000
2024-02-14,NVDA,73.68641662597656,504917000
2024-02-15,NVDA,72.4480209350586,420122000
2024-02-16,NVDA,72.40313720703125,495327000
2024-02-20,NVDA,69.25129699707031,704833000
2024-02-21,NVDA,67.2770004272461,673755000
2024-02-22,NVDA,78.31102752685547,865100000
2024-02-23,NVDA,78.58921813964844,829388000
2024-02-26,NVDA,78.86343383789062,503973000
2024-02-27,NVDA,78.47354888916016,391705000
2024-02-28,NVDA,77.43856048583984,393110000
2024-02-29,NVDA,78.88336181640625,507289000
2024-03-01,NVDA,82.04120635986328,479135000
2024-03-04,NVDA,84.99065399169922,615616000
2024-03-05,NVDA,85.71958923339844,520639000
2024-03-06,NVDA,88.44780731201172,582520000
2024-03-07,NVDA,92.405517578125,608119000
2024-03-08,NVDA,87.27912902832031,1142269000
2024-03-11,NVDA,85.53012084960938,678364000
2024-03-12,NVDA,91.65166473388672,668075000
2024-03-13,NVDA,90.62957763671875,635713000
2024-03-14,NVDA,87.6939468383789,602318000
2024-03-15,NVDA,87.5872573852539,642086000
2024-03-18,NVDA,88.20349884033203,668976000
2024-03-19,NVDA,89.14382934570312,672171000
2024-03-20,NVDA,90.11505126953125,479063000
2024-03-21,NVDA,91.17501831054688,480372000
2024-03-22,NVDA,94.02091217041016,586719000
2024-03-25,NVDA,94.73187255859375,552136000
2024-03-26,NVDA,92.29782104492188,513648000
2024-03-27,NVDA,89.99339294433594,586067000
2024-03-28,NVDA,90.09909057617188,435212000
2024-04-01,NVDA,90.10607147216797,452441000
2024-04-02,NVDA,89.19766235351562,433064000
2024-04-03,NVDA,88.71104431152344,370067000
2024-04-04,NVDA,85.66073608398438,434965000
2024-04-05,NVDA,87.75776672363281,399678000
2024-04-08,NVDA,86.88526153564453,283220000
2024-04-09,NVDA,85.11128997802734,501700000
2024-04-10,NVDA,86.7915267944336,431929000
2024-04-11,NVDA,90.35835266113281,431637000
2024-04-12,NVDA,87.93526458740234,426805000
2024-04-15,NVDA,85.75646209716797,443077000
2024-04-16,NVDA,87.16646575927734,370453000
2024-04-17,NVDA,83.79605865478516,495400000
2024-04-18,NVDA,84.43025207519531,447260000
2024-04-19,NVDA,75.98334503173828,875198000
2024-04-22,NVDA,79.29191589355469,596341000
2024-04-23,NVDA,82.18865203857422,438559000
2024-04-24,NVDA,79.45045471191406,512208000
2024-04-25,NVDA,82.39705657958984,424641000
2024-04-26,NVDA,87.48555755615234,551011000
2024-04-29,NVDA,87.50748443603516,388971000
2024-04-30,NVDA,86.15634155273438,363709000
2024-05-01,NVDA,82.80488586425781,559863000
2024-05-02,NVDA,85.57300567626953,377898000
2024-05-03,NVDA,88.53654479980469,398341000
2024-05-06,NVDA,91.87802124023438,376203000
2024-05-07,NVDA,90.29652404785156,437342000
2024-05-08,NVDA,90.15493774414062,325721000
2024-05-09,NVDA,88.49465942382812,378013000
2024-05-10,NVDA,89.6224594116211,335325000
2024-05-13,NVDA,90.14197540283203,289680000
2024-05-14,NVDA,91.09625244140625,296507000
2024-05-15,NVDA,94.36095428466797,417735000
2024-05-16,NVDA,94.09070587158203,323952000
2024-05-17,NVDA,92.216064453125,359691000
2024-05-20,NVDA,94.51051330566406,318764000
2024-05-21,NVDA,95.11478424072266,328946000
2024-05-22,NVDA,94.68002319335938,548648000
2024-05-23,NVDA,103.5038833618164,835065000
2024-05-24,NVDA,106.16626739501953,429494000
2024-05-28,NVDA,113.5771484375,652728000
2024-05-29,NVDA,114.49850463867188,557442000
2024-05-30,NVDA,110.18582916259766,484553000
2024-05-31,NVDA,109.3212890625,613263000
2024-06-03,NVDA,114.67301940917969,438392000
2024-06-04,NVDA,116.10592651367188,403324000
2024-06-05,NVDA,122.09186553955078,528402000
2024-06-06,NVDA,120.6539535522461,664696000
2024-06-07,NVDA,120.54428100585938,412386000
2024-06-10,NVDA,121.44371795654297,313434100
2024-06-11,NVDA,120.57612609863281,222551200
2024-06-12,NVDA,124.8542709350586,299595000
2024-06-13,NVDA,129.25210571289062,260704500
2024-06-14,NVDA,131.51583862304688,309320400
2024-06-17,NVDA,130.6183319091797,288504400
2024-06-18,NVDA,135.2056121826172,294335100
2024-06-20,NVDA,130.4188690185547,517768400
2024-06-21,NVDA,126.22049713134766,649445800
2024-06-24,NVDA,117.78385162353516,476060900
2024-06-25,NVDA,125.74181365966797,414192600
2024-06-26,NVDA,126.05096435546875,362975900
2024-06-27,NVDA,123.64761352539062,252571700
2024-06-28,NVDA,123.19886779785156,315516700
2024-07-01,NVDA,123.95675659179688,284885500
2024-07-02,NVDA,122.33126068115234,218374000
2024-07-03,NVDA,127.92579650878906,215749000
2024-07-05,NVDA,125.48252868652344,214176700
2024-07-08,NVDA,127.8459701538086,237677300
2024-07-09,NVDA,131.01722717285156,285366600
2024-07-10,NVDA,134.53746032714844,248978600
2024-07-11,NVDA,127.04821014404297,374782700
2024-07-12,NVDA,128.88311767578125,252680500
2024-07-15,NVDA,128.08534240722656,208326200
2024-07-16,NVDA,126.01107788085938,214769500
2024-07-17,NVDA,117.66417694091797,390086200
2024-07-18,NVDA,120.75560760498047,320979500
2024-07-19,NVDA,117.60435485839844,217223800
2024-07-22,NVDA,123.19886779785156,258068900
2024-07-23,NVDA,122.25147247314453,173911000
2024-07-24,NVDA,113.93451690673828,327776900
2024-07-25,NVDA,111.96995544433594,460067000
2024-07-26,NVDA,112.747802734375,293399100
2024-07-29,NVDA,111.2818603515625,248152100
2024-07-30,NVDA,103.44357299804688,486833300
2024-07-31,NVDA,116.69685363769531,473174200
2024-08-01,NVDA,108.90841674804688,523462300
2024-08-02,NVDA,106.9737777709961,482027500
2024-08-05,NVDA,100.17261505126953,552842400
2024-08-06,NVDA,103.96212005615234,409012100
2024-08-07,NVDA,98.63687896728516,411440400
2024-08-08,NVDA,104.68013763427734,391910000
2024-08-09,NVDA,104.46075439453125,290844200
2024-08-12,NVDA,108.71894836425781,325559900
2024-08-13,NVDA,115.81929779052734,312646700
2024-08-14,NVDA,117.75394439697266,339246400
2024-08-15,NVDA,122.52072143554688,318086700
2024-08-16,NVDA,124.23599243164062,302589900
2024-08-19,NVDA,129.64100646972656,318333600
2024-08-20,NVDA,126.89860534667969,300087400
2024-08-21,NVDA,128.14515686035156,257883600
2024-08-22,NVDA,123.39830017089844,376189100
2024-08-23,NVDA,129.0127716064453,323230300
2024-08-26,NVDA,126.11080169677734,331964700
2024-08-27,NVDA,127.94573974609375,303134600
2024-08-28,NVDA,125.26315307617188,448101100
2024-08-29,NVDA,117.26527404785156,453023300
2024-08-30,NVDA,119.0403823852539,333751600
2024-09-03,NVDA,107.70177459716797,477155100
2024-09-04,NVDA,105.91670989990234,372470300
2024-09-05,NVDA,106.91394805908203,306850700
2024-09-06,NVDA,102.54605102539062,413638100
2024-09-09,NVDA,106.17599487304688,273912000
2024-09-10,NVDA,107.80147552490234,268283700
2024-09-11,NVDA,116.58716583251953,441422400
2024-09-12,NVDA,118.82118225097656,366052700
2024-09-13,NVDA,118.7812728881836,238358300
2024-09-16,NVDA,116.46749114990234,248772300
2024-09-17,NVDA,115.28067016601562,231925900
2024-09-18,NVDA,113.06661987304688,310318900
2024-09-19,NVDA,117.55458068847656,293506400
2024-09-20,NVDA,115.6895751953125,382462400
2024-09-23,NVDA,115.9488754272461,206228500
2024-09-24,NVDA,120.54654693603516,354966800
2024-09-25,NVDA,123.17947387695312,284692900
2024-09-26,NVDA,123.70806884765625,302582900
2024-09-27,NVDA,121.07511901855469,271009200
2024-09-30,NVDA,121.11502838134766,226553700
2024-10-01,NVDA,116.68689727783203,302094500
2024-10-02,NVDA,118.53194427490234,221845900
2024-10-03,NVDA,122.521240234375,277118000
2024-10-04,NVDA,124.5857162475586,243678100
2024-10-07,NVDA,127.37821197509766,346250200
2024-10-08,NVDA,132.53436279296875,285722500
2024-10-09,NVDA,132.29502868652344,246191600
2024-10-10,NVDA,134.44923400878906,242311300
2024-10-11,NVDA,134.4392852783203,170209500
2024-10-14,NVDA,137.7005157470703,232347700
2024-10-15,NVDA,131.2478485107422,377831000
2024-10-16,NVDA,135.3568115234375,264879700
2024-10-17,NVDA,136.56356811523438,306435900
2024-10-18,NVDA,137.63070678710938,176090200
2024-10-21,NVDA,143.325439453125,264554500
2024-10-22,NVDA,143.2057342529297,226311600
2024-10-23,NVDA,139.18653869628906,285930000
2024-10-24,NVDA,140.03427124023438,172354900
2024-10-25,NVDA,141.16123962402344,205122100
2024-10-28,NVDA,140.14393615722656,173586700
2024-10-29,NVDA,140.8720245361328,157593600
2024-10-30,NVDA,138.96710205078125,179418100
2024-10-31,NVDA,132.40472412109375,270039600
2024-11-01,NVDA,135.03765869140625,207127800
2024-11-04,NVDA,135.6859130859375,187528200
2024-11-05,NVDA,139.5355987548828,160537400
2024-11-06,NVDA,145.22032165527344,242043900
2024-11-07,NVDA,148.4816131591797,207323300
2024-11-08,NVDA,147.23492431640625,175665800
2024-11-11,NVDA,144.8712921142578,182325600
2024-11-12,NVDA,147.89317321777344,198634700
2024-11-13,NVDA,145.87857055664062,191903300
2024-11-14,NVDA,146.36724853515625,194463300
2024-11-15,NVDA,141.6000518798828,250132900
2024-11-18,NVDA,139.77493286132812,221205300
2024-11-19,NVDA,146.61659240722656,227834900
2024-11-20,NVDA,145.4995880126953,309871700
2024-11-21,NVDA,146.27748107910156,400946600
2024-11-22,NVDA,141.57012939453125,236406200
2024-11-25,NVDA,135.65599060058594,344941900
2024-11-26,NVDA,136.55360412597656,190287700
2024-11-27,NVDA,134.9778289794922,226370900
2024-11-29,NVDA,137.88002014160156,141863200
2024-12-02,NVDA,138.25901794433594,171682800
2024-12-03,NVDA,139.8846435546875,164414000
2024-12-04,NVDA,144.75157165527344,231224300
2024-12-05,NVDA,144.68177795410156,172621200
2024-12-06,NVDA,142.06861877441406,188505600
2024-12-09,NVDA,138.44805908203125,189308600
2024-12-10,NVDA,134.71783447265625,210020900
2024-12-11,NVDA,138.94676208496094,184905200
2024-12-12,NVDA,136.98190307617188,159211400
2024-12-13,NVDA,133.8999786376953,231514900
2024-12-16,NVDA,131.6558074951172,237951100
2024-12-17,NVDA,130.05001831054688,259410300
2024-12-18,NVDA,128.57386779785156,277444500
2024-12-19,NVDA,130.33926391601562,209719200
2024-12-20,NVDA,134.34878540039062,306528600
2024-12-23,NVDA,139.30581665039062,176053500
2024-12-24,NVDA,139.85440063476562,105157000
2024-12-26,NVDA,139.5651397705078,116205600
2024-12-27,NVDA,136.6527557373047,170582600
2024-12-30,NVDA,137.1315155029297,167734700
2024-12-31,NVDA,133.9398651123047,155659200
2025-01-02,NVDA,137.94937133789062,198247200
2025-01-03,NVDA,144.0933074951172,229322500
2025-01-06,NVDA,149.0404052734375,265377400
2025-01-07,NVDA,139.77459716796875,351782200
2025-01-08,NVDA,139.7447052001953,227349900
2025-01-10,NVDA,135.55563354492188,207602500
2025-01-13,NVDA,132.88259887695312,204808900
2025-01-14,NVDA,131.4164581298828,195590500
2025-01-15,NVDA,135.88478088378906,185217300
2025-01-16,NVDA,133.2217559814453,209235600
2025-01-17,NVDA,137.3509521484375,201188800
2025-01-21,NVDA,140.4628143310547,197749000
2025-01-22,NVDA,146.68655395507812,237651400
2025-01-23,NVDA,146.83615112304688,155915500
2025-01-24,NVDA,142.24813842773438,234657600
2025-01-27,NVDA,118.11123657226562,818830900
2025-01-28,NVDA,128.6536865234375,579666400
2025-01-29,NVDA,123.37747955322266,467120600
2025-01-30,NVDA,124.32499694824219,392925500
2025-01-31,NVDA,119.7569351196289,388161100
2025-02-03,NVDA,116.35582733154297,371235700
2025-02-04,NVDA,118.34063720703125,256550000
2025-02-05,NVDA,124.50453186035156,262230800
2025-02-06,NVDA,128.34446716308594,251483600
2025-02-07,NVDA,129.50144958496094,228186300
2025-02-10,NVDA,133.2217559814453,216989100
2025-02-11,NVDA,132.45375061035156,178902400
2025-02-12,NVDA,130.79806518554688,160278600
2025-02-13,NVDA,134.937255859375,197430000
2025-02-14,NVDA,138.48797607421875,195479600
2025-02-18,NVDA,139.03652954101562,219176600
2025-02-19,NVDA,138.8669891357422,167536000
2025-02-20,NVDA,139.7447052001953,143903600
2025-02-21,NVDA,134.07949829101562,228217600
2025-02-24,NVDA,129.9403076171875,251381100
2025-02-25,NVDA,126.29981994628906,271428700
2025-02-26,NVDA,130.93771362304688,322553800
2025-02-27,NVDA,119.83672332763672,443175800
2025-02-28,NVDA,124.59429931640625,389091100
2025-03-03,NVDA,113.76260375976562,411381400
2025-03-04,NVDA,115.68757629394531,398163300
2025-03-05,NVDA,116.9941635131836,284337900
2025-03-06,NVDA,110.2817153930664,321181900
2025-03-07,NVDA,112.39618682861328,341755500
2025-03-10,NVDA,106.70106506347656,366487400
2025-03-11,NVDA,108.4764175415039,354865700
2025-03-12,NVDA,115.4488525390625,323857500
2025-03-13,NVDA,115.28924560546875,299033100
2025-03-14,NVDA,121.36392211914062,277593500
2025-03-17,NVDA,119.22930145263672,255501500
2025-03-18,NVDA,115.1396255493164,299686900
2025-03-19,NVDA,117.224365234375,273426200
2025-03-20,NVDA,118.23182678222656,248829700
2025-03-21,NVDA,117.4039077758789,266498500
2025-03-24,NVDA,121.10458374023438,228452500
2025-03-25,NVDA,120.38639068603516,167447200
2025-03-26,NVDA,113.47382354736328,293463300
2025-03-27,NVDA,111.1496810913086,236902100
2025-03-28,NVDA,109.39411926269531,229872500
2025-03-31,NVDA,108.10736083984375,299212700
2025-04-01,NVDA,109.87291717529297,222614000
2025-04-02,NVDA,110.14221954345703,220601200
2025-04-03,NVDA,101.5439224243164,338769400
2025-04-04,NVDA,94.07276153564453,532273800
2025-04-07,NVDA,97.39437103271484,611041300
2025-04-08,NVDA,96.05775451660156,476243400
2025-04-09,NVDA,114.04239654541016,612918300
2025-04-10,NVDA,107.29939270019531,437812400
2025-04-11,NVDA,110.65094757080078,313417300
2025-04-14,NVDA,110.43150329589844,264705000
2025-04-15,NVDA,111.9177474975586,228966900
2025-04-16,NVDA,104.2271499633789,397016900
2025-04-17,NVDA,101.23468780517578,292517500
2025-04-21,NVDA,96.66622161865234,288501100
2025-04-22,NVDA,98.64122772216797,241004800
2025-04-23,NVDA,102.45162200927734,247526000
2025-04-24,NVDA,106.16226196289062,220815000
2025-04-25,NVDA,110.73074340820312,251064700
2025-04-28,NVDA,108.45648193359375,207708500
2025-04-29,NVDA,108.7457504272461,170444300
2025-04-30,NVDA,108.64599609375,235044600
2025-05-01,NVDA,111.32923126220703,236121500
2025-05-02,NVDA,114.21196746826172,190194800
2025-05-05,NVDA,113.53368377685547,133163200
2025-05-06,NVDA,113.25438690185547,158525600
2025-05-07,NVDA,116.7655258178711,206758800
2025-05-08,NVDA,117.07474517822266,198428100
2025-05-09,NVDA,116.35655975341797,132972200
2025-05-12,NVDA,122.69058227539062,225023300
2025-05-13,NVDA,129.6031494140625,330430100
2025-05-14,NVDA,134.9995574951172,281180800
2025-05-15,NVDA,134.49081420898438,226632600
2025-05-16,NVDA,135.05938720703125,226542500
2025-05-19,NVDA,135.22897338867188,193154600
2025-05-20,NVDA,134.0419464111328,161514200
2025-05-21,NVDA,131.4684600830078,270608700
2025-05-22,NVDA,132.495849609375,187344000
2025-05-23,NVDA,130.95970153808594,198821300
2025-05-27,NVDA,135.1591339111328,192953600
2025-05-28,NVDA,134.4708709716797,304021100
2025-05-29,NVDA,138.83985900878906,369241900
2025-05-30,NVDA,134.7900848388672,333170900
2025-06-02,NVDA,137.03440856933594,197663100
2025-06-03,NVDA,140.86474609375,225578800
2025-06-04,NVDA,141.56298828125,167120800
2025-06-05,NVDA,139.63784790039062,231397900
2025-06-06,NVDA,141.36351013183594,153986200
2025-06-09,NVDA,142.27120971679688,185114500
2025-06-10,NVDA,143.59786987304688,155881900
2025-06-11,NVDA,142.48060607910156,167694000
2025-06-12,NVDA,144.64529418945312,162365000
2025-06-13,NVDA,141.62271118164062,180820600
2025-06-16,NVDA,144.33604431152344,183133700
2025-06-17,NVDA,143.76742553710938,139108000
2025-06-18,NVDA,145.12411499023438,161494100
2025-06-20,NVDA,143.4980926513672,242956200
2025-06-23,NVDA,143.81732177734375,154308900
2025-06-24,NVDA,147.53817749023438,187566100
2025-06-25,NVDA,153.93251037597656,269146500
2025-06-26,NVDA,154.64077758789062,198145700
2025-06-27,NVDA,157.3640899658203,263234500
2025-06-30,NVDA,157.60350036621094,194580300
2025-07-01,NVDA,152.9249725341797,213143600
2025-07-02,NVDA,156.86532592773438,171224100
2025-07-03,NVDA,158.95018005371094,143716100
2025-07-07,NVDA,157.85287475585938,140139000
2025-07-08,NVDA,159.6085968017578,138133000
2025-07-09,NVDA,162.48153686523438,183656400
2025-07-10,NVDA,163.6985626220703,167704100
2025-07-11,NVDA,164.5165557861328,193633300
2025-07-14,NVDA,163.66864013671875,136975800
2025-07-15,NVDA,170.28240966796875,230627400
2025-07-16,NVDA,170.95079040527344,158831500
2025-07-17,NVDA,172.57679748535156,160841100
2025-07-18,NVDA,171.9882354736328,146456400
2025-07-21,NVDA,170.96075439453125,123126100
2025-07-22,NVDA,166.6213836669922,193114300
2025-07-23,NVDA,170.3622283935547,154082200
2025-07-24,NVDA,173.31497192382812,128984600
2025-07-25,NVDA,173.0755615234375,122316800
2025-07-28,NVDA,176.31761169433594,140023500
2025-07-29,NVDA,175.08062744140625,154077500
2025-07-30,NVDA,178.83145141601562,174312200
2025-07-31,NVDA,177.43487548828125,221685400
2025-08-01,NVDA,173.29502868652344,204529000
2025-08-04,NVDA,179.55966186523438,148174600
2025-08-05,NVDA,177.8238983154297,156407600
2025-08-06,NVDA,178.9810791015625,137192300
2025-08-07,NVDA,180.32778930664062,151878400
2025-08-08,NVDA,182.2530517578125,123396700
2025-08-11,NVDA,181.6146240234375,138323200
2025-08-12,NVDA,182.71192932128906,145485700
2025-08-13,NVDA,181.14576721191406,179871700
2025-08-14,NVDA,181.57472229003906,129554000
2025-08-15,NVDA,180.00856018066406,156602200
2025-08-18,NVDA,181.5647430419922,132008000
2025-08-19,NVDA,175.2103271484375,185229200
2025-08-20,NVDA,174.97091674804688,215142700
2025-08-21,NVDA,174.5519256591797,140040900
2025-08-22,NVDA,177.55458068847656,172789400
2025-08-25,NVDA,179.3701171875,163012800
2025-08-26,NVDA,181.32533264160156,168688200
2025-08-27,NVDA,181.15574645996094,235518900
2025-08-28,NVDA,179.72923278808594,281787800
2025-08-29,NVDA,173.75387573242188,243257900
2025-09-02,NVDA,170.3622283935547,231164900
2025-09-03,NVDA,170.20260620117188,164424900
2025-09-04,NVDA,171.2400665283203,141670100
2025-09-05,NVDA,166.61141967773438,224441400
2025-09-08,NVDA,167.8982696533203,163769100
2025-09-09,NVDA,170.34225463867188,157548400
2025-09-10,NVDA,176.89620971679688,226852000
2025-09-11,NVDA,176.7465362548828,151159300
2025-09-12,NVDA,177.39500427246094,124911000
2025-09-15,NVDA,177.3251495361328,147061600
2025-09-16,NVDA,174.46202087402344,140737800
2025-09-17,NVDA,169.8829803466797,211843800
2025-09-18,NVDA,175.81878662109375,191763300
2025-09-19,NVDA,176.2477264404297,237182100
2025-09-22,NVDA,183.17117309570312,269637000
2025-09-23,NVDA,178.0035400390625,192559600
2025-09-24,NVDA,176.54701232910156,143564100
2025-09-25,NVDA,177.2653045654297,191586700
2025-09-26,NVDA,177.7641143798828,148573700
2025-09-29,NVDA,181.4153594970703,193063500
2025-09-30,NVDA,186.13404846191406,236981000
2025-10-01,NVDA,186.79249572753906,173844900
2025-10-02,NVDA,188.43853759765625,136805800
2025-10-03,NVDA,187.1715545654297,137596900
2025-10-06,NVDA,185.0965576171875,157678100
2025-10-07,NVDA,184.5977325439453,140088000
2025-10-08,NVDA,188.6580047607422,130168900
2025-10-09,NVDA,192.1097412109375,182997200
2025-10-10,NVDA,182.7222442626953,268774400
2025-10-13,NVDA,187.8699188232422,153482800
2025-10-14,NVDA,179.59971618652344,205641400
2025-10-15,NVDA,179.4001922607422,214450500
2025-10-16,NVDA,181.3754425048828,179723300
2025-10-17,NVDA,182.78208923339844,173135200
2025-10-20,NVDA,182.20347595214844,128544700
2025-10-21,NVDA,180.72702026367188,124240200
2025-10-22,NVDA,179.84910583496094,162249600
2025-10-23,NVDA,181.72462463378906,111363700
2025-10-24,NVDA,185.8148193359375,131296700
2025-10-27,NVDA,191.03233337402344,153452700
2025-10-28,NVDA,200.5495147705078,297986200
2025-10-29,NVDA,206.545166015625,308829600
2025-10-30,NVDA,202.4050750732422,178864400
2025-10-31,NVDA,202.00604248046875,179802200
2025-11-03,NVDA,206.3855438232422,180267300
2025-11-04,NVDA,198.21510314941406,188919300
2025-11-05,NVDA,194.74343872070312,171350300
2025-11-06,NVDA,187.6304931640625,223029800
2025-11-07,NVDA,187.70028686523438,264942300
2025-11-10,NVDA,198.5742645263672,198897100
2025-11-11,NVDA,192.69833374023438,176483300
2025-11-12,NVDA,193.3367919921875,154935300
2025-11-13,NVDA,186.41339111328125,207423100
2025-11-14,NVDA,189.71546936035156,186591900
2025-11-17,NVDA,186.15402221679688,173628900
2025-11-18,NVDA,180.92652893066406,213598900
2025-11-19,NVDA,186.07420349121094,247246400
2025-11-20,NVDA,180.208251953125,343504800
2025-11-21,NVDA,178.4524688720703,346926200
2025-11-24,NVDA,182.1136932373047,256618300
2025-11-25,NVDA,177.39500427246094,320600300
2025-11-26,NVDA,179.8291473388672,183852000
2025-11-28,NVDA,176.5769500732422,121332800
2025-12-01,NVDA,179.48997497558594,188131000
2025-12-02,NVDA,181.02630615234375,182632200
2025-12-03,NVDA,179.16078186035156,165138000
2025-12-04,NVDA,182.95188903808594,167364900
2025-12-05,NVDA,181.98416137695312,143971100
2025-12-08,NVDA,185.11683654785156,204378100
2025-12-09,NVDA,184.53817749023438,144719700
2025-12-10,NVDA,183.35096740722656,162785400
2025-12-11,NVDA,180.50759887695312,182136600
2025-12-12,NVDA,174.6114044189453,204274900
2025-12-15,NVDA,175.87841796875,164775600
2025-12-16,NVDA,177.3050994873047,148588100
2025-12-17,NVDA,170.54092407226562,222775500
2025-12-18,NVDA,173.73345947265625,176096000
2025-12-19,NVDA,180.56748962402344,324925900
2025-12-22,NVDA,183.26116943359375,129064400
2025-12-23,NVDA,188.76829528808594,174873600
2025-12-24,NVDA,188.169677734375,65528500
2025-12-26,NVDA,190.085205078125,139740300
2025-12-29,NVDA,187.7805938720703,120006100
2025-12-30,NVDA,187.1021728515625,97687300
2025-12-31,NVDA,186.06460571289062,120100500
2026-01-02,NVDA,188.4091339111328,148240500
2026-01-05,NVDA,187.6808319091797,183529700
2026-01-06,NVDA,186.80288696289062,176862600
2026-01-07,NVDA,188.66851806640625,153543200
2026-01-08,NVDA,184.60800170898438,172457000
2026-01-09,NVDA,184.42843627929688,131327500
2026-01-12,NVDA,184.5082550048828,137968500
2026-01-13,NVDA,185.376220703125,160128900
2026-01-14,NVDA,182.7124481201172,159586100
2026-01-15,NVDA,186.61331176757812,206188600
2026-01-16,NVDA,185.79522705078125,187967200
2026-01-20,NVDA,177.654296875,223345300
2026-01-21,NVDA,182.8920440673828,200381000
2026-01-22,NVDA,184.40847778320312,139636600
2026-01-23,NVDA,187.23187255859375,142748100
2026-01-26,NVDA,186.03468322753906,124799600
2026-01-27,NVDA,188.07989501953125,143711600
2026-01-28,NVDA,191.0728759765625,148552700
2026-01-29,NVDA,192.06057739257812,171764400
2026-01-30,NVDA,190.68380737304688,179489500
2026-02-02,NVDA,185.1766815185547,165794100
2026-02-03,NVDA,179.91897583007812,204019600
2026-02-04,NVDA,173.78335571289062,207014100
2026-02-05,NVDA,171.47874450683594,206312900
2026-02-06,NVDA,184.97715759277344,231346200
2026-02-09,NVDA,189.59634399414062,196387400
2026-02-10,NVDA,188.09983825683594,136764800
2026-02-11,NVDA,189.60633850097656,144192700
2026-02-12,NVDA,186.5035858154297,189932500
2026-02-13,NVDA,182.38320922851562,161888000
2026-02-17,NVDA,184.53817749023438,162276900
2026-02-18,NVDA,187.5411376953125,164749100
2026-02-19,NVDA,187.46133422851562,126554500
2026-02-20,NVDA,189.3768768310547,178422300
2026-02-23,NVDA,191.10281372070312,171584800
2026-02-24,NVDA,192.39979553222656,175123600
2026-02-25,NVDA,195.10345458984375,250637100
2026-02-26,NVDA,184.45835876464844,360807900
2026-02-27,NVDA,176.77635192871094,311636500
2026-03-02,NVDA,182.0540008544922,209095300
2026-03-03,NVDA,179.62965393066406,178099400
2026-03-04,NVDA,182.61268615722656,177731200
2026-03-05,NVDA,182.91197204589844,198779700
2026-03-06,NVDA,177.40489196777344,189021900
2026-03-09,NVDA,182.2235870361328,177213600
2026-03-10,NVDA,184.33863830566406,179118500
2026-03-11,NVDA,185.60574340820312,145280400
2026-03-12,NVDA,182.72235107421875,155762700
2026-03-13,NVDA,179.83892822265625,160988400
2026-03-16,NVDA,182.8021697998047,217307400
2026-03-17,NVDA,181.5150909423828,182497800
2026-03-18,NVDA,179.98858642578125,156683100
2026-03-19,NVDA,178.1527862548828,170968500
2026-03-20,NVDA,172.30613708496094,241323500
2026-03-23,NVDA,175.23944091796875,182836300
2026-03-24,NVDA,174.80044555664062,147667800
2026-03-25,NVDA,178.2725067138672,162602100
2026-03-26,NVDA,170.8494873046875,186152200
2026-03-27,NVDA,167.13795471191406,196212700
2026-03-30,NVDA,164.79331970214844,185627000
2026-03-31,NVDA,174.0022735595703,226181300
2026-04-01,NVDA,175.3491973876953,168132000
2026-04-02,NVDA,176.98544311523438,143143200
2026-04-06,NVDA,177.23487854003906,107564300
2026-04-07,NVDA,177.69383239746094,132534900
2026-04-08,NVDA,181.66476440429688,147732700
2026-04-09,NVDA,183.49058532714844,116428500
2026-04-10,NVDA,188.1998291015625,160459500
2026-04-13,NVDA,188.87826538085938,133648200
2026-04-14,NVDA,196.0618438720703,161307000
2026-04-15,NVDA,198.41647338867188,185338400
2026-04-16,NVDA,197.8976593017578,134012900
2026-04-17,NVDA,201.2200469970703,160324400
2026-04-20,NVDA,201.59918212890625,119381400
2026-04-21,NVDA,199.42417907714844,107945300
2026-04-22,NVDA,202.03819274902344,107501000
2026-04-23,NVDA,199.18470764160156,113561800
2026-04-24,NVDA,207.79502868652344,214134400
2026-04-27,NVDA,216.1160125732422,187172400
2026-04-28,NVDA,212.68385314941406,180275400
2026-04-29,NVDA,208.77279663085938,123711800
2026-04-30,NVDA,199.11488342285156,225239200
2026-05-01,NVDA,197.99742126464844,128647000
2026-05-04,NVDA,198.02734375,125368100
2026-05-05,NVDA,196.05186462402344,113406600
2026-05-06,NVDA,207.3560333251953,188362800
2026-05-07,NVDA,211.01766967773438,168307900
2026-05-08,NVDA,214.709228515625,136421400
2026-05-11,NVDA,218.93955993652344,160685800
2026-05-12,NVDA,220.27650451660156,159176600
2026-05-13,NVDA,225.3149871826172,150405400
2026-05-14,NVDA,235.202392578125,180782900
2026-05-15,NVDA,224.80616760253906,180977600
2026-05-18,NVDA,221.81300354003906,146280900
2026-05-19,NVDA,220.1068878173828,140948200
2026-05-20,NVDA,222.9603729248047,184201600
2026-05-21,NVDA,219.0093994140625,203381800
2026-05-22,NVDA,214.83892822265625,169275700
2026-05-26,NVDA,214.37001037597656,187202600
2026-05-27,NVDA,212.1151580810547,167601200
2026-05-28,NVDA,213.76138305664062,143996000
2026-05-29,NVDA,210.6584930419922,289410600
2026-06-01,NVDA,223.8483428955078,212850700
2026-06-02,NVDA,222.3118438720703,193362900
2026-06-03,NVDA,214.26025390625,160907000
2026-06-04,NVDA,218.4156036376953,169022200
2026-06-05,NVDA,204.87075805664062,219655500
2026-06-08,NVDA,208.40679931640625,138372800
2026-06-09,NVDA,207.95730590820312,180962500
2026-06-10,NVDA,200.19598388671875,161746600
2026-06-11,NVDA,204.64100646972656,158643200
2026-06-12,NVDA,204.96066284179688,112001800
2026-06-15,NVDA,212.21253967285156,149936700
2026-06-16,NVDA,207.1781768798828,125694100
2026-06-17,NVDA,204.42124938964844,128363500
2026-06-18,NVDA,210.4545135498047,241272000
2026-06-22,NVDA,208.41677856445312,122041400
2026-06-23,NVDA,199.81640625,153496200
2026-06-24,NVDA,198.77757263183594,151810700
2026-06-25,NVDA,195.52122497558594,149550000
2026-06-26,NVDA,192.31480407714844,179304100
2026-06-29,NVDA,194.7520751953125,148835700
2026-06-30,NVDA,199.86634826660156,166476700
2026-07-01,NVDA,197.35916137695312,146147600
2026-07-02,NVDA,194.61224365234375,142068700
2026-07-06,NVDA,195.33143615722656,108999000
2026-07-07,NVDA,196.7098846435547,124154600
2026-07-08,NVDA,203.891845703125,147419100
2026-07-09,NVDA,202.5533447265625,132037400
2026-07-10,NVDA,210.72421264648438,148421000
2026-07-13,NVDA,203.30250549316406,121411000
2026-07-14,NVDA,211.5632781982422,124379600
2026-07-15,NVDA,212.26248168945312,124797200
2026-07-16,NVDA,207.16818237304688,122986100
2026-07-17,NVDA,202.58331298828125,144281900
2026-07-20,NVDA,203.05279541015625,88701500
2026-07-21,NVDA,207.0583038330078,108685600
2026-07-22,NVDA,211.82298278808594,137645600
2026-07-23,NVDA,208.5266571044922,110505300
2026-07-24,NVDA,206.6088104248047,114836800
2026-07-27,NVDA,196.2903594970703,154353700
2026-07-28,NVDA,196.789794921875,134111500
2026-07-29,NVDA,189.79762268066406,147680800
2026-07-30,NVDA,194.82199096679688,129010200
2026-07-31,NVDA,200.52561950683594,139961200
2026-08-03,NVDA,206.40904235839844,128406900
2026-08-04,NVDA,211.70310974121094,134922000
2026-08-05,NVDA,218.9749755859375,158187400
2026-08-06,NVDA,218.7452392578125,113940600
2026-08-07,NVDA,223.70968627929688,105669400
2026-08-10,NVDA,217.3068389892578,115846600
2026-08-11,NVDA,217.25689697265625,101273100
2026-08-12,NVDA,223.8395233154297,108783600
2026-08-13,NVDA,225.04818725585938,98867200
2026-08-14,NVDA,224.90834045410156,75680900
2026-08-17,NVDA,224.7584991455078,93678700
2026-08-18,NVDA,219.49440002441406,103128200
2026-08-19,NVDA,217.31683349609375,96797300
2026-08-20,NVDA,216.60763549804688,92457000
2026-08-21,NVDA,214.48001098632812,98869300
2026-08-24,NVDA,208.24697875976562,135187300
2026-08-25,NVDA,212.81187438964844,122309000
2026-08-26,NVDA,209.4256591796875,179900000
2026-08-27,NVDA,227.7251739501953,298909800
2026-08-28,NVDA,217.3068389892578,195116400
2026-08-31,NVDA,220.53323364257812,124702700
2026-09-01,NVDA,217.1969757080078,109756200
2026-09-02,NVDA,224.1591796875,157104700
2026-09-03,NVDA,228.1946563720703,134681600
2026-09-04,NVDA,230.10252380371094,135352400
2026-09-08,NVDA,225.47769165039062,122965600
2026-09-09,NVDA,223.4199981689453,82955500
2026-09-10,NVDA,218.36000061035156,105768000
2026-09-11,NVDA,218.2899932861328,89060100
2026-09-14,NVDA,210.9600067138672,132267200
2026-09-15,NVDA,212.1699981689453,88059700
